<?xml version='1.0' encoding='UTF-8'?>
<files xsi:schemaLocation="http://easy.dans.knaw.nl/schemas/bag/metadata/files/ http://easy.dans.knaw.nl/schemas/bag/metadata/files/files.xsd" xmlns:xsi="http://www.w3.org/2001/XMLSchema-instance" xmlns="http://easy.dans.knaw.nl/schemas/bag/metadata/files/" xmlns:afm="http://easy.dans.knaw.nl/schemas/bag/metadata/afm/" xmlns:dct="http://purl.org/dc/terms/">
    <file filepath="data/dat/p1108.frq">
        <!--original/dat/p1108.frq-->
        <dct:identifier>easy-file:1342921</dct:identifier>
        <dct:title>p1108.frq</dct:title>
        <dct:format>text/plain</dct:format>
        <dct:extent>0.5MB</dct:extent>
        
        <accessibleToRights>ANONYMOUS</accessibleToRights>
        <visibleToRights>ANONYMOUS</visibleToRights>
        
        
      </file><file filepath="data/dat/p1108.por">
        <!--original/dat/p1108.por-->
        <dct:identifier>easy-file:1342925</dct:identifier>
        <dct:title>p1108.por</dct:title>
        <dct:format>text/plain</dct:format>
        <dct:extent>2.4MB</dct:extent>
        
        <accessibleToRights>ANONYMOUS</accessibleToRights>
        <visibleToRights>ANONYMOUS</visibleToRights>
        
        
      </file><file filepath="data/dat/p1108.pdf">
        <!--original/dat/p1108.pdf-->
        <dct:identifier>easy-file:1342923</dct:identifier>
        <dct:title>p1108.pdf</dct:title>
        <dct:format>application/pdf</dct:format>
        <dct:extent>1.9MB</dct:extent>
        
        <accessibleToRights>ANONYMOUS</accessibleToRights>
        <visibleToRights>ANONYMOUS</visibleToRights>
        
        
      </file><file filepath="data/additional-metadata-P1108.xml">
        <!--original/additional-metadata-P1108.xml-->
        <dct:identifier>easy-file:3933988</dct:identifier>
        <dct:title>additional-metadata-P1108.xml</dct:title>
        <dct:format>text/xml</dct:format>
        <dct:extent>0.0MB</dct:extent>
        
        <accessibleToRights>ANONYMOUS</accessibleToRights>
        <visibleToRights>ANONYMOUS</visibleToRights>
        
        
      </file><file filepath="data/dat/p1108.dic">
        <!--original/dat/p1108.dic-->
        <dct:identifier>easy-file:1342922</dct:identifier>
        <dct:title>p1108.dic</dct:title>
        <dct:format>text/plain</dct:format>
        <dct:extent>0.3MB</dct:extent>
        
        <accessibleToRights>ANONYMOUS</accessibleToRights>
        <visibleToRights>ANONYMOUS</visibleToRights>
        
        
      </file><file filepath="data/dat/p1108.doc">
        <!--original/dat/p1108.doc-->
        <dct:identifier>easy-file:1342924</dct:identifier>
        <dct:title>p1108.doc</dct:title>
        <dct:format>text/plain</dct:format>
        <dct:extent>0.0MB</dct:extent>
        
        <accessibleToRights>ANONYMOUS</accessibleToRights>
        <visibleToRights>ANONYMOUS</visibleToRights>
        
        
      </file>
    </files>