<?xml version='1.0' encoding='UTF-8'?>
<emd:easymetadata emd:version="0.1" xmlns:emd="http://easy.dans.knaw.nl/easy/easymetadata/" xmlns:eas="http://easy.dans.knaw.nl/easy/easymetadata/eas/" xmlns:dct="http://purl.org/dc/terms/" xmlns:dc="http://purl.org/dc/elements/1.1/" xmlns:xsi="http://www.w3.org/2001/XMLSchema-instance" xmlns:foxml="info:fedora/fedora-system:def/foxml#">
  <emd:title>
    <dc:title>Culturele Veranderingen in Nederland 1981 - CV'81</dc:title>
    <dc:title>Cultural changes in the Netherlands 1981 - CV'81</dc:title>
  </emd:title>
  <emd:creator>
    <eas:creator>
      <eas:initials>J.W.</eas:initials>
      <eas:surname>Becker</eas:surname>
      <eas:organization>Sociaal en Cultureel Planbureau, SCP * Den Haag (primary investigator)</eas:organization>
      <eas:entityId eas:scheme="DAI">068409176</eas:entityId>
    </eas:creator>
  </emd:creator>
  <emd:subject>
    <dc:subject>political science</dc:subject>
    <dc:subject>living conditions</dc:subject>
    <dc:subject>massmedia</dc:subject>
    <dc:subject>politics, internal</dc:subject>
    <dc:subject>personality</dc:subject>
    <dc:subject>health</dc:subject>
    <dc:subject>family life</dc:subject>
    <dc:subject>economy</dc:subject>
    <dc:subject>welfare</dc:subject>
    <dc:subject>stratification</dc:subject>
    <dc:subject>law</dc:subject>
    <dc:subject>energy</dc:subject>
    <dc:subject>trade unions</dc:subject>
    <dc:subject>discrimination</dc:subject>
    <dc:subject>women</dc:subject>
    <dc:subject>environment</dc:subject>
    <dc:subject>crime</dc:subject>
  </emd:subject>
  <emd:description>
    <dc:description>Trend study of changes in general opinion and attitudes of ( parts of ) the Dutch population.

Willingness to offer income for a shorter working-week / job pleasure, worries, future / satisfaction with present life / importance of and satisfaction with work and leisure / media exposure concerning news and politics / average time of watching tv / subscription to national newspaper / reading about crime in newspaper / present society, welfare and role of government / government should have more or less money for financing facilities / government measures concerning education/ low income groups/ housing/ pollution/ art/ married women/ ( foreign ) labourers/ young people / government spendings should increase or decrease / personal life worries/ fears/ loneliness and senselessness / satisfaction with housing/ health/ future/ marriage/ happiness/ income / economic situation, wages, social securities / abuse of social securities / income property differences and workers' participation / profits of commercial organizations / equal opportunities / opinions concerning elementary and secondary school / civil rights / view of life / religion / politics, school/ social organizations / important things in life / society transparency/ information about duties and rights/ just treatment / order and safety, crime / democratization and participation / taxes / demonstrations, strikes, squatting, police behaviour / nuclear energy and nuclear plants / energy problem / contrasting groups in society / measures for commercial organizations making losses firing personnel/ firing management/ cutting down wages/ state aid / influence of labour unions / political interest and participation / working mothers housekeeping / euthanasia / type of person that should get a house, be fired, be promoted first / married, unmarried/ foreign, Dutch/ young, old/ someone from Surinam, Dutch/ white, non-white/ big family, small family / non-whites as neighbours/ as colleagues/ at school / items on which respondent would cut down government spendings. Background variables: basic characteristics/ residence/ household characteristics/ occupation/employment/ income/capital assets/ education/ social class/ politics/ religion/ readership, mass media, and 'cultural' exposure/ organizational membership.   

The data- and documentation files of this dataset can be downloaded via the option Data Files.</dc:description>
  </emd:description>
  <emd:contributor>
    <eas:contributor>
      <eas:organization>Sociaal en Cultureel Planbureau, SCP * Den Haag (research initiator)</eas:organization>
      <eas:entityId eas:scheme="DAI"/>
    </eas:contributor>
    <eas:contributor>
      <eas:organization>Nederlands Instituut voor Publieke Opinie en marktonderzoek, NIPO * Amsterdam, The Netherlands (data collector)</eas:organization>
      <eas:entityId eas:scheme="DAI"/>
    </eas:contributor>
  </emd:contributor>
  <emd:date>
    <dct:created>1981-08-01 to 1981-10-31</dct:created>
    <eas:created eas:scheme="W3CDTF" eas:format="YEAR">1981-01-01T00:00:00.000+01:00</eas:created>
    <eas:available eas:scheme="W3CDTF" eas:format="DAY">2009-10-02T00:00:00.000+02:00</eas:available>
  </emd:date>
  <emd:format/>
  <emd:identifier>
    <dc:identifier eas:scheme="AIP_ID">twips.dans.knaw.nl-2171394156737001677-1173179893139</dc:identifier>
    <dc:identifier eas:scheme="PID" eas:identification-system="http://www.persistent-identifier.nl">urn:nbn:nl:ui:13-kqw-7q5</dc:identifier>
    <dc:identifier eas:scheme="DOI" eas:identification-system="http://dx.doi.org">10.17026/dans-x9p-uabn</dc:identifier>
    <dc:identifier>STAR: P0742</dc:identifier>
    <dc:identifier eas:scheme="DMO_ID">easy-dataset:32613</dc:identifier>
  </emd:identifier>
  <emd:source/>
  <emd:language>
    <dc:language eas:schemeId="common.dc.language" eas:scheme="ISO 639">dut/nld</dc:language>
  </emd:language>
  <emd:relation>
    <eas:relation eas:emphasis="true">
      <eas:subject-title>DANS EASY Online analysis tool</eas:subject-title>
      <eas:subject-link>http://nesstar.dans.knaw.nl</eas:subject-link>
    </eas:relation>
    <eas:relation>
      <eas:subject-title>Gesthuizen, Maurice; Peer Scheepers; Mieke Verloo; Support for the discrimination of women on the labour market in the Netherlands: : Individual and contextual characteristics; 2002; The Netherlands' Journal Of Social Sciences; 38; 1; pages p.48-64</eas:subject-title>
    </eas:relation>
    <eas:relation>
      <eas:subject-title>Scheepers, Peer; Jacques Janssen; Informele aspecten van sociaal kapitaal. Ontwikkelingen in Nederland 1970-1998; 2001; Mens en Maatschappij; 76; 3; pages p. 183-201</eas:subject-title>
    </eas:relation>
    <eas:relation>
      <eas:subject-title>Castenmiller, P.; Participatie in beweging : Ontwikkelingen in politieke participatie in Nederland; 1988; Rijswijk; Sociaal en Cultureel Planbureau; 90 377 00 01 2; pages 204 pp.</eas:subject-title>
    </eas:relation>
    <eas:relation>
      <eas:subject-title>Nas, M; Dekker, P.; Hemmers, C.; Maatschappelijke organisaties, publieke opinie en milieu; 1997; Den Haag; VUGA; 90 5250 927 1; pages 160</eas:subject-title>
    </eas:relation>
    <eas:relation>
      <eas:subject-title>Sociaal en Cultureel Planbureau; Sociale en culturele verkenningen 1997; 1997; Den Haag; VUGA; 90 5749 103 6; pages 168</eas:subject-title>
    </eas:relation>
    <eas:relation>
      <eas:subject-title>Gijsberts, M.; Culturele Veranderingen : Het wegen waard; 1993; Rijswijk; Sociaal en Cultureel Planbureau, SCP; pages 100 pp.</eas:subject-title>
    </eas:relation>
    <eas:relation>
      <eas:subject-title>Knulst, W.P.; Van vaudeville tot video; 1989; Rijswijk; SCP</eas:subject-title>
    </eas:relation>
    <eas:relation>
      <eas:subject-title>Praag, C.S. van; Vooroordeel tegenover etnische minderheden : Resultaten van Nederlands opinieonderzoek; 1983; Rijswijk; Sociaal en Cultureel Planbureau, SCP; 90 346 0199 4; pages 106 pp.</eas:subject-title>
    </eas:relation>
    <eas:relation>
      <eas:subject-title>Bootsma, H.G.; The influence of a work oriented lifestyle on residential locationchoice of couples; 1994; Amsterdam; Postdoctorale Onderzoeksopleiding Demografie ( PDOD ); pages 16 pp.</eas:subject-title>
    </eas:relation>
    <eas:relation>
      <eas:subject-title>Bootsma, H.G.; Influence of a work-oriented life style on residential locationchoice of couples; Delft; Delft University Press; Netherlands Journal of Housing and the Built Environment; 0920-1580; 10; 1</eas:subject-title>
    </eas:relation>
    <eas:relation>
      <eas:subject-title>Michels, A.M.B.; Nederlandse politieke partijen en hun kiezers, 1970-1989; 1993; Enschede; TUT, Faculteit Bestuurskunde; 90-365-0616-6; pages 257 pp.</eas:subject-title>
    </eas:relation>
    <eas:relation>
      <eas:subject-title>Bronneman-Helmers, H.M.; Opinies over onderwijs : Opvattingen van de bevolking en van opinieleiders over onderwijs(-beleid); 1993; Rijswijk\; Den Haag; Sociaal en Cultureel Planbureau, SCP\; VUGA; 90-5250-602-7; pages 167 pp.</eas:subject-title>
    </eas:relation>
    <eas:relation>
      <eas:subject-title>Sociaal en Cultureel Planbureau, SCP; Sociaal en cultureel rapport 1994; 1994; Rijswijk\; Den Haag; Sociaal en Cultureel Planbureau, SCP\; VUGA; 90-5250-617-5; 0922-8772; pages 644 pp.</eas:subject-title>
    </eas:relation>
    <eas:relation>
      <eas:subject-title>Sociaal en Cultureel Planbureau; Sociaal en cultureel rapport 1996; September 1996; Den Haag; VUGA; 90 5250 920 4; pages 609 pp.</eas:subject-title>
    </eas:relation>
    <eas:relation>
      <eas:subject-title>Sociaal en Cultureel Planbureau; Sociale en culturele verkenningen 1998 Cahier; 1998; Den Haag; VUGA; 90 5749 113 3; pages 190</eas:subject-title>
    </eas:relation>
    <eas:relation>
      <eas:subject-title>Portegijs, Wil; Annemarie Boelens; Saskia Keuzekamp; Emancipatiemonitor 2002; Den Haag, Voorburg; SCP, CBS; 90-377-0110-8; SCP-publikatie 2002/13; 1569-4674</eas:subject-title>
    </eas:relation>
    <eas:relation eas:emphasis="true">
      <eas:subject-title>Thematische collectie: Culturele Veranderingen in Nederland (CV) en SCP Leefsituatie Index (SLI)</eas:subject-title>
      <eas:subject-link>http://dx.doi.org/10.17026/dans-zpa-9uwp</eas:subject-link>
    </eas:relation>
  </emd:relation>
  <emd:coverage>
    <dct:spatial>Netherlands</dct:spatial>
    <dct:temporal>1981</dct:temporal>
  </emd:coverage>
  <emd:rights>
    <dct:accessRights eas:schemeId="common.dcterms.accessrights">OPEN_ACCESS</dct:accessRights>
    <dct:license eas:scheme="EASY version 1">accept</dct:license>
    <dct:license>http://creativecommons.org/licenses/by/4.0</dct:license>
    <dct:rightsHolder>Sociaal en Cultureel Planbureau (SCP)</dct:rightsHolder>
  </emd:rights>
  <emd:audience>
    <dct:audience eas:schemeId="custom.disciplines">easy-discipline:42</dct:audience>
    <dct:audience eas:schemeId="custom.disciplines">easy-discipline:51</dct:audience>
  </emd:audience>
  <emd:other>
    <eas:application-specific>
      <eas:metadataformat>SOCIOLOGY</eas:metadataformat>
    </eas:application-specific>
    <eas:etc>
      <property-list>
        <comment>Synchronization of EasyII</comment>
        <entry key="conversion.date">2011-05-19T18:59:48.522Z</entry>
        <entry key="previous.collection-id">twips.dans.knaw.nl-2171394156737001677-1173179893139</entry>
        <entry key="nl.knaw.dans.easy.tools.task.am.dataset.AudienceCorrectorTask">2011-07-20T18:59:57.893+02:00</entry>
      </property-list>
    </eas:etc>
  </emd:other>
</emd:easymetadata>