<?xml version='1.0' encoding='UTF-8'?>
<files xsi:schemaLocation="http://easy.dans.knaw.nl/schemas/bag/metadata/files/ http://easy.dans.knaw.nl/schemas/bag/metadata/files/files.xsd" xmlns:xsi="http://www.w3.org/2001/XMLSchema-instance" xmlns="http://easy.dans.knaw.nl/schemas/bag/metadata/files/" xmlns:afm="http://easy.dans.knaw.nl/schemas/bag/metadata/afm/" xmlns:dct="http://purl.org/dc/terms/">
    <file filepath="data/dat/p0742.por">
        <!--original/dat/p0742.por-->
        <dct:identifier>easy-file:1401763</dct:identifier>
        <dct:title>p0742.por</dct:title>
        <dct:format>text/plain</dct:format>
        <dct:extent>1.8MB</dct:extent>
        
        <accessibleToRights>ANONYMOUS</accessibleToRights>
        <visibleToRights>ANONYMOUS</visibleToRights>
        
        
      </file><file filepath="data/dat/p0742.pdf">
        <!--original/dat/p0742.pdf-->
        <dct:identifier>easy-file:1401762</dct:identifier>
        <dct:title>p0742.pdf</dct:title>
        <dct:format>application/pdf</dct:format>
        <dct:extent>1.9MB</dct:extent>
        
        <accessibleToRights>ANONYMOUS</accessibleToRights>
        <visibleToRights>ANONYMOUS</visibleToRights>
        
        
      </file><file filepath="data/dat/p0742.dat">
        <!--original/dat/p0742.dat-->
        <dct:identifier>easy-file:1401765</dct:identifier>
        <dct:title>p0742.dat</dct:title>
        <dct:format>text/plain</dct:format>
        <dct:extent>1.6MB</dct:extent>
        
        <accessibleToRights>ANONYMOUS</accessibleToRights>
        <visibleToRights>ANONYMOUS</visibleToRights>
        
        
      </file><file filepath="data/additional-metadata-P0742.xml">
        <!--original/additional-metadata-P0742.xml-->
        <dct:identifier>easy-file:3933978</dct:identifier>
        <dct:title>additional-metadata-P0742.xml</dct:title>
        <dct:format>text/xml</dct:format>
        <dct:extent>0.0MB</dct:extent>
        
        <accessibleToRights>ANONYMOUS</accessibleToRights>
        <visibleToRights>ANONYMOUS</visibleToRights>
        
        
      </file><file filepath="data/dat/p0742.cmd">
        <!--original/dat/p0742.cmd-->
        <dct:identifier>easy-file:1401764</dct:identifier>
        <dct:title>p0742.cmd</dct:title>
        <dct:format>text/plain</dct:format>
        <dct:extent>0.1MB</dct:extent>
        
        <accessibleToRights>ANONYMOUS</accessibleToRights>
        <visibleToRights>ANONYMOUS</visibleToRights>
        
        
      </file>
    </files>