<?xml version="1.0" encoding="UTF-8"?>
<ddm:DDM xsi:schemaLocation="http://schemas.dans.knaw.nl/dataset/ddm-v2/ https://schemas.dans.knaw.nl/md/ddm/v2/ddm.xsd" xmlns:id-type="http://easy.dans.knaw.nl/schemas/vocab/identifier-type/" xmlns:ddm="http://schemas.dans.knaw.nl/dataset/ddm-v2/" xmlns:abr="http://www.den.nl/standaard/166/Archeologisch-Basisregister/" xmlns:gml="http://www.opengis.net/gml" xmlns:dcx-gml="http://easy.dans.knaw.nl/schemas/dcx/gml/" xmlns:dcx-dai="http://easy.dans.knaw.nl/schemas/dcx/dai/" xmlns:dct="http://purl.org/dc/terms/" xmlns:xsi="http://www.w3.org/2001/XMLSchema-instance" xmlns:dc="http://purl.org/dc/elements/1.1/">
     <ddm:profile>
        
       <dc:title>Culturele Veranderingen in Nederland 1989 - CV'89</dc:title>
       <dct:description>Conditions for shorter working hours: income versus leisure / working conditions, quality of job / doing volunteer work / satisfaction with social position / leisure activities, holidays / social contacts / level of government expenditures for public facilities and subsidies / personal problems, fears, loneliness / expected developments with respect to the economy, employment and incomes / judgement of own financial position / desired development of wages and benefits / evaluation of various social security benefits, rights and obligations of persons drawing benefits, responsibility of unions to them / justice of actual income differences, including level of benefits / expected and desired developments / justice of differences of property / freedom of speech and protest / wish to increase the participation by citizens, students, pupils and their parents / honesty in social life / left-right self-rating / political interest, preference and participation / political efficacy, confidence in politicians / preference denominational or state school, separation of religion and politics, social organizations / satisfaction with society / housing situation, satisfaction with housing and neighbourhood / satisfaction with family life / possession of durables / recent far reaching events in r.'s life / health condition: deceases, illness, use of medicines / making use of institutions for social, medical or legal assistance / satisfaction with life, happiness / what groups or individuals are most entitled to a vacant dwelling: married people or single, Dutch or foreign, young or old, Dutch or Surinamese, single man or single woman, white or coloured, with or without children / what groups are first to be dismissed / first to get a promotion at work / objections against immigrant neighbours, colleagues, immigrant children in class with r's child / attitude to new advanced technologies, being involved with new technologies, knowledge of new technology, confidence in technological developments / self administered questionnaire: wish to change time budget with respect to work, contacts with friends, family life, leisure, domestic work, rest / importance of having a payed job, work ethics / what qualities should determine the wage of an individual employee / employers versus employees, necessity of unions / desired qualities of job / worst consequences of being unemployed / desired type of job / responsibility of government for employment and the unemployed / if r unemployed: need for job, expectation to find a job / work ethics / income versus leisure / what qualities should determine the wage of an employee at r's work / quality of r's job / easiness to find other job / inter-personal relations at work / job satisfaction. Background variables: basic characteristics / residence / housing situation / household characteristics / characteristics of parental family / household / occupation / employment / income / capital assets / education / social class / politics / religion / consumption of durables / readership, mass media, and 'cultural' exposure / organizational membership.

The data- and documentation files of this dataset can be downloaded via the option Data Files.</dct:description>
       
       
       <dcx-dai:creatorDetails><dcx-dai:author>
        
        <dcx-dai:initials>J.W.</dcx-dai:initials>
        
        <dcx-dai:surname>Becker</dcx-dai:surname>
        
        
        <dcx-dai:DAI>info:eu-repo/dai/nl/068409176</dcx-dai:DAI>
        
        <dcx-dai:organization>
        <dcx-dai:name>Sociaal en Cultureel Planbureau, SCP * Den Haag</dcx-dai:name>
        
      </dcx-dai:organization>
      </dcx-dai:author> </dcx-dai:creatorDetails><dcx-dai:creatorDetails><dcx-dai:author>
        
        <dcx-dai:initials>A.N.</dcx-dai:initials>
        
        <dcx-dai:surname>Nauta</dcx-dai:surname>
        
        
        
        
        <dcx-dai:organization>
        <dcx-dai:name>Sociaal en Cultureel Planbureau, SCP * Den Haag (primary investigator)</dcx-dai:name>
        
      </dcx-dai:organization>
      </dcx-dai:author> </dcx-dai:creatorDetails>
       <ddm:created>1989-11-30</ddm:created>
       <ddm:available>2009-10-04</ddm:available>
       <ddm:audience>D60000</ddm:audience><ddm:audience>D61000</ddm:audience>
       <ddm:accessRights>OPEN_ACCESS</ddm:accessRights>
     
        <ddm:personalData present="Unknown"/>
      </ddm:profile>
     <ddm:dcmiMetadata><dc:title>Cultural changes in the Netherlands 1989 - CV'89</dc:title>
       <dct:identifier xsi:type="id-type:EASY1">twips.dans.knaw.nl--6914313663316955177-1173953417304</dct:identifier><dct:identifier xsi:type="id-type:URN">urn:nbn:nl:ui:13-1d5-zev</dct:identifier><dct:identifier xsi:type="id-type:DOI">10.17026/dans-zzk-b6s5</dct:identifier><dct:identifier>STAR: P1052</dct:identifier><dct:identifier xsi:type="id-type:EASY2">easy-dataset:31801</dct:identifier>
       
       
       
       
       
       
       <ddm:relation href="http://194.171.144.69/webview/?v=2&amp;mode=documentation&amp;submode=abstract&amp;study=http%3A%2F%2Fnesstar01.dans.knaw.nl%3A80%2Fobj%2FfStudy%2FP1052&amp;top=yes">DANS EASY Online analysis tool</ddm:relation><ddm:relation>Gesthuizen, Maurice; Peer Scheepers; Mieke Verloo; Support for the discrimination of women on the labour market in the Netherlands: : Individual and contextual characteristics; 2002; The Netherlands' Journal Of Social Sciences; 38; 1; pages p.48-64</ddm:relation><ddm:relation>Scheepers, Peer; Jacques Janssen; Informal aspects of social capital: developments in the Netherlands' Journal 1970-1998; 2003; The Netherlands'Journal of Social Sciences; 39; 2</ddm:relation><ddm:relation>Scheepers, Peer; Jacques Janssen; Informele aspecten van sociaal kapitaal. Ontwikkelingen in Nederland 1970-1998; 2001; Mens en Maatschappij; 76; 3; pages p. 183-201</ddm:relation><ddm:relation>Nas, M; Dekker, P.; Hemmers, C.; Maatschappelijke organisaties, publieke opinie en milieu; 1997; Den Haag; VUGA; 90 5250 927 1; pages 160</ddm:relation><ddm:relation>Sociaal en Cultureel Planbureau; Sociale en culturele verkenningen 1997; 1997; Den Haag; VUGA; 90 5749 103 6; pages 168</ddm:relation><ddm:relation>Gijsberts, M.; Culturele Veranderingen : Het wegen waard; 1993; Rijswijk; Sociaal en Cultureel Planbureau, SCP; pages 100 pp.</ddm:relation><ddm:relation>Sociaal en Cultureel Planbureau, SCP; Sociale en Culturele Verkenningen 1991; 1991; Rijswijk; Sociaal en Cultureel Planbureau, SCP; 90 5250 309 5; pages 94 pp.</ddm:relation><ddm:relation>Scheepers, P.; Coenders, M.; Trends in etnische discriminatie in Nederland 1980-1993; Justitiele Verkenningen; 22; 3</ddm:relation><ddm:relation>Sociaal en Cultureel Planbureau; Sociale en Culturele Verkenningen 1993; 1993; Rijswijk; Sociaal en Cultureel Planbureau; 90 5250 339 7; pages 147 pp.</ddm:relation><ddm:relation>Vollebergh, W.; Normen en waarden bij jongeren : Een vooronderzoek naar de invloed van school, gezin enleeftijdgenoten op de ontwikkeling van het maatschappelijk normbesefbij jongeren, rapport in opdracht van de Commissie Jeugdonderzoek ende Ministeries van VWS en O&amp;W; 1995; Utrecht; Rijksuniversiteit Utrecht, Vakgroep Jeugd, Gezin en Levensloop; pages 50 pp.</ddm:relation><ddm:relation>NIPO; Mosaic kent de consument achter elk adres : Informatie; Januari 1989; Amsterdam; NIPO; pages 43 pp.</ddm:relation><ddm:relation>Becker, J.W.; Reacties op werkloosheid; 1989; Rijswijk; Sociaal en Cultureel Planbureau, SCP; 90 377 0018 7; pages 186 pp.</ddm:relation><ddm:relation>Michels, A.M.B.; Nederlandse politieke partijen en hun kiezers, 1970-1989; 1993; Enschede; TUT, Faculteit Bestuurskunde; 90-365-0616-6; pages 257 pp.</ddm:relation><ddm:relation>Sociaal en Cultureel Planbureau, SCP; Sociale en culturele verkenningen 1989; 1988; Alphen aan den Rijn; Samsom; 90 14 03991 3; pages 56 pp.</ddm:relation><ddm:relation>Vlaardingen, F. van; Culturele veranderingen in Nederland 1989 : Kodeboek bij het door het Sociaal- en Cultureel Planbureauuitgevoerde onderzoek &quot;Culturele Veranderingen in Nederland 1989&quot;; 1991; Amsterdam; Steinmetzarchief / SWIDOC; 90-71684-22-9</ddm:relation><ddm:relation>Sociaal en Cultureel Planbureau, SCP; Sociaal en cultureel rapport 1994; 1994; Rijswijk\; Den Haag; Sociaal en Cultureel Planbureau, SCP\; VUGA; 90-5250-617-5; 0922-8772; pages 644 pp.</ddm:relation><ddm:relation>Sociaal en Cultureel Planbureau; Sociaal en cultureel rapport 1996; September 1996; Den Haag; VUGA; 90 5250 920 4; pages 609 pp.</ddm:relation><ddm:relation>Grotenhuis, M. te; Ontkerkelijking : Oorzaken en gevolgen van sociaal-culturele ontwikkelingenin Nederland; 1999; Nijmegen; Katholieke Universiteit Nijmegen\; Vakgroep Sociologie; 90 373 0472 9; pages 177</ddm:relation><ddm:relation>Sociaal en Cultureel Planbureau; Sociale en culturele verkenningen 1998 Cahier; 1998; Den Haag; VUGA; 90 5749 113 3; pages 190</ddm:relation><ddm:relation>Portegijs, Wil; Annemarie Boelens; Saskia Keuzekamp; Emancipatiemonitor 2002; Den Haag, Voorburg; SCP, CBS; 90-377-0110-8; SCP-publikatie 2002/13; 1569-4674</ddm:relation><ddm:relation href="http://dx.doi.org/10.17026/dans-zpa-9uwp">Thematische collectie: Culturele Veranderingen in Nederland (CV) en SCP Leefsituatie Index (SLI)</ddm:relation>
       
       <dcx-dai:contributorDetails><dcx-dai:organization>
        <dcx-dai:name>Sociaal en cultureel planbureau, SCP * Den Haag (research initiator)</dcx-dai:name>
        
      </dcx-dai:organization> </dcx-dai:contributorDetails><dcx-dai:contributorDetails><dcx-dai:organization>
        <dcx-dai:name>Nederlands instituut voor de publieke opinie en het marktonderzoek, NIPO * Amsterdam (data collector)</dcx-dai:name>
        
      </dcx-dai:organization> </dcx-dai:contributorDetails>
       <dct:rightsHolder>Sociaal en Cultureel Planbureau (SCP)</dct:rightsHolder>
       
       
       
       
       
       
       <dct:subject>sociology</dct:subject><dct:subject>living conditions</dct:subject><dct:subject>health</dct:subject><dct:subject>housing</dct:subject><dct:subject>welfare</dct:subject><dct:subject>work</dct:subject><dct:subject>employment</dct:subject><dct:subject>politics, internal</dct:subject><dct:subject>participation</dct:subject><dct:subject>discrimination</dct:subject><dct:subject>technology</dct:subject>
       
       <dct:spatial>Netherlands</dct:spatial><dct:spatial>Nederland</dct:spatial>
       <dct:temporal>1989</dct:temporal>
       <ddm:datesOfCollection>1989-08-01/1989-11-30</ddm:datesOfCollection>
       
       <dct:license xsi:type="dct:URI">http://creativecommons.org/licenses/by/4.0</dct:license>
       <ddm:language code="dut" encodingScheme="ISO639-2">nld</ddm:language>
       <dct:created>1989</dct:created>
     <ddm:inCollection subjectScheme="DANS Collection" valueURI="https://vocabularies.dans.knaw.nl/collections/ssh/7f899692-90b4-49d0-8a5f-891e73ae84c1" schemeURI="https://vocabularies.dans.knaw.nl/collections">Culturele Veranderingen in Nederland (CV) en SCP Leefsituatie Index (SLI)</ddm:inCollection><ddm:description descriptionType="SeriesInformation">
    Het Sociaal en Cultureel Planbureau (SCP) voert sinds 1975 (twee)jaarlijks het onderzoek Culturele Veranderingen in Nederland uit. De reeks bestaat inmiddels uit 30 onderzoeken en bevat zo’n 3500 variabelen en gegevens over meer dan 50.000 respondenten.

De onderzoeken Culturele Veranderingen in Nederland (CV) en SCP Leefsituatie Index (SLI) worden sinds 2004 tweejaarlijks gecombineerd uitgevoerd in samenwerking door het Sociaal Cultureel Planbureau (SCP) en het Centraal Bureau voor de Statistiek (CBS).

Doel van CV is vaststellen welke opvattingen “de Nederlander” heeft over samenleving en cultuur en hoe deze in de loop van de tijd zijn veranderd. Doel van SLI is het ontwikkelen van een indicator om de sociale leefsituatie van Nederland in kaart te brengen en het monitoren van de ontwikkeling van de sociale leefsituatie van de Nederlandse bevolking.

De onderzoeken liggen aan de basis van veel onderzoek uit het werkprogramma van het SCP. Door het CBS zullen de data vooral worden gebruikt ten behoeve van het speerpunt Sociale Samenhang.
  </ddm:description></ddm:dcmiMetadata>
   </ddm:DDM>