<?xml version='1.0' encoding='UTF-8'?>
<emd:easymetadata emd:version="0.1" xmlns:emd="http://easy.dans.knaw.nl/easy/easymetadata/" xmlns:eas="http://easy.dans.knaw.nl/easy/easymetadata/eas/" xmlns:dct="http://purl.org/dc/terms/" xmlns:dc="http://purl.org/dc/elements/1.1/" xmlns:xsi="http://www.w3.org/2001/XMLSchema-instance" xmlns:foxml="info:fedora/fedora-system:def/foxml#">
  <emd:title>
    <dc:title>Culturele Veranderingen in Nederland 1989 - CV'89</dc:title>
    <dc:title>Cultural changes in the Netherlands 1989 - CV'89</dc:title>
  </emd:title>
  <emd:creator>
    <eas:creator>
      <eas:initials>J.W.</eas:initials>
      <eas:surname>Becker</eas:surname>
      <eas:organization>Sociaal en Cultureel Planbureau, SCP * Den Haag</eas:organization>
      <eas:entityId eas:scheme="DAI">068409176</eas:entityId>
    </eas:creator>
    <eas:creator>
      <eas:initials>A.N.</eas:initials>
      <eas:surname>Nauta</eas:surname>
      <eas:organization>Sociaal en Cultureel Planbureau, SCP * Den Haag (primary investigator)</eas:organization>
      <eas:entityId eas:scheme="DAI"/>
    </eas:creator>
  </emd:creator>
  <emd:subject>
    <dc:subject>sociology</dc:subject>
    <dc:subject>living conditions</dc:subject>
    <dc:subject>health</dc:subject>
    <dc:subject>housing</dc:subject>
    <dc:subject>welfare</dc:subject>
    <dc:subject>work</dc:subject>
    <dc:subject>employment</dc:subject>
    <dc:subject>politics, internal</dc:subject>
    <dc:subject>participation</dc:subject>
    <dc:subject>discrimination</dc:subject>
    <dc:subject>technology</dc:subject>
  </emd:subject>
  <emd:description>
    <dc:description>Conditions for shorter working hours: income versus leisure / working conditions, quality of job / doing volunteer work / satisfaction with social position / leisure activities, holidays / social contacts / level of government expenditures for public facilities and subsidies / personal problems, fears, loneliness / expected developments with respect to the economy, employment and incomes / judgement of own financial position / desired development of wages and benefits / evaluation of various social security benefits, rights and obligations of persons drawing benefits, responsibility of unions to them / justice of actual income differences, including level of benefits / expected and desired developments / justice of differences of property / freedom of speech and protest / wish to increase the participation by citizens, students, pupils and their parents / honesty in social life / left-right self-rating / political interest, preference and participation / political efficacy, confidence in politicians / preference denominational or state school, separation of religion and politics, social organizations / satisfaction with society / housing situation, satisfaction with housing and neighbourhood / satisfaction with family life / possession of durables / recent far reaching events in r.'s life / health condition: deceases, illness, use of medicines / making use of institutions for social, medical or legal assistance / satisfaction with life, happiness / what groups or individuals are most entitled to a vacant dwelling: married people or single, Dutch or foreign, young or old, Dutch or Surinamese, single man or single woman, white or coloured, with or without children / what groups are first to be dismissed / first to get a promotion at work / objections against immigrant neighbours, colleagues, immigrant children in class with r's child / attitude to new advanced technologies, being involved with new technologies, knowledge of new technology, confidence in technological developments / self administered questionnaire: wish to change time budget with respect to work, contacts with friends, family life, leisure, domestic work, rest / importance of having a payed job, work ethics / what qualities should determine the wage of an individual employee / employers versus employees, necessity of unions / desired qualities of job / worst consequences of being unemployed / desired type of job / responsibility of government for employment and the unemployed / if r unemployed: need for job, expectation to find a job / work ethics / income versus leisure / what qualities should determine the wage of an employee at r's work / quality of r's job / easiness to find other job / inter-personal relations at work / job satisfaction. Background variables: basic characteristics / residence / housing situation / household characteristics / characteristics of parental family / household / occupation / employment / income / capital assets / education / social class / politics / religion / consumption of durables / readership, mass media, and 'cultural' exposure / organizational membership.

The data- and documentation files of this dataset can be downloaded via the option Data Files.</dc:description>
  </emd:description>
  <emd:contributor>
    <eas:contributor>
      <eas:organization>Sociaal en cultureel planbureau, SCP * Den Haag (research initiator)</eas:organization>
      <eas:entityId eas:scheme="DAI"/>
    </eas:contributor>
    <eas:contributor>
      <eas:organization>Nederlands instituut voor de publieke opinie en het marktonderzoek, NIPO * Amsterdam (data collector)</eas:organization>
      <eas:entityId eas:scheme="DAI"/>
    </eas:contributor>
  </emd:contributor>
  <emd:date>
    <dct:created>1989-08-01 to 1989-11-30</dct:created>
    <eas:created eas:scheme="W3CDTF" eas:format="YEAR">1989-01-01T00:00:00.000+01:00</eas:created>
    <eas:available eas:scheme="W3CDTF" eas:format="DAY">2009-10-04T00:00:00.000+02:00</eas:available>
  </emd:date>
  <emd:format/>
  <emd:identifier>
    <dc:identifier eas:scheme="AIP_ID">twips.dans.knaw.nl--6914313663316955177-1173953417304</dc:identifier>
    <dc:identifier eas:scheme="PID" eas:identification-system="http://www.persistent-identifier.nl">urn:nbn:nl:ui:13-1d5-zev</dc:identifier>
    <dc:identifier eas:scheme="DOI" eas:identification-system="http://dx.doi.org">10.17026/dans-zzk-b6s5</dc:identifier>
    <dc:identifier>STAR: P1052</dc:identifier>
    <dc:identifier eas:scheme="DMO_ID">easy-dataset:31801</dc:identifier>
  </emd:identifier>
  <emd:source/>
  <emd:language>
    <dc:language eas:schemeId="common.dc.language" eas:scheme="ISO 639">dut/nld</dc:language>
  </emd:language>
  <emd:relation>
    <eas:relation>
      <eas:subject-title>DANS EASY Online analysis tool</eas:subject-title>
      <eas:subject-link>http://194.171.144.69/webview/?v=2&amp;mode=documentation&amp;submode=abstract&amp;study=http%3A%2F%2Fnesstar01.dans.knaw.nl%3A80%2Fobj%2FfStudy%2FP1052&amp;top=yes</eas:subject-link>
    </eas:relation>
    <eas:relation>
      <eas:subject-title>Gesthuizen, Maurice; Peer Scheepers; Mieke Verloo; Support for the discrimination of women on the labour market in the Netherlands: : Individual and contextual characteristics; 2002; The Netherlands' Journal Of Social Sciences; 38; 1; pages p.48-64</eas:subject-title>
    </eas:relation>
    <eas:relation>
      <eas:subject-title>Scheepers, Peer; Jacques Janssen; Informal aspects of social capital: developments in the Netherlands' Journal 1970-1998; 2003; The Netherlands'Journal of Social Sciences; 39; 2</eas:subject-title>
    </eas:relation>
    <eas:relation>
      <eas:subject-title>Scheepers, Peer; Jacques Janssen; Informele aspecten van sociaal kapitaal. Ontwikkelingen in Nederland 1970-1998; 2001; Mens en Maatschappij; 76; 3; pages p. 183-201</eas:subject-title>
    </eas:relation>
    <eas:relation>
      <eas:subject-title>Nas, M; Dekker, P.; Hemmers, C.; Maatschappelijke organisaties, publieke opinie en milieu; 1997; Den Haag; VUGA; 90 5250 927 1; pages 160</eas:subject-title>
    </eas:relation>
    <eas:relation>
      <eas:subject-title>Sociaal en Cultureel Planbureau; Sociale en culturele verkenningen 1997; 1997; Den Haag; VUGA; 90 5749 103 6; pages 168</eas:subject-title>
    </eas:relation>
    <eas:relation>
      <eas:subject-title>Gijsberts, M.; Culturele Veranderingen : Het wegen waard; 1993; Rijswijk; Sociaal en Cultureel Planbureau, SCP; pages 100 pp.</eas:subject-title>
    </eas:relation>
    <eas:relation>
      <eas:subject-title>Sociaal en Cultureel Planbureau, SCP; Sociale en Culturele Verkenningen 1991; 1991; Rijswijk; Sociaal en Cultureel Planbureau, SCP; 90 5250 309 5; pages 94 pp.</eas:subject-title>
    </eas:relation>
    <eas:relation>
      <eas:subject-title>Scheepers, P.; Coenders, M.; Trends in etnische discriminatie in Nederland 1980-1993; Justitiele Verkenningen; 22; 3</eas:subject-title>
    </eas:relation>
    <eas:relation>
      <eas:subject-title>Sociaal en Cultureel Planbureau; Sociale en Culturele Verkenningen 1993; 1993; Rijswijk; Sociaal en Cultureel Planbureau; 90 5250 339 7; pages 147 pp.</eas:subject-title>
    </eas:relation>
    <eas:relation>
      <eas:subject-title>Vollebergh, W.; Normen en waarden bij jongeren : Een vooronderzoek naar de invloed van school, gezin enleeftijdgenoten op de ontwikkeling van het maatschappelijk normbesefbij jongeren, rapport in opdracht van de Commissie Jeugdonderzoek ende Ministeries van VWS en O&amp;W; 1995; Utrecht; Rijksuniversiteit Utrecht, Vakgroep Jeugd, Gezin en Levensloop; pages 50 pp.</eas:subject-title>
    </eas:relation>
    <eas:relation>
      <eas:subject-title>NIPO; Mosaic kent de consument achter elk adres : Informatie; Januari 1989; Amsterdam; NIPO; pages 43 pp.</eas:subject-title>
    </eas:relation>
    <eas:relation>
      <eas:subject-title>Becker, J.W.; Reacties op werkloosheid; 1989; Rijswijk; Sociaal en Cultureel Planbureau, SCP; 90 377 0018 7; pages 186 pp.</eas:subject-title>
    </eas:relation>
    <eas:relation>
      <eas:subject-title>Michels, A.M.B.; Nederlandse politieke partijen en hun kiezers, 1970-1989; 1993; Enschede; TUT, Faculteit Bestuurskunde; 90-365-0616-6; pages 257 pp.</eas:subject-title>
    </eas:relation>
    <eas:relation>
      <eas:subject-title>Sociaal en Cultureel Planbureau, SCP; Sociale en culturele verkenningen 1989; 1988; Alphen aan den Rijn; Samsom; 90 14 03991 3; pages 56 pp.</eas:subject-title>
    </eas:relation>
    <eas:relation>
      <eas:subject-title>Vlaardingen, F. van; Culturele veranderingen in Nederland 1989 : Kodeboek bij het door het Sociaal- en Cultureel Planbureauuitgevoerde onderzoek &quot;Culturele Veranderingen in Nederland 1989&quot;; 1991; Amsterdam; Steinmetzarchief / SWIDOC; 90-71684-22-9</eas:subject-title>
    </eas:relation>
    <eas:relation>
      <eas:subject-title>Sociaal en Cultureel Planbureau, SCP; Sociaal en cultureel rapport 1994; 1994; Rijswijk\; Den Haag; Sociaal en Cultureel Planbureau, SCP\; VUGA; 90-5250-617-5; 0922-8772; pages 644 pp.</eas:subject-title>
    </eas:relation>
    <eas:relation>
      <eas:subject-title>Sociaal en Cultureel Planbureau; Sociaal en cultureel rapport 1996; September 1996; Den Haag; VUGA; 90 5250 920 4; pages 609 pp.</eas:subject-title>
    </eas:relation>
    <eas:relation>
      <eas:subject-title>Grotenhuis, M. te; Ontkerkelijking : Oorzaken en gevolgen van sociaal-culturele ontwikkelingenin Nederland; 1999; Nijmegen; Katholieke Universiteit Nijmegen\; Vakgroep Sociologie; 90 373 0472 9; pages 177</eas:subject-title>
    </eas:relation>
    <eas:relation>
      <eas:subject-title>Sociaal en Cultureel Planbureau; Sociale en culturele verkenningen 1998 Cahier; 1998; Den Haag; VUGA; 90 5749 113 3; pages 190</eas:subject-title>
    </eas:relation>
    <eas:relation>
      <eas:subject-title>Portegijs, Wil; Annemarie Boelens; Saskia Keuzekamp; Emancipatiemonitor 2002; Den Haag, Voorburg; SCP, CBS; 90-377-0110-8; SCP-publikatie 2002/13; 1569-4674</eas:subject-title>
    </eas:relation>
    <eas:relation eas:emphasis="true">
      <eas:subject-title>Thematische collectie: Culturele Veranderingen in Nederland (CV) en SCP Leefsituatie Index (SLI)</eas:subject-title>
      <eas:subject-link>http://dx.doi.org/10.17026/dans-zpa-9uwp</eas:subject-link>
    </eas:relation>
  </emd:relation>
  <emd:coverage>
    <dct:spatial>Netherlands</dct:spatial>
    <dct:spatial>Nederland</dct:spatial>
    <dct:temporal>1989</dct:temporal>
  </emd:coverage>
  <emd:rights>
    <dct:accessRights eas:schemeId="common.dcterms.accessrights">OPEN_ACCESS</dct:accessRights>
    <dct:license eas:scheme="EASY version 1">accept</dct:license>
    <dct:license>http://creativecommons.org/licenses/by/4.0</dct:license>
    <dct:rightsHolder>Sociaal en Cultureel Planbureau (SCP)</dct:rightsHolder>
  </emd:rights>
  <emd:audience>
    <dct:audience eas:schemeId="custom.disciplines">easy-discipline:42</dct:audience>
    <dct:audience eas:schemeId="custom.disciplines">easy-discipline:51</dct:audience>
  </emd:audience>
  <emd:other>
    <eas:application-specific>
      <eas:metadataformat>SOCIOLOGY</eas:metadataformat>
    </eas:application-specific>
    <eas:etc>
      <property-list>
        <comment>Synchronization of EasyII</comment>
        <entry key="conversion.date">2011-05-19T11:26:35.978Z</entry>
        <entry key="previous.collection-id">twips.dans.knaw.nl--6914313663316955177-1173953417304</entry>
        <entry key="nl.knaw.dans.easy.tools.task.am.dataset.AudienceCorrectorTask">2011-07-20T18:54:31.501+02:00</entry>
      </property-list>
    </eas:etc>
  </emd:other>
</emd:easymetadata>