<?xml version='1.0' encoding='UTF-8'?>
<files xsi:schemaLocation="http://easy.dans.knaw.nl/schemas/bag/metadata/files/ http://easy.dans.knaw.nl/schemas/bag/metadata/files/files.xsd" xmlns:xsi="http://www.w3.org/2001/XMLSchema-instance" xmlns="http://easy.dans.knaw.nl/schemas/bag/metadata/files/" xmlns:afm="http://easy.dans.knaw.nl/schemas/bag/metadata/afm/" xmlns:dct="http://purl.org/dc/terms/">
    <file filepath="data/dat/p1052.por">
        <!--original/dat/p1052.por-->
        <dct:identifier>easy-file:1321989</dct:identifier>
        <dct:title>p1052.por</dct:title>
        <dct:format>text/plain</dct:format>
        <dct:extent>2.6MB</dct:extent>
        
        <accessibleToRights>ANONYMOUS</accessibleToRights>
        <visibleToRights>ANONYMOUS</visibleToRights>
        
        
      </file><file filepath="data/dat/p1052.frq">
        <!--original/dat/p1052.frq-->
        <dct:identifier>easy-file:1321992</dct:identifier>
        <dct:title>p1052.frq</dct:title>
        <dct:format>application/octet-stream</dct:format>
        <dct:extent>0.5MB</dct:extent>
        
        <accessibleToRights>ANONYMOUS</accessibleToRights>
        <visibleToRights>ANONYMOUS</visibleToRights>
        
        
      </file><file filepath="data/additional-metadata-P1052.xml">
        <!--original/additional-metadata-P1052.xml-->
        <dct:identifier>easy-file:3933984</dct:identifier>
        <dct:title>additional-metadata-P1052.xml</dct:title>
        <dct:format>text/xml</dct:format>
        <dct:extent>0.0MB</dct:extent>
        
        <accessibleToRights>ANONYMOUS</accessibleToRights>
        <visibleToRights>ANONYMOUS</visibleToRights>
        
        
      </file><file filepath="data/dat/p1052.dic">
        <!--original/dat/p1052.dic-->
        <dct:identifier>easy-file:1321993</dct:identifier>
        <dct:title>p1052.dic</dct:title>
        <dct:format>application/octet-stream</dct:format>
        <dct:extent>0.2MB</dct:extent>
        
        <accessibleToRights>ANONYMOUS</accessibleToRights>
        <visibleToRights>ANONYMOUS</visibleToRights>
        
        
      </file><file filepath="data/dat/p1052.pdf">
        <!--original/dat/p1052.pdf-->
        <dct:identifier>easy-file:1321990</dct:identifier>
        <dct:title>p1052.pdf</dct:title>
        <dct:format>application/pdf</dct:format>
        <dct:extent>3.7MB</dct:extent>
        
        <accessibleToRights>ANONYMOUS</accessibleToRights>
        <visibleToRights>ANONYMOUS</visibleToRights>
        
        
      </file><file filepath="data/dat/p1052.doc">
        <!--original/dat/p1052.doc-->
        <dct:identifier>easy-file:1321994</dct:identifier>
        <dct:title>p1052.doc</dct:title>
        <dct:format>application/octet-stream</dct:format>
        <dct:extent>0.0MB</dct:extent>
        
        <accessibleToRights>ANONYMOUS</accessibleToRights>
        <visibleToRights>ANONYMOUS</visibleToRights>
        
        
      </file><file filepath="data/dat/p1052.lab">
        <!--original/dat/p1052.lab-->
        <dct:identifier>easy-file:1321995</dct:identifier>
        <dct:title>p1052.lab</dct:title>
        <dct:format>application/octet-stream</dct:format>
        <dct:extent>0.0MB</dct:extent>
        
        <accessibleToRights>ANONYMOUS</accessibleToRights>
        <visibleToRights>ANONYMOUS</visibleToRights>
        
        
      </file>
    </files>