<?xml version="1.0" encoding="UTF-8"?>
<ddm:DDM xsi:schemaLocation="http://schemas.dans.knaw.nl/dataset/ddm-v2/ https://schemas.dans.knaw.nl/md/ddm/v2/ddm.xsd" xmlns:id-type="http://easy.dans.knaw.nl/schemas/vocab/identifier-type/" xmlns:ddm="http://schemas.dans.knaw.nl/dataset/ddm-v2/" xmlns:abr="http://www.den.nl/standaard/166/Archeologisch-Basisregister/" xmlns:gml="http://www.opengis.net/gml" xmlns:dcx-gml="http://easy.dans.knaw.nl/schemas/dcx/gml/" xmlns:dcx-dai="http://easy.dans.knaw.nl/schemas/dcx/dai/" xmlns:dct="http://purl.org/dc/terms/" xmlns:xsi="http://www.w3.org/2001/XMLSchema-instance" xmlns:dc="http://purl.org/dc/elements/1.1/">
     <ddm:profile>
        
       <dc:title>Culturele Veranderingen in Nederland 2002 - CV'02</dc:title>
       <dct:description>Trend study on changes in general opinions and attitudes  of the Dutch population regarding a wide range of topics.

Face to face interview: Opinion on government plans to postpone retiring age / working without financial necessity / sidejobs of pupils and students / working after age 65 / early retirement - VUT - schemes / expected retirement age / volunteer work / most important socio-political issues / economic expectations / economic crisis / government expenditure / trust in people / loneliness / personal worries : financial, politics, health, family, future, unemployment / concern with: Twin Tower attack, Pim Fortuyn murder, Srebrenica report, Enschede firework disaster, Volendam cafe fire, foot - and mouth disease crisis, BSE crisis / life satisfaction (compared to 3 years ago) / role of the family / same sex marriage /  adoption rights homosexuals / second home: ownership, residence / pets: dog-, cat-ownership, attachment / satifaction with income / satisfaction with government policies affecting income / satisfaction with social security schemes ( AOW, ABW, WW, ANW, WAO etc. ) / differences in income and ownership / religion, religiousness / tolerance towards various religions and sects / school denomination / religious principles in politics / belief system / women and work / sex role differences / career possibilities women / immigrants / crime / punishment/ drug addicts / capital punishment / sexual crime /  politics / say in local and regional policy / left - right selfrating / progressive - conservative / liberal / socialist / shift towards individualistic attitude / voting / political party preference / reading and TV viewing political matters / political interest / party membership / sense of political efficacy / choosing prime minister and mayors directly / importance of referendum / relative importance of various political issues: law and order, democracy, prices, freedom of speech, economic growth, strong defense, local democracy, town and country planning, economic stability, criminality, more friendly society, less materialistic society, unemployment, environment, social security, reception of immigrants / political activism / union membership / taxation / immigrants, foreigners, allochtonous groups, ethnic minorities, discrimination, racism, adaptation of immigrants, admission policy, freedom of speech imams / evaluation government policy regarding: care of elderly, health care, arts and culture, sports and leisure, general education, vocational training, law and order, social security, employment, environment, prices, quality of city-life, immigration, child-care / satisfaction with current government / local ( municipality level ) politics / computer ownership / Internet use.

Drop off questionnaire: ( frequency of ) contacts with close family members / friendships / social contacts / group contacts / social activities / contacts preferred for help in general, lending money, mental support / helping others / characteristics of a real friend /  happiness / trust in people / working women / gender roles / marriage / children / division of responsibilities within household / ( time spent on ) household activities / decision making in household affairs / stress / fatigue / satisfaction with work and family life /  work / employment / acceptability of: tax evasion, misuse of social security, pre- or extra-marital sex, abortion.  Data further contain a wide range of demographic variables, including: sex, age, marital status, employment situation, financial situation, household characteristics.

The data- and documentation files of this dataset can be downloaded via the option Data Files.</dct:description>
       
       
       <dcx-dai:creatorDetails><dcx-dai:author>
        
        <dcx-dai:initials>J.W.</dcx-dai:initials>
        
        <dcx-dai:surname>Becker</dcx-dai:surname>
        
        
        <dcx-dai:DAI>info:eu-repo/dai/nl/068409176</dcx-dai:DAI>
        
        <dcx-dai:organization>
        <dcx-dai:name>Sociaal en Cultureel Planbureau, SCP * Den Haag (primary investigator)</dcx-dai:name>
        
      </dcx-dai:organization>
      </dcx-dai:author> </dcx-dai:creatorDetails>
       <ddm:created>2003-01-31</ddm:created>
       <ddm:available>2009-10-04</ddm:available>
       <ddm:audience>D60000</ddm:audience><ddm:audience>D61000</ddm:audience>
       <ddm:accessRights>OPEN_ACCESS</ddm:accessRights>
     
        <ddm:personalData present="Unknown"/>
      </ddm:profile>
     <ddm:dcmiMetadata><dc:title>Cultural changes in the Netherlands 2002 - CV'02</dc:title>
       <dct:identifier xsi:type="id-type:EASY1">twips.dans.knaw.nl-8650063282105320192-1174306961596</dct:identifier><dct:identifier xsi:type="id-type:URN">urn:nbn:nl:ui:13-5f2-wp8</dct:identifier><dct:identifier xsi:type="id-type:DOI">10.17026/dans-xu4-6sch</dct:identifier><dct:identifier>STAR: P1624</dct:identifier><dct:identifier xsi:type="id-type:EASY2">easy-dataset:33081</dct:identifier>
       
       
       
       
       
       
       <ddm:relation href="http://nesstar.dans.knaw.nl">DANS EASY Online analysis tool</ddm:relation><ddm:relation href="http://dx.doi.org/10.17026/dans-zpa-9uwp">Thematische collectie: Culturele Veranderingen in Nederland (CV) en SCP Leefsituatie Index (SLI)</ddm:relation>
       
       <dcx-dai:contributorDetails><dcx-dai:organization>
        <dcx-dai:name>Sociaal en Cultureel Planbureau, SCP * Den Haag (depositor)</dcx-dai:name>
        
      </dcx-dai:organization> </dcx-dai:contributorDetails>
       <dct:rightsHolder>Sociaal en Cultureel Planbureau (SCP)</dct:rightsHolder>
       
       
       
       <dct:format>spss</dct:format><dct:format>fixed length</dct:format>
       
       
       <dct:subject>politics</dct:subject><dct:subject>economics</dct:subject><dct:subject>family life</dct:subject><dct:subject>living conditions</dct:subject><dct:subject>religion</dct:subject><dct:subject>gender roles</dct:subject><dct:subject>crime</dct:subject><dct:subject>drugs</dct:subject><dct:subject>interpersonal relations</dct:subject><dct:subject>social welfare</dct:subject><dct:subject>employment</dct:subject><dct:subject>public opinion</dct:subject><dct:subject>ethnic minorities</dct:subject>
       
       <dct:spatial>Netherlands</dct:spatial><dct:spatial>Nederland</dct:spatial>
       <dct:temporal>2002</dct:temporal>
       <ddm:datesOfCollection>2002-10-01/2003-01-31</ddm:datesOfCollection>
       
       <dct:license xsi:type="dct:URI">http://creativecommons.org/licenses/by/4.0</dct:license>
       <ddm:language code="dut" encodingScheme="ISO639-2">nld</ddm:language>
       <dct:created>2002</dct:created>
     <ddm:inCollection subjectScheme="DANS Collection" valueURI="https://vocabularies.dans.knaw.nl/collections/ssh/7f899692-90b4-49d0-8a5f-891e73ae84c1" schemeURI="https://vocabularies.dans.knaw.nl/collections">Culturele Veranderingen in Nederland (CV) en SCP Leefsituatie Index (SLI)</ddm:inCollection><ddm:description descriptionType="SeriesInformation">
    Het Sociaal en Cultureel Planbureau (SCP) voert sinds 1975 (twee)jaarlijks het onderzoek Culturele Veranderingen in Nederland uit. De reeks bestaat inmiddels uit 30 onderzoeken en bevat zo’n 3500 variabelen en gegevens over meer dan 50.000 respondenten.

De onderzoeken Culturele Veranderingen in Nederland (CV) en SCP Leefsituatie Index (SLI) worden sinds 2004 tweejaarlijks gecombineerd uitgevoerd in samenwerking door het Sociaal Cultureel Planbureau (SCP) en het Centraal Bureau voor de Statistiek (CBS).

Doel van CV is vaststellen welke opvattingen “de Nederlander” heeft over samenleving en cultuur en hoe deze in de loop van de tijd zijn veranderd. Doel van SLI is het ontwikkelen van een indicator om de sociale leefsituatie van Nederland in kaart te brengen en het monitoren van de ontwikkeling van de sociale leefsituatie van de Nederlandse bevolking.

De onderzoeken liggen aan de basis van veel onderzoek uit het werkprogramma van het SCP. Door het CBS zullen de data vooral worden gebruikt ten behoeve van het speerpunt Sociale Samenhang.
  </ddm:description></ddm:dcmiMetadata>
   </ddm:DDM>