<?xml version='1.0' encoding='UTF-8'?>
<emd:easymetadata emd:version="0.1" xmlns:emd="http://easy.dans.knaw.nl/easy/easymetadata/" xmlns:eas="http://easy.dans.knaw.nl/easy/easymetadata/eas/" xmlns:dct="http://purl.org/dc/terms/" xmlns:dc="http://purl.org/dc/elements/1.1/" xmlns:xsi="http://www.w3.org/2001/XMLSchema-instance" xmlns:foxml="info:fedora/fedora-system:def/foxml#">
  <emd:title>
    <dc:title>Culturele Veranderingen in Nederland 2002 - CV'02</dc:title>
    <dc:title>Cultural changes in the Netherlands 2002 - CV'02</dc:title>
  </emd:title>
  <emd:creator>
    <eas:creator>
      <eas:initials>J.W.</eas:initials>
      <eas:surname>Becker</eas:surname>
      <eas:organization>Sociaal en Cultureel Planbureau, SCP * Den Haag (primary investigator)</eas:organization>
      <eas:entityId eas:scheme="DAI">068409176</eas:entityId>
    </eas:creator>
  </emd:creator>
  <emd:subject>
    <dc:subject>politics</dc:subject>
    <dc:subject>economics</dc:subject>
    <dc:subject>family life</dc:subject>
    <dc:subject>living conditions</dc:subject>
    <dc:subject>religion</dc:subject>
    <dc:subject>gender roles</dc:subject>
    <dc:subject>crime</dc:subject>
    <dc:subject>drugs</dc:subject>
    <dc:subject>interpersonal relations</dc:subject>
    <dc:subject>social welfare</dc:subject>
    <dc:subject>employment</dc:subject>
    <dc:subject>public opinion</dc:subject>
    <dc:subject>ethnic minorities</dc:subject>
  </emd:subject>
  <emd:description>
    <dc:description>Trend study on changes in general opinions and attitudes  of the Dutch population regarding a wide range of topics.

Face to face interview: Opinion on government plans to postpone retiring age / working without financial necessity / sidejobs of pupils and students / working after age 65 / early retirement - VUT - schemes / expected retirement age / volunteer work / most important socio-political issues / economic expectations / economic crisis / government expenditure / trust in people / loneliness / personal worries : financial, politics, health, family, future, unemployment / concern with: Twin Tower attack, Pim Fortuyn murder, Srebrenica report, Enschede firework disaster, Volendam cafe fire, foot - and mouth disease crisis, BSE crisis / life satisfaction (compared to 3 years ago) / role of the family / same sex marriage /  adoption rights homosexuals / second home: ownership, residence / pets: dog-, cat-ownership, attachment / satifaction with income / satisfaction with government policies affecting income / satisfaction with social security schemes ( AOW, ABW, WW, ANW, WAO etc. ) / differences in income and ownership / religion, religiousness / tolerance towards various religions and sects / school denomination / religious principles in politics / belief system / women and work / sex role differences / career possibilities women / immigrants / crime / punishment/ drug addicts / capital punishment / sexual crime /  politics / say in local and regional policy / left - right selfrating / progressive - conservative / liberal / socialist / shift towards individualistic attitude / voting / political party preference / reading and TV viewing political matters / political interest / party membership / sense of political efficacy / choosing prime minister and mayors directly / importance of referendum / relative importance of various political issues: law and order, democracy, prices, freedom of speech, economic growth, strong defense, local democracy, town and country planning, economic stability, criminality, more friendly society, less materialistic society, unemployment, environment, social security, reception of immigrants / political activism / union membership / taxation / immigrants, foreigners, allochtonous groups, ethnic minorities, discrimination, racism, adaptation of immigrants, admission policy, freedom of speech imams / evaluation government policy regarding: care of elderly, health care, arts and culture, sports and leisure, general education, vocational training, law and order, social security, employment, environment, prices, quality of city-life, immigration, child-care / satisfaction with current government / local ( municipality level ) politics / computer ownership / Internet use.

Drop off questionnaire: ( frequency of ) contacts with close family members / friendships / social contacts / group contacts / social activities / contacts preferred for help in general, lending money, mental support / helping others / characteristics of a real friend /  happiness / trust in people / working women / gender roles / marriage / children / division of responsibilities within household / ( time spent on ) household activities / decision making in household affairs / stress / fatigue / satisfaction with work and family life /  work / employment / acceptability of: tax evasion, misuse of social security, pre- or extra-marital sex, abortion.  Data further contain a wide range of demographic variables, including: sex, age, marital status, employment situation, financial situation, household characteristics.

The data- and documentation files of this dataset can be downloaded via the option Data Files.</dc:description>
  </emd:description>
  <emd:contributor>
    <eas:contributor>
      <eas:organization>Sociaal en Cultureel Planbureau, SCP * Den Haag (depositor)</eas:organization>
      <eas:entityId eas:scheme="DAI"/>
    </eas:contributor>
  </emd:contributor>
  <emd:date>
    <dct:created>2002-10-01 to 2003-01-31</dct:created>
    <eas:created eas:scheme="W3CDTF" eas:format="YEAR">2002-01-01T00:00:00.000+01:00</eas:created>
    <eas:available eas:scheme="W3CDTF" eas:format="DAY">2009-10-04T00:00:00.000+02:00</eas:available>
  </emd:date>
  <emd:format>
    <dc:format>spss</dc:format>
    <dc:format>fixed length</dc:format>
  </emd:format>
  <emd:identifier>
    <dc:identifier eas:scheme="AIP_ID">twips.dans.knaw.nl-8650063282105320192-1174306961596</dc:identifier>
    <dc:identifier eas:scheme="PID" eas:identification-system="http://www.persistent-identifier.nl">urn:nbn:nl:ui:13-5f2-wp8</dc:identifier>
    <dc:identifier eas:scheme="DOI" eas:identification-system="http://dx.doi.org">10.17026/dans-xu4-6sch</dc:identifier>
    <dc:identifier>STAR: P1624</dc:identifier>
    <dc:identifier eas:scheme="DMO_ID">easy-dataset:33081</dc:identifier>
  </emd:identifier>
  <emd:source/>
  <emd:language>
    <dc:language eas:schemeId="common.dc.language" eas:scheme="ISO 639">dut/nld</dc:language>
  </emd:language>
  <emd:relation>
    <eas:relation eas:emphasis="true">
      <eas:subject-title>DANS EASY Online analysis tool</eas:subject-title>
      <eas:subject-link>http://nesstar.dans.knaw.nl</eas:subject-link>
    </eas:relation>
    <eas:relation eas:emphasis="true">
      <eas:subject-title>Thematische collectie: Culturele Veranderingen in Nederland (CV) en SCP Leefsituatie Index (SLI)</eas:subject-title>
      <eas:subject-link>http://dx.doi.org/10.17026/dans-zpa-9uwp</eas:subject-link>
    </eas:relation>
  </emd:relation>
  <emd:coverage>
    <dct:spatial>Netherlands</dct:spatial>
    <dct:spatial>Nederland</dct:spatial>
    <dct:temporal>2002</dct:temporal>
  </emd:coverage>
  <emd:rights>
    <dct:accessRights eas:schemeId="common.dcterms.accessrights">OPEN_ACCESS</dct:accessRights>
    <dct:license eas:scheme="EASY version 1">accept</dct:license>
    <dct:license>http://creativecommons.org/licenses/by/4.0</dct:license>
    <dct:rightsHolder>Sociaal en Cultureel Planbureau (SCP)</dct:rightsHolder>
  </emd:rights>
  <emd:audience>
    <dct:audience eas:schemeId="custom.disciplines">easy-discipline:42</dct:audience>
    <dct:audience eas:schemeId="custom.disciplines">easy-discipline:51</dct:audience>
  </emd:audience>
  <emd:other>
    <eas:application-specific>
      <eas:metadataformat>SOCIOLOGY</eas:metadataformat>
    </eas:application-specific>
    <eas:etc>
      <property-list>
        <comment>Synchronization of EasyII</comment>
        <entry key="conversion.date">2011-05-20T01:18:44.947Z</entry>
        <entry key="previous.collection-id">twips.dans.knaw.nl-8650063282105320192-1174306961596</entry>
        <entry key="nl.knaw.dans.easy.tools.task.am.dataset.AudienceCorrectorTask">2011-07-20T19:03:30.083+02:00</entry>
      </property-list>
    </eas:etc>
  </emd:other>
</emd:easymetadata>