<?xml version='1.0' encoding='UTF-8'?>
<files xsi:schemaLocation="http://easy.dans.knaw.nl/schemas/bag/metadata/files/ http://easy.dans.knaw.nl/schemas/bag/metadata/files/files.xsd" xmlns:xsi="http://www.w3.org/2001/XMLSchema-instance" xmlns="http://easy.dans.knaw.nl/schemas/bag/metadata/files/" xmlns:afm="http://easy.dans.knaw.nl/schemas/bag/metadata/afm/" xmlns:dct="http://purl.org/dc/terms/">
    <file filepath="data/dat/p1624.lab">
        <!--original/dat/p1624.lab-->
        <dct:identifier>easy-file:1461708</dct:identifier>
        <dct:title>p1624.lab</dct:title>
        <dct:format>application/octet-stream</dct:format>
        <dct:extent>0.0MB</dct:extent>
        
        <accessibleToRights>ANONYMOUS</accessibleToRights>
        <visibleToRights>ANONYMOUS</visibleToRights>
        
        
      </file><file filepath="data/dat/p1624.pdf">
        <!--original/dat/p1624.pdf-->
        <dct:identifier>easy-file:1461711</dct:identifier>
        <dct:title>p1624.pdf</dct:title>
        <dct:format>application/pdf</dct:format>
        <dct:extent>0.6MB</dct:extent>
        
        <accessibleToRights>ANONYMOUS</accessibleToRights>
        <visibleToRights>ANONYMOUS</visibleToRights>
        
        
      </file><file filepath="data/dat/p1624.por">
        <!--original/dat/p1624.por-->
        <dct:identifier>easy-file:1461713</dct:identifier>
        <dct:title>p1624.por</dct:title>
        <dct:format>application/octet-stream</dct:format>
        <dct:extent>1.9MB</dct:extent>
        
        <accessibleToRights>ANONYMOUS</accessibleToRights>
        <visibleToRights>ANONYMOUS</visibleToRights>
        
        
      </file><file filepath="data/dat/p1624.doc">
        <!--original/dat/p1624.doc-->
        <dct:identifier>easy-file:1461710</dct:identifier>
        <dct:title>p1624.doc</dct:title>
        <dct:format>application/octet-stream</dct:format>
        <dct:extent>0.0MB</dct:extent>
        
        <accessibleToRights>ANONYMOUS</accessibleToRights>
        <visibleToRights>ANONYMOUS</visibleToRights>
        
        
      </file><file filepath="data/additional-metadata-P1624.xml">
        <!--original/additional-metadata-P1624.xml-->
        <dct:identifier>easy-file:3933986</dct:identifier>
        <dct:title>additional-metadata-P1624.xml</dct:title>
        <dct:format>text/xml</dct:format>
        <dct:extent>0.0MB</dct:extent>
        
        <accessibleToRights>ANONYMOUS</accessibleToRights>
        <visibleToRights>ANONYMOUS</visibleToRights>
        
        
      </file><file filepath="data/dat/p1624.frq">
        <!--original/dat/p1624.frq-->
        <dct:identifier>easy-file:1461712</dct:identifier>
        <dct:title>p1624.frq</dct:title>
        <dct:format>application/octet-stream</dct:format>
        <dct:extent>0.4MB</dct:extent>
        
        <accessibleToRights>ANONYMOUS</accessibleToRights>
        <visibleToRights>ANONYMOUS</visibleToRights>
        
        
      </file><file filepath="data/dat/p1624.dic">
        <!--original/dat/p1624.dic-->
        <dct:identifier>easy-file:1461707</dct:identifier>
        <dct:title>p1624.dic</dct:title>
        <dct:format>application/octet-stream</dct:format>
        <dct:extent>0.2MB</dct:extent>
        
        <accessibleToRights>ANONYMOUS</accessibleToRights>
        <visibleToRights>ANONYMOUS</visibleToRights>
        
        
      </file>
    </files>