<?xml version="1.0" encoding="UTF-8"?>
<prov:provenance xsi:schemaLocation="http://schemas.dans.knaw.nl/bag/metadata/prov-v2/ http://schemas.dans.knaw.nl/bag/metadata/prov/v2/provenance.xsd" xmlns:xsi="http://www.w3.org/2001/XMLSchema-instance" xmlns:prov="http://schemas.dans.knaw.nl/bag/metadata/prov-v2/">
        <prov:migration app="EasyConvertBagToDepositApp" version="1.6.0" date="2023-02-14">
        <prov:file xmlns:foxml="info:fedora/fedora-system:def/foxml#" xmlns:xsi="http://www.w3.org/2001/XMLSchema-instance" xmlns:damd="http://easy.dans.knaw.nl/easy/dataset-administrative-metadata/">
          <prov:old><![CDATA[<depositorId xmlns:foxml="info:fedora/fedora-system:def/foxml#" xmlns:xsi="http://www.w3.org/2001/XMLSchema-instance" xmlns:damd="http://easy.dans.knaw.nl/easy/dataset-administrative-metadata/">socialsciences</depositorId>
<damd:stateChangeDate xmlns:foxml="info:fedora/fedora-system:def/foxml#" xmlns:xsi="http://www.w3.org/2001/XMLSchema-instance" xmlns:damd="http://easy.dans.knaw.nl/easy/dataset-administrative-metadata/"><fromState>MAINTENANCE</fromState><toState>PUBLISHED</toState><changeDate>2009-10-04T16:50:05.000+02:00</changeDate></damd:stateChangeDate>]]></prov:old>
          <prov:new><depositorId>admin345</depositorId><damd:stateChangeDate xmlns:foxml="info:fedora/fedora-system:def/foxml#" xmlns:xsi="http://www.w3.org/2001/XMLSchema-instance" xmlns:damd="http://easy.dans.knaw.nl/easy/dataset-administrative-metadata/"><fromState>MAINTENANCE</fromState><toState>PUBLISHED</toState><changeDate>2003-01-31T00:00:00.000+01:00</changeDate></damd:stateChangeDate></prov:new>
        </prov:file><prov:file scheme="http://schemas.dans.knaw.nl/dataset/ddm-v2/" xmlns:id-type="http://easy.dans.knaw.nl/schemas/vocab/identifier-type/" xmlns:ddm="http://schemas.dans.knaw.nl/dataset/ddm-v2/" xmlns:abr="http://www.den.nl/standaard/166/Archeologisch-Basisregister/" xmlns:gml="http://www.opengis.net/gml" xmlns:dcx-gml="http://easy.dans.knaw.nl/schemas/dcx/gml/" xmlns:dcx-dai="http://easy.dans.knaw.nl/schemas/dcx/dai/" xmlns:dct="http://purl.org/dc/terms/" xmlns:xsi="http://www.w3.org/2001/XMLSchema-instance" xmlns:dc="http://purl.org/dc/elements/1.1/">
          <prov:old><![CDATA[<dct:language xmlns:dc="http://purl.org/dc/elements/1.1/" xmlns:xsi="http://www.w3.org/2001/XMLSchema-instance" xmlns:dct="http://purl.org/dc/terms/" xmlns:dcx-dai="http://easy.dans.knaw.nl/schemas/dcx/dai/" xmlns:dcx-gml="http://easy.dans.knaw.nl/schemas/dcx/gml/" xmlns:gml="http://www.opengis.net/gml" xmlns:abr="http://www.den.nl/standaard/166/Archeologisch-Basisregister/" xmlns:ddm="http://easy.dans.knaw.nl/schemas/md/ddm/" xmlns:id-type="http://easy.dans.knaw.nl/schemas/vocab/identifier-type/">nld</dct:language>]]></prov:old>
          <prov:new><ddm:personalData present="Unknown" xmlns:id-type="http://easy.dans.knaw.nl/schemas/vocab/identifier-type/" xmlns:ddm="http://schemas.dans.knaw.nl/dataset/ddm-v2/" xmlns:abr="http://www.den.nl/standaard/166/Archeologisch-Basisregister/" xmlns:gml="http://www.opengis.net/gml" xmlns:dcx-gml="http://easy.dans.knaw.nl/schemas/dcx/gml/" xmlns:dcx-dai="http://easy.dans.knaw.nl/schemas/dcx/dai/" xmlns:dct="http://purl.org/dc/terms/" xmlns:xsi="http://www.w3.org/2001/XMLSchema-instance" xmlns:dc="http://purl.org/dc/elements/1.1/"/><ddm:language code="dut" encodingScheme="ISO639-2" xmlns:id-type="http://easy.dans.knaw.nl/schemas/vocab/identifier-type/" xmlns:ddm="http://schemas.dans.knaw.nl/dataset/ddm-v2/" xmlns:abr="http://www.den.nl/standaard/166/Archeologisch-Basisregister/" xmlns:gml="http://www.opengis.net/gml" xmlns:dcx-gml="http://easy.dans.knaw.nl/schemas/dcx/gml/" xmlns:dcx-dai="http://easy.dans.knaw.nl/schemas/dcx/dai/" xmlns:dct="http://purl.org/dc/terms/" xmlns:xsi="http://www.w3.org/2001/XMLSchema-instance" xmlns:dc="http://purl.org/dc/elements/1.1/">nld</ddm:language><ddm:inCollection subjectScheme="DANS Collection" valueURI="https://vocabularies.dans.knaw.nl/collections/ssh/7f899692-90b4-49d0-8a5f-891e73ae84c1" schemeURI="https://vocabularies.dans.knaw.nl/collections" xmlns:id-type="http://easy.dans.knaw.nl/schemas/vocab/identifier-type/" xmlns:ddm="http://schemas.dans.knaw.nl/dataset/ddm-v2/" xmlns:abr="http://www.den.nl/standaard/166/Archeologisch-Basisregister/" xmlns:gml="http://www.opengis.net/gml" xmlns:dcx-gml="http://easy.dans.knaw.nl/schemas/dcx/gml/" xmlns:dcx-dai="http://easy.dans.knaw.nl/schemas/dcx/dai/" xmlns:dct="http://purl.org/dc/terms/" xmlns:xsi="http://www.w3.org/2001/XMLSchema-instance" xmlns:dc="http://purl.org/dc/elements/1.1/">Culturele Veranderingen in Nederland (CV) en SCP Leefsituatie Index (SLI)</ddm:inCollection><ddm:description descriptionType="SeriesInformation" xmlns:id-type="http://easy.dans.knaw.nl/schemas/vocab/identifier-type/" xmlns:ddm="http://schemas.dans.knaw.nl/dataset/ddm-v2/" xmlns:abr="http://www.den.nl/standaard/166/Archeologisch-Basisregister/" xmlns:gml="http://www.opengis.net/gml" xmlns:dcx-gml="http://easy.dans.knaw.nl/schemas/dcx/gml/" xmlns:dcx-dai="http://easy.dans.knaw.nl/schemas/dcx/dai/" xmlns:dct="http://purl.org/dc/terms/" xmlns:xsi="http://www.w3.org/2001/XMLSchema-instance" xmlns:dc="http://purl.org/dc/elements/1.1/">Het Sociaal en Cultureel Planbureau (SCP) voert sinds 1975 (twee)jaarlijks het onderzoek Culturele Veranderingen in Nederland uit. De reeks bestaat inmiddels uit 30 onderzoeken en bevat zo’n 3500 variabelen en gegevens over meer dan 50.000 respondenten. De onderzoeken Culturele Veranderingen in Nederland (CV) en SCP Leefsituatie Index (SLI) worden sinds 2004 tweejaarlijks gecombineerd uitgevoerd in samenwerking door het Sociaal Cultureel Planbureau (SCP) en het Centraal Bureau voor de Statistiek (CBS). Doel van CV is vaststellen welke opvattingen “de Nederlander” heeft over samenleving en cultuur en hoe deze in de loop van de tijd zijn veranderd. Doel van SLI is het ontwikkelen van een indicator om de sociale leefsituatie van Nederland in kaart te brengen en het monitoren van de ontwikkeling van de sociale leefsituatie van de Nederlandse bevolking. De onderzoeken liggen aan de basis van veel onderzoek uit het werkprogramma van het SCP. Door het CBS zullen de data vooral worden gebruikt ten behoeve van het speerpunt Sociale Samenhang.</ddm:description></prov:new>
        </prov:file>
        </prov:migration>
    </prov:provenance>