<?xml version="1.0" encoding="UTF-8"?>
<ddm:DDM xsi:schemaLocation="http://schemas.dans.knaw.nl/dataset/ddm-v2/ https://schemas.dans.knaw.nl/md/ddm/v2/ddm.xsd" xmlns:id-type="http://easy.dans.knaw.nl/schemas/vocab/identifier-type/" xmlns:ddm="http://schemas.dans.knaw.nl/dataset/ddm-v2/" xmlns:abr="http://www.den.nl/standaard/166/Archeologisch-Basisregister/" xmlns:gml="http://www.opengis.net/gml" xmlns:dcx-gml="http://easy.dans.knaw.nl/schemas/dcx/gml/" xmlns:dcx-dai="http://easy.dans.knaw.nl/schemas/dcx/dai/" xmlns:dct="http://purl.org/dc/terms/" xmlns:xsi="http://www.w3.org/2001/XMLSchema-instance" xmlns:dc="http://purl.org/dc/elements/1.1/">
     <ddm:profile>
        
       <dc:title>Culturele Veranderingen in Nederland 1998 - CV'98</dc:title>
       <dct:description>Trend study on changes in general opinions, values and beliefs and attitudes of the Dutch population. The survey contains variables from the International Social Survey Programme.

Work / leisure / religion / religious issues / religion parents / church attendance / politics / political activities / satisfaction with current politics / relation politics and religion / most important issues in the Netherlands / crime and punishment / role of elderly in society / abortion / unwed mothers / environmental issues /  happiness / trust of r. in several aspects of society / worries about money, health, politics, family, the future / opinions on, and satisfaction with: income, social security, welfare / role of husband and wife in family / trust in science / volunteer work Background variables: basic characteristics / household characteristics / occupation/employment / income / education / organizational membership. 
 
The data- and documentation files of this dataset can be downloaded via the option Data Files.</dct:description>
       
       
       <dcx-dai:creatorDetails><dcx-dai:author>
        
        <dcx-dai:initials>J.W.</dcx-dai:initials>
        
        <dcx-dai:surname>Becker</dcx-dai:surname>
        
        
        <dcx-dai:DAI>info:eu-repo/dai/nl/068409176</dcx-dai:DAI>
        
        <dcx-dai:organization>
        <dcx-dai:name>Sociaal en Cultureel Planbureau (SCP) (primary investigator)</dcx-dai:name>
        
      </dcx-dai:organization>
      </dcx-dai:author> </dcx-dai:creatorDetails>
       <ddm:created>1999-01-13</ddm:created>
       <ddm:available>2009-10-04</ddm:available>
       <ddm:audience>D60000</ddm:audience><ddm:audience>D61000</ddm:audience>
       <ddm:accessRights>OPEN_ACCESS</ddm:accessRights>
     
        <ddm:personalData present="Unknown"/>
      </ddm:profile>
     <ddm:dcmiMetadata><dc:title>Cultural changes in the Netherlands 1998 - CV'98</dc:title>
       <dct:identifier xsi:type="id-type:EASY1">twips.dans.knaw.nl-5162861660614478468-1174318652479</dct:identifier><dct:identifier xsi:type="id-type:URN">urn:nbn:nl:ui:13-al5-2af</dct:identifier><dct:identifier xsi:type="id-type:DOI">10.17026/dans-x49-bc4k</dct:identifier><dct:identifier>STAR: P1451</dct:identifier><dct:identifier xsi:type="id-type:EASY2">easy-dataset:33313</dct:identifier>
       
       
       
       
       
       
       <ddm:relation href="http://nesstar.dans.knaw.nl">DANS EASY Online analysis tool</ddm:relation><ddm:relation>Meertens, Vivian; Peer Scheepers; Bert Tax; Depressive symptoms in the Netherlands 1975-1996. : A theoretical framework and an empirical analysis of socio-demographic characteristics, gender differences and changes over time; 2003; Sociology of Health and Illness; 0141 9889; 25; 2; pages 208-231</ddm:relation><ddm:relation>Scheepers, Peer; Jacques Janssen; Informal aspects of social capital: developments in the Netherlands' Journal 1970-1998; 2003; The Netherlands'Journal of Social Sciences; 39; 2</ddm:relation><ddm:relation>Scheepers, Peer; Jacques Janssen; Informele aspecten van sociaal kapitaal. Ontwikkelingen in Nederland 1970-1998; 2001; Mens en Maatschappij; 76; 3; pages p. 183-201</ddm:relation><ddm:relation>Grosze Nipper, L.; Rapport onderzoeksverantwoording Culturele Veranderingen in Nederland 1998; 1999; Amsterdam; NIPO</ddm:relation><ddm:relation>Becker, Jos; Het sociale draagvlak voor de quartaire sector, 1970-2000 :  http://www.scp.nl/boeken/werkdocumenten/doc91/nl/metainfo.htm; 2003; Den Haag; Sociaal en Cultureel Planbureau (SCP)</ddm:relation><ddm:relation href="http://dx.doi.org/10.17026/dans-zpa-9uwp">Thematische collectie: Culturele Veranderingen in Nederland (CV) en SCP Leefsituatie Index (SLI)</ddm:relation>
       <dc:contributor>Sociaal en Cultureel Planbureau (depositor)</dc:contributor>
       
       <dct:rightsHolder>Sociaal en Cultureel Planbureau (SCP)</dct:rightsHolder>
       
       
       
       <dct:format>spss</dct:format><dct:format>other</dct:format>
       
       
       <dct:subject>values and beliefs</dct:subject><dct:subject>religion</dct:subject><dct:subject>politics</dct:subject><dct:subject>interpersonal relations</dct:subject><dct:subject>family life</dct:subject><dct:subject>elderly</dct:subject><dct:subject>children</dct:subject><dct:subject>minority groups</dct:subject><dct:subject>environment</dct:subject><dct:subject>economics</dct:subject><dct:subject>leisure time</dct:subject><dct:subject>income</dct:subject><dct:subject>health</dct:subject><dct:subject>social issues</dct:subject><dct:subject>happiness</dct:subject>
       
       <dct:spatial>The Netherlands</dct:spatial>
       <dct:temporal>1998</dct:temporal>
       <ddm:datesOfCollection>1998-09-15/1999-01-13</ddm:datesOfCollection>
       
       <dct:license xsi:type="dct:URI">http://creativecommons.org/licenses/by/4.0</dct:license>
       <ddm:language code="dut" encodingScheme="ISO639-2">nld</ddm:language>
       <dct:created>1998</dct:created>
     <ddm:inCollection subjectScheme="DANS Collection" valueURI="https://vocabularies.dans.knaw.nl/collections/ssh/7f899692-90b4-49d0-8a5f-891e73ae84c1" schemeURI="https://vocabularies.dans.knaw.nl/collections">Culturele Veranderingen in Nederland (CV) en SCP Leefsituatie Index (SLI)</ddm:inCollection><ddm:description descriptionType="SeriesInformation">
    Het Sociaal en Cultureel Planbureau (SCP) voert sinds 1975 (twee)jaarlijks het onderzoek Culturele Veranderingen in Nederland uit. De reeks bestaat inmiddels uit 30 onderzoeken en bevat zo’n 3500 variabelen en gegevens over meer dan 50.000 respondenten.

De onderzoeken Culturele Veranderingen in Nederland (CV) en SCP Leefsituatie Index (SLI) worden sinds 2004 tweejaarlijks gecombineerd uitgevoerd in samenwerking door het Sociaal Cultureel Planbureau (SCP) en het Centraal Bureau voor de Statistiek (CBS).

Doel van CV is vaststellen welke opvattingen “de Nederlander” heeft over samenleving en cultuur en hoe deze in de loop van de tijd zijn veranderd. Doel van SLI is het ontwikkelen van een indicator om de sociale leefsituatie van Nederland in kaart te brengen en het monitoren van de ontwikkeling van de sociale leefsituatie van de Nederlandse bevolking.

De onderzoeken liggen aan de basis van veel onderzoek uit het werkprogramma van het SCP. Door het CBS zullen de data vooral worden gebruikt ten behoeve van het speerpunt Sociale Samenhang.
  </ddm:description></ddm:dcmiMetadata>
   </ddm:DDM>