<?xml version='1.0' encoding='UTF-8'?>
<emd:easymetadata emd:version="0.1" xmlns:emd="http://easy.dans.knaw.nl/easy/easymetadata/" xmlns:eas="http://easy.dans.knaw.nl/easy/easymetadata/eas/" xmlns:dct="http://purl.org/dc/terms/" xmlns:dc="http://purl.org/dc/elements/1.1/" xmlns:xsi="http://www.w3.org/2001/XMLSchema-instance" xmlns:foxml="info:fedora/fedora-system:def/foxml#">
  <emd:title>
    <dc:title>Culturele Veranderingen in Nederland 1998 - CV'98</dc:title>
    <dc:title>Cultural changes in the Netherlands 1998 - CV'98</dc:title>
  </emd:title>
  <emd:creator>
    <eas:creator>
      <eas:initials>J.W.</eas:initials>
      <eas:surname>Becker</eas:surname>
      <eas:organization>Sociaal en Cultureel Planbureau (SCP) (primary investigator)</eas:organization>
      <eas:entityId eas:scheme="DAI">068409176</eas:entityId>
    </eas:creator>
  </emd:creator>
  <emd:subject>
    <dc:subject>values and beliefs</dc:subject>
    <dc:subject>religion</dc:subject>
    <dc:subject>politics</dc:subject>
    <dc:subject>interpersonal relations</dc:subject>
    <dc:subject>family life</dc:subject>
    <dc:subject>elderly</dc:subject>
    <dc:subject>children</dc:subject>
    <dc:subject>minority groups</dc:subject>
    <dc:subject>environment</dc:subject>
    <dc:subject>economics</dc:subject>
    <dc:subject>leisure time</dc:subject>
    <dc:subject>income</dc:subject>
    <dc:subject>health</dc:subject>
    <dc:subject>social issues</dc:subject>
    <dc:subject>happiness</dc:subject>
  </emd:subject>
  <emd:description>
    <dc:description>Trend study on changes in general opinions, values and beliefs and attitudes of the Dutch population. The survey contains variables from the International Social Survey Programme.

Work / leisure / religion / religious issues / religion parents / church attendance / politics / political activities / satisfaction with current politics / relation politics and religion / most important issues in the Netherlands / crime and punishment / role of elderly in society / abortion / unwed mothers / environmental issues /  happiness / trust of r. in several aspects of society / worries about money, health, politics, family, the future / opinions on, and satisfaction with: income, social security, welfare / role of husband and wife in family / trust in science / volunteer work Background variables: basic characteristics / household characteristics / occupation/employment / income / education / organizational membership. 
 
The data- and documentation files of this dataset can be downloaded via the option Data Files.</dc:description>
  </emd:description>
  <emd:contributor>
    <dc:contributor>Sociaal en Cultureel Planbureau (depositor)</dc:contributor>
  </emd:contributor>
  <emd:date>
    <dct:created>1998-09-15 to 1999-01-13</dct:created>
    <eas:created eas:scheme="W3CDTF" eas:format="YEAR">1998-01-01T00:00:00.000+01:00</eas:created>
    <eas:available eas:scheme="W3CDTF" eas:format="DAY">2009-10-04T00:00:00.000+02:00</eas:available>
  </emd:date>
  <emd:format>
    <dc:format>spss</dc:format>
    <dc:format>other</dc:format>
  </emd:format>
  <emd:identifier>
    <dc:identifier eas:scheme="AIP_ID">twips.dans.knaw.nl-5162861660614478468-1174318652479</dc:identifier>
    <dc:identifier eas:scheme="PID" eas:identification-system="http://www.persistent-identifier.nl">urn:nbn:nl:ui:13-al5-2af</dc:identifier>
    <dc:identifier eas:scheme="DOI" eas:identification-system="http://dx.doi.org">10.17026/dans-x49-bc4k</dc:identifier>
    <dc:identifier>STAR: P1451</dc:identifier>
    <dc:identifier eas:scheme="DMO_ID">easy-dataset:33313</dc:identifier>
  </emd:identifier>
  <emd:source/>
  <emd:language>
    <dc:language eas:schemeId="common.dc.language" eas:scheme="ISO 639">dut/nld</dc:language>
  </emd:language>
  <emd:relation>
    <eas:relation eas:emphasis="true">
      <eas:subject-title>DANS EASY Online analysis tool</eas:subject-title>
      <eas:subject-link>http://nesstar.dans.knaw.nl</eas:subject-link>
    </eas:relation>
    <eas:relation>
      <eas:subject-title>Meertens, Vivian; Peer Scheepers; Bert Tax; Depressive symptoms in the Netherlands 1975-1996. : A theoretical framework and an empirical analysis of socio-demographic characteristics, gender differences and changes over time; 2003; Sociology of Health and Illness; 0141 9889; 25; 2; pages 208-231</eas:subject-title>
    </eas:relation>
    <eas:relation>
      <eas:subject-title>Scheepers, Peer; Jacques Janssen; Informal aspects of social capital: developments in the Netherlands' Journal 1970-1998; 2003; The Netherlands'Journal of Social Sciences; 39; 2</eas:subject-title>
    </eas:relation>
    <eas:relation>
      <eas:subject-title>Scheepers, Peer; Jacques Janssen; Informele aspecten van sociaal kapitaal. Ontwikkelingen in Nederland 1970-1998; 2001; Mens en Maatschappij; 76; 3; pages p. 183-201</eas:subject-title>
    </eas:relation>
    <eas:relation>
      <eas:subject-title>Grosze Nipper, L.; Rapport onderzoeksverantwoording Culturele Veranderingen in Nederland 1998; 1999; Amsterdam; NIPO</eas:subject-title>
    </eas:relation>
    <eas:relation>
      <eas:subject-title>Becker, Jos; Het sociale draagvlak voor de quartaire sector, 1970-2000 :  http://www.scp.nl/boeken/werkdocumenten/doc91/nl/metainfo.htm; 2003; Den Haag; Sociaal en Cultureel Planbureau (SCP)</eas:subject-title>
    </eas:relation>
    <eas:relation eas:emphasis="true">
      <eas:subject-title>Thematische collectie: Culturele Veranderingen in Nederland (CV) en SCP Leefsituatie Index (SLI)</eas:subject-title>
      <eas:subject-link>http://dx.doi.org/10.17026/dans-zpa-9uwp</eas:subject-link>
    </eas:relation>
  </emd:relation>
  <emd:coverage>
    <dct:spatial>The Netherlands</dct:spatial>
    <dct:temporal>1998</dct:temporal>
  </emd:coverage>
  <emd:rights>
    <dct:accessRights eas:schemeId="common.dcterms.accessrights">OPEN_ACCESS</dct:accessRights>
    <dct:license eas:scheme="EASY version 1">accept</dct:license>
    <dct:license>http://creativecommons.org/licenses/by/4.0</dct:license>
    <dct:rightsHolder>Sociaal en Cultureel Planbureau (SCP)</dct:rightsHolder>
  </emd:rights>
  <emd:audience>
    <dct:audience eas:schemeId="custom.disciplines">easy-discipline:42</dct:audience>
    <dct:audience eas:schemeId="custom.disciplines">easy-discipline:51</dct:audience>
  </emd:audience>
  <emd:other>
    <eas:application-specific>
      <eas:metadataformat>SOCIOLOGY</eas:metadataformat>
    </eas:application-specific>
    <eas:etc>
      <property-list>
        <comment>Synchronization of EasyII</comment>
        <entry key="conversion.date">2011-05-20T03:03:06.605Z</entry>
        <entry key="previous.collection-id">twips.dans.knaw.nl-5162861660614478468-1174318652479</entry>
        <entry key="nl.knaw.dans.easy.tools.task.am.dataset.AudienceCorrectorTask">2011-07-20T19:02:36.755+02:00</entry>
      </property-list>
    </eas:etc>
  </emd:other>
</emd:easymetadata>