<?xml version='1.0' encoding='UTF-8'?>
<files xsi:schemaLocation="http://easy.dans.knaw.nl/schemas/bag/metadata/files/ http://easy.dans.knaw.nl/schemas/bag/metadata/files/files.xsd" xmlns:xsi="http://www.w3.org/2001/XMLSchema-instance" xmlns="http://easy.dans.knaw.nl/schemas/bag/metadata/files/" xmlns:afm="http://easy.dans.knaw.nl/schemas/bag/metadata/afm/" xmlns:dct="http://purl.org/dc/terms/">
    <file filepath="data/dat/p1451.doc">
        <!--original/dat/p1451.doc-->
        <dct:identifier>easy-file:1476857</dct:identifier>
        <dct:title>p1451.doc</dct:title>
        <dct:format>application/octet-stream</dct:format>
        <dct:extent>0.0MB</dct:extent>
        
        <accessibleToRights>ANONYMOUS</accessibleToRights>
        <visibleToRights>ANONYMOUS</visibleToRights>
        
        
      </file><file filepath="data/dat/p1451.pdf">
        <!--original/dat/p1451.pdf-->
        <dct:identifier>easy-file:1476854</dct:identifier>
        <dct:title>p1451.pdf</dct:title>
        <dct:format>application/pdf</dct:format>
        <dct:extent>1.5MB</dct:extent>
        
        <accessibleToRights>ANONYMOUS</accessibleToRights>
        <visibleToRights>ANONYMOUS</visibleToRights>
        
        
      </file><file filepath="data/additional-metadata-P1451.xml">
        <!--original/additional-metadata-P1451.xml-->
        <dct:identifier>easy-file:3933976</dct:identifier>
        <dct:title>additional-metadata-P1451.xml</dct:title>
        <dct:format>text/xml</dct:format>
        <dct:extent>0.0MB</dct:extent>
        
        <accessibleToRights>ANONYMOUS</accessibleToRights>
        <visibleToRights>ANONYMOUS</visibleToRights>
        
        
      </file><file filepath="data/dat/p1451.frq">
        <!--original/dat/p1451.frq-->
        <dct:identifier>easy-file:1476855</dct:identifier>
        <dct:title>p1451.frq</dct:title>
        <dct:format>application/octet-stream</dct:format>
        <dct:extent>0.4MB</dct:extent>
        
        <accessibleToRights>ANONYMOUS</accessibleToRights>
        <visibleToRights>ANONYMOUS</visibleToRights>
        
        
      </file><file filepath="data/dat/p1451.por">
        <!--original/dat/p1451.por-->
        <dct:identifier>easy-file:1476858</dct:identifier>
        <dct:title>p1451.por</dct:title>
        <dct:format>application/octet-stream</dct:format>
        <dct:extent>1.9MB</dct:extent>
        
        <accessibleToRights>ANONYMOUS</accessibleToRights>
        <visibleToRights>ANONYMOUS</visibleToRights>
        
        
      </file><file filepath="data/dat/p1451.lab">
        <!--original/dat/p1451.lab-->
        <dct:identifier>easy-file:1476852</dct:identifier>
        <dct:title>p1451.lab</dct:title>
        <dct:format>application/octet-stream</dct:format>
        <dct:extent>0.0MB</dct:extent>
        
        <accessibleToRights>ANONYMOUS</accessibleToRights>
        <visibleToRights>ANONYMOUS</visibleToRights>
        
        
      </file><file filepath="data/dat/p1451.dic">
        <!--original/dat/p1451.dic-->
        <dct:identifier>easy-file:1476856</dct:identifier>
        <dct:title>p1451.dic</dct:title>
        <dct:format>application/octet-stream</dct:format>
        <dct:extent>0.2MB</dct:extent>
        
        <accessibleToRights>ANONYMOUS</accessibleToRights>
        <visibleToRights>ANONYMOUS</visibleToRights>
        
        
      </file>
    </files>