<?xml version='1.0' encoding='UTF-8'?>
<emd:easymetadata emd:version="0.1" xmlns:emd="http://easy.dans.knaw.nl/easy/easymetadata/" xmlns:eas="http://easy.dans.knaw.nl/easy/easymetadata/eas/" xmlns:dct="http://purl.org/dc/terms/" xmlns:dc="http://purl.org/dc/elements/1.1/" xmlns:xsi="http://www.w3.org/2001/XMLSchema-instance" xmlns:foxml="info:fedora/fedora-system:def/foxml#">
  <emd:title>
    <dc:title>Culturele Veranderingen in Nederland 1985 - CV'85</dc:title>
    <dc:title>Cultural changes in the Netherlands 1985 - CV'85</dc:title>
  </emd:title>
  <emd:creator>
    <eas:creator>
      <eas:initials>J.W.</eas:initials>
      <eas:surname>Becker</eas:surname>
      <eas:organization>Sociaal en Cultureel Planbureau, SCP * Den Haag</eas:organization>
      <eas:entityId eas:scheme="DAI">068409176</eas:entityId>
    </eas:creator>
    <eas:creator>
      <eas:initials>A.N.</eas:initials>
      <eas:surname>Nauta</eas:surname>
      <eas:organization>Sociaal en Cultureel Planbureau, SCP * Den Haag (primary investigator)</eas:organization>
      <eas:entityId eas:scheme="DAI"/>
    </eas:creator>
  </emd:creator>
  <emd:subject>
    <dc:subject>political science</dc:subject>
    <dc:subject>mass media</dc:subject>
    <dc:subject>education</dc:subject>
    <dc:subject>living conditions</dc:subject>
    <dc:subject>politics, internal</dc:subject>
    <dc:subject>welfare</dc:subject>
    <dc:subject>religion</dc:subject>
    <dc:subject>participation</dc:subject>
    <dc:subject>crime</dc:subject>
    <dc:subject>employment</dc:subject>
    <dc:subject>discrimination</dc:subject>
    <dc:subject>sexuality</dc:subject>
  </emd:subject>
  <emd:description>
    <dc:description>Trend study of changes in general opinions and attitudes of ( parts of ) the Dutch population.

Media exposure of news and politics / occupation / average time of watching tv / career expectations / prosperity / attitudes to equal opportunities and levelling of income and property / government duties on housing, education, finances, income, employment, taxes, art-subsidies, profit sharing, exploitation of mineral resources, pollution, development aid / worrying about own unemployment / measures in case of firms suffering losses / income satisfaction / misuse of social security / ( justice of ) income-, property differences / right to financial security, work, education, housing / freedom of speech / freedom of religious expressions / church and society / most important things in life / political system preference / participation in school and municipal administration / trust in politicians / child rearing / union policy / birth-control / abortion / death penalty / taxes / ways of showing disapproval with ( political ) decisions and measures / nationalism / crime and punishment / worrying about pollution / opinions on ( homo- )sexuality / more personal financial contribution to education, creches, housing, environment / opinions on qualities of employed and unemployed persons / participation in, ( dis- )approval of socio-political actions / preparedness to reduction of working hours / allocation of scarce houses according to type of person / preference of economization measures in policy sectors / role of personal and social qualities in case of dismissal or promotion / opinion on minorities / housewives and working outdoors / opinions on ( un- )payed work by unemployed or disabled workers / priorities on spending operating profits / public transport / sex-roles in household. Background variables: basic characteristics/ residence/ household characteristics/ occupation/employment/ income/capital assets/ education/ social class/ politics/ religion/ readership, mass media, and 'cultural' exposure/ organizational membership. 

The data- and documentation files of this dataset can be downloaded via the option Data Files.</dc:description>
  </emd:description>
  <emd:contributor>
    <eas:contributor>
      <eas:organization>Sociaal en Cultureel Planbureau, SCP * Den Haag (research initiator)</eas:organization>
      <eas:entityId eas:scheme="DAI"/>
    </eas:contributor>
    <eas:contributor>
      <eas:organization>Nederlands Instituut voor de Publieke Opinie en het marktonderzoek, NIPO * Amsterdam (data collector)</eas:organization>
      <eas:entityId eas:scheme="DAI"/>
    </eas:contributor>
  </emd:contributor>
  <emd:date>
    <dct:created>1985-01-01 to 1985-02-28</dct:created>
    <eas:created eas:scheme="W3CDTF" eas:format="YEAR">1985-01-01T00:00:00.000+01:00</eas:created>
    <eas:available eas:scheme="W3CDTF" eas:format="DAY">2009-10-16T00:00:00.000+02:00</eas:available>
  </emd:date>
  <emd:format/>
  <emd:identifier>
    <dc:identifier eas:scheme="AIP_ID">twips.dans.knaw.nl-1000363144099284629-1173179664783</dc:identifier>
    <dc:identifier eas:scheme="PID" eas:identification-system="http://www.persistent-identifier.nl">urn:nbn:nl:ui:13-iu2-ojl</dc:identifier>
    <dc:identifier eas:scheme="DOI" eas:identification-system="http://dx.doi.org">10.17026/dans-x2s-qwnr</dc:identifier>
    <dc:identifier>STAR: P0836</dc:identifier>
    <dc:identifier eas:scheme="DMO_ID">easy-dataset:31795</dc:identifier>
  </emd:identifier>
  <emd:source/>
  <emd:language>
    <dc:language eas:schemeId="common.dc.language" eas:scheme="ISO 639">dut/nld</dc:language>
  </emd:language>
  <emd:relation>
    <eas:relation eas:emphasis="true">
      <eas:subject-title>DANS EASY Online analysis tool</eas:subject-title>
      <eas:subject-link>http://nesstar.dans.knaw.nl</eas:subject-link>
    </eas:relation>
    <eas:relation>
      <eas:subject-title>Gesthuizen, Maurice; Peer Scheepers; Mieke Verloo; Support for the discrimination of women on the labour market in the Netherlands: : Individual and contextual characteristics; 2002; The Netherlands' Journal Of Social Sciences; 38; 1; pages p.48-64</eas:subject-title>
    </eas:relation>
    <eas:relation>
      <eas:subject-title>Scheepers, Peer; Jacques Janssen; Informal aspects of social capital: developments in the Netherlands' Journal 1970-1998; 2003; The Netherlands'Journal of Social Sciences; 39; 2</eas:subject-title>
    </eas:relation>
    <eas:relation>
      <eas:subject-title>Scheepers, Peer; Jacques Janssen; Informele aspecten van sociaal kapitaal. Ontwikkelingen in Nederland 1970-1998; 2001; Mens en Maatschappij; 76; 3; pages p. 183-201</eas:subject-title>
    </eas:relation>
    <eas:relation>
      <eas:subject-title>Broek, A. van den; Politics and generations : Cohort replacement and generation formation in political culture in the Netherlands; 1996; Tilburg; Tilburg University Press; pages 212 pp.</eas:subject-title>
    </eas:relation>
    <eas:relation>
      <eas:subject-title>Castenmiller, P.; Participatie in beweging : Ontwikkelingen in politieke participatie in Nederland; 1988; Rijswijk; Sociaal en Cultureel Planbureau; 90 377 00 01 2; pages 204 pp.</eas:subject-title>
    </eas:relation>
    <eas:relation>
      <eas:subject-title>Nas, M; Dekker, P.; Hemmers, C.; Maatschappelijke organisaties, publieke opinie en milieu; 1997; Den Haag; VUGA; 90 5250 927 1; pages 160</eas:subject-title>
    </eas:relation>
    <eas:relation>
      <eas:subject-title>Sociaal en Cultureel Planbureau; Sociale en culturele verkenningen 1997; 1997; Den Haag; VUGA; 90 5749 103 6; pages 168</eas:subject-title>
    </eas:relation>
    <eas:relation>
      <eas:subject-title>Gijsberts, M.; Culturele Veranderingen : Het wegen waard; 1993; Rijswijk; Sociaal en Cultureel Planbureau, SCP; pages 100 pp.</eas:subject-title>
    </eas:relation>
    <eas:relation>
      <eas:subject-title>Dekker, P.; Ester, P.; Political attitudes in a generational perspective : The Netherlands, 1970-1992; Meppel; Boom; Acta Politica; 0001-6810; 30; 1</eas:subject-title>
    </eas:relation>
    <eas:relation>
      <eas:subject-title>Scheepers, P.; Coenders, M.; Trends in etnische discriminatie in Nederland 1980-1993; Justitiele Verkenningen; 22; 3</eas:subject-title>
    </eas:relation>
    <eas:relation>
      <eas:subject-title>Sociaal en Cultureel Planbureau; Sociale en Culturele Verkenningen 1993; 1993; Rijswijk; Sociaal en Cultureel Planbureau; 90 5250 339 7; pages 147 pp.</eas:subject-title>
    </eas:relation>
    <eas:relation>
      <eas:subject-title>Bootsma, H.G.; The influence of a work oriented lifestyle on residential locationchoice of couples; 1994; Amsterdam; Postdoctorale Onderzoeksopleiding Demografie ( PDOD ); pages 16 pp.</eas:subject-title>
    </eas:relation>
    <eas:relation>
      <eas:subject-title>Bootsma, H.G.; Influence of a work-oriented life style on residential locationchoice of couples; Delft; Delft University Press; Netherlands Journal of Housing and the Built Environment; 0920-1580; 10; 1</eas:subject-title>
    </eas:relation>
    <eas:relation>
      <eas:subject-title>Castenmiller, P.; Knol, F.;  1Convergentie of divergentie : Sociale en culturele ontwikkelingen in stedelijke en landelijkegebieden.; Rijswijk; SCP, 1989 SCP-cahier; 198; 72</eas:subject-title>
    </eas:relation>
    <eas:relation>
      <eas:subject-title>Feijter, H. de; De Voorlopers bij demografische veranderingen; 1991; Den Haag; NIDI</eas:subject-title>
    </eas:relation>
    <eas:relation>
      <eas:subject-title>Knulst, W.P.; Van vaudeville tot video; 1989; Rijswijk; SCP</eas:subject-title>
    </eas:relation>
    <eas:relation>
      <eas:subject-title>Sociaal en Cultureel Planbureau - SCP; Sociale en Culturele Verkenningen 1985 : Proefnummer; 1984; Rijswijk; Sociaal en Cultureel Planbureau, SCP; 90 346 0345 8; pages 52 pp.</eas:subject-title>
    </eas:relation>
    <eas:relation>
      <eas:subject-title>Sociaal en Cultureel Planbureau - SCP; Jongeren in de jaren tachtig : Een beschrijvende studie naar maatschappelijke kenmerken endenkbeelden van jongeren; 1985; Rijswijk; Sociaal en Cultureel Planbureau, SCP; 90 346 0555 8; pages 138 pp.</eas:subject-title>
    </eas:relation>
    <eas:relation>
      <eas:subject-title>Castenmiller, P.; Knol, F.; Convergentie en divergentie : Sociale en culturele ontwikkelingen in stedelijke en landelijkegebieden; 1989; Rijswijk; SCP</eas:subject-title>
    </eas:relation>
    <eas:relation>
      <eas:subject-title>Dekker, P.; Ester, P.; Social and political attitudes in Dutch society; 1993; Rijswijk\; Den Haag; Sociaal en Cultureel Planbureau, SCP\; VUGA; 90-5250-337-0; pages 245 pp.</eas:subject-title>
    </eas:relation>
    <eas:relation>
      <eas:subject-title>Sociaal en Cultureel Planbureau, SCP; Sociaal en cultureel rapport 1994; 1994; Rijswijk\; Den Haag; Sociaal en Cultureel Planbureau, SCP\; VUGA; 90-5250-617-5; 0922-8772; pages 644 pp.</eas:subject-title>
    </eas:relation>
    <eas:relation>
      <eas:subject-title>Sociaal en Cultureel Planbureau; Sociaal en cultureel rapport 1996; September 1996; Den Haag; VUGA; 90 5250 920 4; pages 609 pp.</eas:subject-title>
    </eas:relation>
    <eas:relation>
      <eas:subject-title>Sociaal en Cultureel Planbureau; Sociale en culturele verkenningen 1998 Cahier; 1998; Den Haag; VUGA; 90 5749 113 3; pages 190</eas:subject-title>
    </eas:relation>
    <eas:relation>
      <eas:subject-title>Maas-de Waal, C.; Dekker, P.; De publieke opinie over resocialisatie : Een actualisering en relativering; Tijdschrift voor criminologie; 41; 1</eas:subject-title>
    </eas:relation>
    <eas:relation>
      <eas:subject-title>Konink, M. de; Scheepers, P.; De publieke opinie over resocialisatie van misdadigers : De trend tussen 1970 en 1992; Tijdschrift voor Criminologie; 0165-182X; 40; 3</eas:subject-title>
    </eas:relation>
    <eas:relation>
      <eas:subject-title>Portegijs, Wil; Annemarie Boelens; Saskia Keuzekamp; Emancipatiemonitor 2002; Den Haag, Voorburg; SCP, CBS; 90-377-0110-8; SCP-publikatie 2002/13; 1569-4674</eas:subject-title>
    </eas:relation>
    <eas:relation eas:emphasis="true">
      <eas:subject-title>Thematische collectie: Culturele Veranderingen in Nederland (CV) en SCP Leefsituatie Index (SLI)</eas:subject-title>
      <eas:subject-link>http://dx.doi.org/10.17026/dans-zpa-9uwp</eas:subject-link>
    </eas:relation>
  </emd:relation>
  <emd:coverage>
    <dct:spatial>Netherlands</dct:spatial>
    <dct:temporal>1985</dct:temporal>
  </emd:coverage>
  <emd:rights>
    <dct:accessRights eas:schemeId="common.dcterms.accessrights">OPEN_ACCESS</dct:accessRights>
    <dct:license eas:scheme="EASY version 1">accept</dct:license>
    <dct:license>http://creativecommons.org/licenses/by/4.0</dct:license>
    <dct:rightsHolder>Sociaal en Cultureel Planbureau (SCP)</dct:rightsHolder>
  </emd:rights>
  <emd:audience>
    <dct:audience eas:schemeId="custom.disciplines">easy-discipline:42</dct:audience>
    <dct:audience eas:schemeId="custom.disciplines">easy-discipline:51</dct:audience>
  </emd:audience>
  <emd:other>
    <eas:application-specific>
      <eas:metadataformat>SOCIOLOGY</eas:metadataformat>
    </eas:application-specific>
    <eas:etc>
      <property-list>
        <comment>Synchronization of EasyII</comment>
        <entry key="conversion.date">2011-05-19T11:25:08.051Z</entry>
        <entry key="previous.collection-id">twips.dans.knaw.nl-1000363144099284629-1173179664783</entry>
        <entry key="nl.knaw.dans.easy.tools.task.am.dataset.AudienceCorrectorTask">2011-07-20T18:39:07.707+02:00</entry>
      </property-list>
    </eas:etc>
  </emd:other>
</emd:easymetadata>