<?xml version='1.0' encoding='UTF-8'?>
<files xsi:schemaLocation="http://easy.dans.knaw.nl/schemas/bag/metadata/files/ http://easy.dans.knaw.nl/schemas/bag/metadata/files/files.xsd" xmlns:xsi="http://www.w3.org/2001/XMLSchema-instance" xmlns="http://easy.dans.knaw.nl/schemas/bag/metadata/files/" xmlns:afm="http://easy.dans.knaw.nl/schemas/bag/metadata/afm/" xmlns:dct="http://purl.org/dc/terms/">
    <file filepath="data/additional-metadata-P0836.xml">
        <!--original/additional-metadata-P0836.xml-->
        <dct:identifier>easy-file:3934522</dct:identifier>
        <dct:title>additional-metadata-P0836.xml</dct:title>
        <dct:format>text/xml</dct:format>
        <dct:extent>0.0MB</dct:extent>
        
        <accessibleToRights>ANONYMOUS</accessibleToRights>
        <visibleToRights>ANONYMOUS</visibleToRights>
        
        
      </file><file filepath="data/dat/p0836.zip">
        <!--original/dat/p0836.zip-->
        <dct:identifier>easy-file:1321575</dct:identifier>
        <dct:title>p0836.zip</dct:title>
        <dct:format>application/zip</dct:format>
        <dct:extent>2.9MB</dct:extent>
        
        <accessibleToRights>ANONYMOUS</accessibleToRights>
        <visibleToRights>ANONYMOUS</visibleToRights>
        
        
      </file><file filepath="data/dat/p0836.cmd">
        <!--original/dat/p0836.cmd-->
        <dct:identifier>easy-file:1321572</dct:identifier>
        <dct:title>p0836.cmd</dct:title>
        <dct:format>text/plain</dct:format>
        <dct:extent>0.1MB</dct:extent>
        
        <accessibleToRights>ANONYMOUS</accessibleToRights>
        <visibleToRights>ANONYMOUS</visibleToRights>
        
        
      </file><file filepath="data/dat/p0836.por">
        <!--original/dat/p0836.por-->
        <dct:identifier>easy-file:1321574</dct:identifier>
        <dct:title>p0836.por</dct:title>
        <dct:format>text/plain</dct:format>
        <dct:extent>2.0MB</dct:extent>
        
        <accessibleToRights>ANONYMOUS</accessibleToRights>
        <visibleToRights>ANONYMOUS</visibleToRights>
        
        
      </file><file filepath="data/dat/p0836.dat">
        <!--original/dat/p0836.dat-->
        <dct:identifier>easy-file:1321573</dct:identifier>
        <dct:title>p0836.dat</dct:title>
        <dct:format>text/plain</dct:format>
        <dct:extent>1.8MB</dct:extent>
        
        <accessibleToRights>ANONYMOUS</accessibleToRights>
        <visibleToRights>ANONYMOUS</visibleToRights>
        
        
      </file><file filepath="data/dat/p0836.pdf">
        <!--original/dat/p0836.pdf-->
        <dct:identifier>easy-file:1321576</dct:identifier>
        <dct:title>p0836.pdf</dct:title>
        <dct:format>application/pdf</dct:format>
        <dct:extent>2.6MB</dct:extent>
        
        <accessibleToRights>ANONYMOUS</accessibleToRights>
        <visibleToRights>ANONYMOUS</visibleToRights>
        
        
      </file>
    </files>