<?xml version="1.0" encoding="UTF-8"?>
<ddm:DDM xsi:schemaLocation="http://schemas.dans.knaw.nl/dataset/ddm-v2/ https://schemas.dans.knaw.nl/md/ddm/v2/ddm.xsd" xmlns:id-type="http://easy.dans.knaw.nl/schemas/vocab/identifier-type/" xmlns:ddm="http://schemas.dans.knaw.nl/dataset/ddm-v2/" xmlns:abr="http://www.den.nl/standaard/166/Archeologisch-Basisregister/" xmlns:gml="http://www.opengis.net/gml" xmlns:dcx-gml="http://easy.dans.knaw.nl/schemas/dcx/gml/" xmlns:dcx-dai="http://easy.dans.knaw.nl/schemas/dcx/dai/" xmlns:dct="http://purl.org/dc/terms/" xmlns:xsi="http://www.w3.org/2001/XMLSchema-instance" xmlns:dc="http://purl.org/dc/elements/1.1/">
     <ddm:profile>
        
       <dc:title>Culturele Veranderingen in Nederland 1970-1985 en 1975-1980, cumulatief - CV'70'85 en CV'75'80</dc:title>
       <dct:description>This study aims at monitoring the process of change in Dutch political culture from an ideological perspective and in relation to voting behaviour and the further development of concepts regarding this process. It contains two cumulative files, which span four measurements ( 1970, 1975, 1980, 1985: P0998A ) and two measurements ( 1975, 1980: P0998B ) respectively. The variables in the two files are those shared by the files of the separate measurements. There is a considerable overlap in variables between the two files, the larger of which is described below.

For more detailed information on f.i. fieldwork, non-response etc. please refer to the constituent parts, being: 1970: P0079 Progressiveness and Conservatism 1975: P0216 Cultural Change in the Netherlands 1975 1980: P0741 Cultural Change in the Netherlands 1980 1985: P0836 Cultural Change in the Netherlands 1985

Themes: mass media exposure to political and news items / job satisfaction / aspirations / attitude towards present prosperity / expectations about future ( 2000 ad ) / wishes and opinions on existing society / tasks of government / personal life situation / anxieties / worries / neuroticism / satisfaction / opinions on social welfare facilities and the income distribution / attitude towards having a say in matters / rights / freedom and equality as basic values / ideology ( liberalism, conservatism, socialism ) and its meaning / religion and religious attitude and ideology / attitude towards society / anomy / political alienation / image of own party and motives to vote for it / political preferences / opinion on government / sense of political efficacy / perception of political parties as problem solvers / opinion on trade unions / moral libertarianism / traditionalism / conventionality / class consciousness / sense of local political efficacy / democratic ethos / opinions on taxation / attitude to social actions and protest / political information / opinion on environmental pollution / authoritarianism / dogmatism / self-description in ideological terms / actual and desired power structure / antagonistic groups / political participation / attitude towards aid to developing countries / attitude in the field of marriage, family, sexuality / gender roles / ( anti- ) feminist opinions.

Background variables: basic characteristics/ residence/ occupation/employment/ income/capital assets/ education/ social class/ politics/ religion/ readership, mass media, and 'cultural' exposure/ organizational membership.

The data- and documentation files of this dataset can be downloaded via the option Data Files.</dct:description>
       
       
       <dcx-dai:creatorDetails><dcx-dai:author>
        
        <dcx-dai:initials>C.P.</dcx-dai:initials>
        
        <dcx-dai:surname>Middendorp</dcx-dai:surname>
        
        
        <dcx-dai:DAI>info:eu-repo/dai/nl/068364121</dcx-dai:DAI>
        
        <dcx-dai:organization>
        <dcx-dai:name>Erasmus Universiteit Rotterdam * Rotterdam (primary investigator)</dcx-dai:name>
        
      </dcx-dai:organization>
      </dcx-dai:author> </dcx-dai:creatorDetails>
       <ddm:created>1985-12-31</ddm:created>
       <ddm:available>2009-10-04</ddm:available>
       <ddm:audience>D60000</ddm:audience><ddm:audience>D61000</ddm:audience>
       <ddm:accessRights>OPEN_ACCESS_FOR_REGISTERED_USERS</ddm:accessRights>
     
        <ddm:personalData present="Unknown"/>
      </ddm:profile>
     <ddm:dcmiMetadata><dc:title>Cultural change in the Netherlands 1970-1985 and 1975-1980, cumulative files - CV'70'85 and CV'75'80</dc:title>
       <dct:identifier xsi:type="id-type:EASY1">twips.dans.knaw.nl-9118554813246749402-1173188875149</dct:identifier><dct:identifier xsi:type="id-type:URN">urn:nbn:nl:ui:13-qpg-e1h</dct:identifier><dct:identifier xsi:type="id-type:DOI">10.17026/dans-2ah-wwx9</dct:identifier><dct:identifier>STAR: P0998</dct:identifier><dct:identifier xsi:type="id-type:EASY2">easy-dataset:32951</dct:identifier>
       
       
       
       
       
       
       <ddm:relation href="http://194.171.144.69/webview/?v=2&amp;mode=documentation&amp;submode=abstract&amp;study=http%3A%2F%2Fnesstar01.dans.knaw.nl%3A80%2Fobj%2FfStudy%2FP0998&amp;top=yes">DANS EASY Online analysis tool</ddm:relation><ddm:relation>Nas, M; Dekker, P.; Hemmers, C.; Maatschappelijke organisaties, publieke opinie en milieu; 1997; Den Haag; VUGA; 90 5250 927 1; pages 160</ddm:relation><ddm:relation>Sociaal en Cultureel Planbureau; Sociale en culturele verkenningen 1997; 1997; Den Haag; VUGA; 90 5749 103 6; pages 168</ddm:relation><ddm:relation>Dekker, P.; Ester, P.; Political attitudes in a generational perspective : The Netherlands, 1970-1992; Meppel; Boom; Acta Politica; 0001-6810; 30; 1</ddm:relation><ddm:relation>Middendorp, C.P.; Ideology in Dutch politics : The democratic system reconsidered 1970-1985; 1991; Assen\; Maastricht; Van Gorcum; ISBN 90-232-26372</ddm:relation><ddm:relation>Middendorp, C.P.; De ideologische cultuur van de arbeidersklasse : Evolutie van hun positie op de dimensies 'libertair-autoritair'en'links-rechts'in Nederland tussen 1970 en 1992; 1994; Leuven, Amersfoort; ACCO; ISBN 90-334-2931-4; pages 119-138 pp.</ddm:relation><ddm:relation>Sociaal en Cultureel Planbureau; Sociaal en cultureel rapport 1996; September 1996; Den Haag; VUGA; 90 5250 920 4; pages 609 pp.</ddm:relation><ddm:relation>Grotenhuis, M. te; Ontkerkelijking : Oorzaken en gevolgen van sociaal-culturele ontwikkelingenin Nederland; 1999; Nijmegen; Katholieke Universiteit Nijmegen\; Vakgroep Sociologie; 90 373 0472 9; pages 177</ddm:relation><ddm:relation>Scheepers, Peer; Jacques Janssen; Informele aspecten van sociaal kapitaal. Ontwikkelingen in Nederland 1970-1998; 2001; Mens en Maatschappij; 76; 3; pages p. 183-201</ddm:relation><ddm:relation href="http://dx.doi.org/10.17026/dans-zpa-9uwp">Thematische collectie: Culturele Veranderingen in Nederland (CV) en SCP Leefsituatie Index (SLI)</ddm:relation>
       
       <dcx-dai:contributorDetails><dcx-dai:organization>
        <dcx-dai:name>Nederlands Instituut voor Publieke Opinie en marktonderzoek, NIPO * Amsterdam, The Netherlands (data collector)</dcx-dai:name>
        
      </dcx-dai:organization> </dcx-dai:contributorDetails>
       
       
       
       
       <dct:format>spss</dct:format><dct:format>fixed length</dct:format>
       
       
       <dct:subject>political science</dct:subject><dct:subject>politics, internal</dct:subject><dct:subject>family life</dct:subject><dct:subject>sexuality</dct:subject><dct:subject>stereotypes</dct:subject><dct:subject>religion</dct:subject><dct:subject>stratification</dct:subject><dct:subject>personality</dct:subject>
       
       <dct:spatial>Netherlands</dct:spatial>
       <dct:temporal>1970 * 1985</dct:temporal>
       <ddm:datesOfCollection>1970-01-01/1985-12-31</ddm:datesOfCollection>
       
       <dct:license xsi:type="dct:URI">https://doi.org/10.17026/fp39-0x58</dct:license>
       <ddm:language code="dut" encodingScheme="ISO639-2">nld</ddm:language>
       <dct:created>1975</dct:created><dct:created>1980</dct:created><dct:created>1985</dct:created>
     <ddm:inCollection subjectScheme="DANS Collection" valueURI="https://vocabularies.dans.knaw.nl/collections/ssh/7f899692-90b4-49d0-8a5f-891e73ae84c1" schemeURI="https://vocabularies.dans.knaw.nl/collections">Culturele Veranderingen in Nederland (CV) en SCP Leefsituatie Index (SLI)</ddm:inCollection><ddm:description descriptionType="SeriesInformation">
    Het Sociaal en Cultureel Planbureau (SCP) voert sinds 1975 (twee)jaarlijks het onderzoek Culturele Veranderingen in Nederland uit. De reeks bestaat inmiddels uit 30 onderzoeken en bevat zo’n 3500 variabelen en gegevens over meer dan 50.000 respondenten.

De onderzoeken Culturele Veranderingen in Nederland (CV) en SCP Leefsituatie Index (SLI) worden sinds 2004 tweejaarlijks gecombineerd uitgevoerd in samenwerking door het Sociaal Cultureel Planbureau (SCP) en het Centraal Bureau voor de Statistiek (CBS).

Doel van CV is vaststellen welke opvattingen “de Nederlander” heeft over samenleving en cultuur en hoe deze in de loop van de tijd zijn veranderd. Doel van SLI is het ontwikkelen van een indicator om de sociale leefsituatie van Nederland in kaart te brengen en het monitoren van de ontwikkeling van de sociale leefsituatie van de Nederlandse bevolking.

De onderzoeken liggen aan de basis van veel onderzoek uit het werkprogramma van het SCP. Door het CBS zullen de data vooral worden gebruikt ten behoeve van het speerpunt Sociale Samenhang.
  </ddm:description><dct:rightsHolder>Unknown</dct:rightsHolder></ddm:dcmiMetadata>
   </ddm:DDM>