<?xml version='1.0' encoding='UTF-8'?>
<emd:easymetadata emd:version="0.1" xmlns:emd="http://easy.dans.knaw.nl/easy/easymetadata/" xmlns:eas="http://easy.dans.knaw.nl/easy/easymetadata/eas/" xmlns:dct="http://purl.org/dc/terms/" xmlns:dc="http://purl.org/dc/elements/1.1/" xmlns:xsi="http://www.w3.org/2001/XMLSchema-instance" xmlns:foxml="info:fedora/fedora-system:def/foxml#">
  <emd:title>
    <dc:title>Culturele Veranderingen in Nederland 1970-1985 en 1975-1980, cumulatief - CV'70'85 en CV'75'80</dc:title>
    <dc:title>Cultural change in the Netherlands 1970-1985 and 1975-1980, cumulative files - CV'70'85 and CV'75'80</dc:title>
  </emd:title>
  <emd:creator>
    <eas:creator>
      <eas:initials>C.P.</eas:initials>
      <eas:surname>Middendorp</eas:surname>
      <eas:organization>Erasmus Universiteit Rotterdam * Rotterdam (primary investigator)</eas:organization>
      <eas:entityId eas:scheme="DAI">068364121</eas:entityId>
    </eas:creator>
  </emd:creator>
  <emd:subject>
    <dc:subject>political science</dc:subject>
    <dc:subject>politics, internal</dc:subject>
    <dc:subject>family life</dc:subject>
    <dc:subject>sexuality</dc:subject>
    <dc:subject>stereotypes</dc:subject>
    <dc:subject>religion</dc:subject>
    <dc:subject>stratification</dc:subject>
    <dc:subject>personality</dc:subject>
  </emd:subject>
  <emd:description>
    <dc:description>This study aims at monitoring the process of change in Dutch political culture from an ideological perspective and in relation to voting behaviour and the further development of concepts regarding this process. It contains two cumulative files, which span four measurements ( 1970, 1975, 1980, 1985: P0998A ) and two measurements ( 1975, 1980: P0998B ) respectively. The variables in the two files are those shared by the files of the separate measurements. There is a considerable overlap in variables between the two files, the larger of which is described below.

For more detailed information on f.i. fieldwork, non-response etc. please refer to the constituent parts, being: 1970: P0079 Progressiveness and Conservatism 1975: P0216 Cultural Change in the Netherlands 1975 1980: P0741 Cultural Change in the Netherlands 1980 1985: P0836 Cultural Change in the Netherlands 1985

Themes: mass media exposure to political and news items / job satisfaction / aspirations / attitude towards present prosperity / expectations about future ( 2000 ad ) / wishes and opinions on existing society / tasks of government / personal life situation / anxieties / worries / neuroticism / satisfaction / opinions on social welfare facilities and the income distribution / attitude towards having a say in matters / rights / freedom and equality as basic values / ideology ( liberalism, conservatism, socialism ) and its meaning / religion and religious attitude and ideology / attitude towards society / anomy / political alienation / image of own party and motives to vote for it / political preferences / opinion on government / sense of political efficacy / perception of political parties as problem solvers / opinion on trade unions / moral libertarianism / traditionalism / conventionality / class consciousness / sense of local political efficacy / democratic ethos / opinions on taxation / attitude to social actions and protest / political information / opinion on environmental pollution / authoritarianism / dogmatism / self-description in ideological terms / actual and desired power structure / antagonistic groups / political participation / attitude towards aid to developing countries / attitude in the field of marriage, family, sexuality / gender roles / ( anti- ) feminist opinions.

Background variables: basic characteristics/ residence/ occupation/employment/ income/capital assets/ education/ social class/ politics/ religion/ readership, mass media, and 'cultural' exposure/ organizational membership.

The data- and documentation files of this dataset can be downloaded via the option Data Files.</dc:description>
  </emd:description>
  <emd:contributor>
    <eas:contributor>
      <eas:organization>Nederlands Instituut voor Publieke Opinie en marktonderzoek, NIPO * Amsterdam, The Netherlands (data collector)</eas:organization>  
    <eas:entityId eas:scheme="DAI"/>
    </eas:contributor>
  </emd:contributor>
  <emd:date>
    <dct:created>1970-01-01 to 1985-12-31</dct:created>
    <eas:created eas:scheme="W3CDTF" eas:format="YEAR">1975-01-01T00:00:00.000+01:00</eas:created>
    <eas:created eas:scheme="W3CDTF" eas:format="YEAR">1980-01-01T00:00:00.000+01:00</eas:created>
    <eas:created eas:scheme="W3CDTF" eas:format="YEAR">1985-01-01T00:00:00.000+01:00</eas:created>
    <eas:available eas:scheme="W3CDTF" eas:format="DAY">2009-10-04T00:00:00.000+02:00</eas:available>
  </emd:date>
  <emd:format>
    <dc:format>spss</dc:format>
    <dc:format>fixed length</dc:format>
  </emd:format>
  <emd:identifier>
    <dc:identifier eas:scheme="AIP_ID">twips.dans.knaw.nl-9118554813246749402-1173188875149</dc:identifier>
    <dc:identifier eas:scheme="PID" eas:identification-system="http://www.persistent-identifier.nl">urn:nbn:nl:ui:13-qpg-e1h</dc:identifier>
    <dc:identifier eas:scheme="DOI" eas:identification-system="http://dx.doi.org">10.17026/dans-2ah-wwx9</dc:identifier>
    <dc:identifier>STAR: P0998</dc:identifier>
    <dc:identifier eas:scheme="DMO_ID">easy-dataset:32951</dc:identifier>
  </emd:identifier>
  <emd:source/>
  <emd:language>
    <dc:language eas:schemeId="common.dc.language" eas:scheme="ISO 639">dut/nld</dc:language>
  </emd:language>
  <emd:relation>
    <eas:relation>
      <eas:subject-title>DANS EASY Online analysis tool</eas:subject-title>
      <eas:subject-link>http://194.171.144.69/webview/?v=2&amp;mode=documentation&amp;submode=abstract&amp;study=http%3A%2F%2Fnesstar01.dans.knaw.nl%3A80%2Fobj%2FfStudy%2FP0998&amp;top=yes</eas:subject-link>
    </eas:relation>
    <eas:relation>
      <eas:subject-title>Nas, M; Dekker, P.; Hemmers, C.; Maatschappelijke organisaties, publieke opinie en milieu; 1997; Den Haag; VUGA; 90 5250 927 1; pages 160</eas:subject-title>
    </eas:relation>
    <eas:relation>
      <eas:subject-title>Sociaal en Cultureel Planbureau; Sociale en culturele verkenningen 1997; 1997; Den Haag; VUGA; 90 5749 103 6; pages 168</eas:subject-title>
    </eas:relation>
    <eas:relation>
      <eas:subject-title>Dekker, P.; Ester, P.; Political attitudes in a generational perspective : The Netherlands, 1970-1992; Meppel; Boom; Acta Politica; 0001-6810; 30; 1</eas:subject-title>
    </eas:relation>
    <eas:relation>
      <eas:subject-title>Middendorp, C.P.; Ideology in Dutch politics : The democratic system reconsidered 1970-1985; 1991; Assen\; Maastricht; Van Gorcum; ISBN 90-232-26372</eas:subject-title>
    </eas:relation>
    <eas:relation>
      <eas:subject-title>Middendorp, C.P.; De ideologische cultuur van de arbeidersklasse : Evolutie van hun positie op de dimensies 'libertair-autoritair'en'links-rechts'in Nederland tussen 1970 en 1992; 1994; Leuven, Amersfoort; ACCO; ISBN 90-334-2931-4; pages 119-138 pp.</eas:subject-title>
    </eas:relation>
    <eas:relation>
      <eas:subject-title>Sociaal en Cultureel Planbureau; Sociaal en cultureel rapport 1996; September 1996; Den Haag; VUGA; 90 5250 920 4; pages 609 pp.</eas:subject-title>
    </eas:relation>
    <eas:relation>
      <eas:subject-title>Grotenhuis, M. te; Ontkerkelijking : Oorzaken en gevolgen van sociaal-culturele ontwikkelingenin Nederland; 1999; Nijmegen; Katholieke Universiteit Nijmegen\; Vakgroep Sociologie; 90 373 0472 9; pages 177</eas:subject-title>
    </eas:relation>
    <eas:relation>
      <eas:subject-title>Scheepers, Peer; Jacques Janssen; Informele aspecten van sociaal kapitaal. Ontwikkelingen in Nederland 1970-1998; 2001; Mens en Maatschappij; 76; 3; pages p. 183-201</eas:subject-title>
    </eas:relation>
    <eas:relation eas:emphasis="true">
      <eas:subject-title>Thematische collectie: Culturele Veranderingen in Nederland (CV) en SCP Leefsituatie Index (SLI)</eas:subject-title>
      <eas:subject-link>http://dx.doi.org/10.17026/dans-zpa-9uwp</eas:subject-link>
    </eas:relation>
  </emd:relation>
  <emd:coverage>
    <dct:spatial>Netherlands</dct:spatial>
    <dct:temporal>1970 * 1985</dct:temporal>
  </emd:coverage>
  <emd:rights>
    <dct:accessRights eas:schemeId="common.dcterms.accessrights">OPEN_ACCESS_FOR_REGISTERED_USERS</dct:accessRights>
    <dct:license eas:scheme="EASY version 1">accept</dct:license>
  </emd:rights>
  <emd:audience>
    <dct:audience eas:schemeId="custom.disciplines">easy-discipline:42</dct:audience>
    <dct:audience eas:schemeId="custom.disciplines">easy-discipline:51</dct:audience>
  </emd:audience>
  <emd:other>
    <eas:application-specific>
      <eas:metadataformat>SOCIOLOGY</eas:metadataformat>
    </eas:application-specific>
    <eas:etc>
      <property-list>
        <comment>Synchronization of EasyII</comment>
        <entry key="conversion.date">2011-05-20T00:03:00.845Z</entry>
        <entry key="previous.collection-id">twips.dans.knaw.nl-9118554813246749402-1173188875149</entry>
        <entry key="nl.knaw.dans.easy.tools.task.am.dataset.AudienceCorrectorTask">2011-07-20T18:50:12.998+02:00</entry>
      </property-list>
    </eas:etc>
  </emd:other>
</emd:easymetadata>