<?xml version='1.0' encoding='UTF-8'?>
<files xsi:schemaLocation="http://easy.dans.knaw.nl/schemas/bag/metadata/files/ http://easy.dans.knaw.nl/schemas/bag/metadata/files/files.xsd" xmlns:xsi="http://www.w3.org/2001/XMLSchema-instance" xmlns="http://easy.dans.knaw.nl/schemas/bag/metadata/files/" xmlns:afm="http://easy.dans.knaw.nl/schemas/bag/metadata/afm/" xmlns:dct="http://purl.org/dc/terms/">
    <file filepath="data/dat/p0998a.lab">
        <!--original/dat/p0998a.lab-->
        <dct:identifier>easy-file:1450003</dct:identifier>
        <dct:title>p0998a.lab</dct:title>
        <dct:format>application/octet-stream</dct:format>
        <dct:extent>0.0MB</dct:extent>
        
        <accessibleToRights>KNOWN</accessibleToRights>
        <visibleToRights>ANONYMOUS</visibleToRights>
        
        
      </file><file filepath="data/dat/p0998b.doc">
        <!--original/dat/p0998b.doc-->
        <dct:identifier>easy-file:1450004</dct:identifier>
        <dct:title>p0998b.doc</dct:title>
        <dct:format>application/octet-stream</dct:format>
        <dct:extent>0.0MB</dct:extent>
        
        <accessibleToRights>KNOWN</accessibleToRights>
        <visibleToRights>ANONYMOUS</visibleToRights>
        
        
      </file><file filepath="data/dat/p0998b.dic">
        <!--original/dat/p0998b.dic-->
        <dct:identifier>easy-file:1449995</dct:identifier>
        <dct:title>p0998b.dic</dct:title>
        <dct:format>application/octet-stream</dct:format>
        <dct:extent>0.1MB</dct:extent>
        
        <accessibleToRights>KNOWN</accessibleToRights>
        <visibleToRights>ANONYMOUS</visibleToRights>
        
        
      </file><file filepath="data/dat/P0998A_Middendorp.pdf">
        <!--original/dat/P0998A_Middendorp.pdf-->
        <dct:identifier>easy-file:6207412</dct:identifier>
        <dct:title>P0998A_Middendorp.pdf</dct:title>
        <dct:format>application/pdf</dct:format>
        <dct:extent>0.2MB</dct:extent>
        
        <accessibleToRights>KNOWN</accessibleToRights>
        <visibleToRights>ANONYMOUS</visibleToRights>
        
        <dct:source>data/dat/P0998A_Middendorp.doc</dct:source>
      </file><file filepath="data/dat/p0998b.por">
        <!--original/dat/p0998b.por-->
        <dct:identifier>easy-file:1450012</dct:identifier>
        <dct:title>p0998b.por</dct:title>
        <dct:format>application/octet-stream</dct:format>
        <dct:extent>3.5MB</dct:extent>
        
        <accessibleToRights>KNOWN</accessibleToRights>
        <visibleToRights>ANONYMOUS</visibleToRights>
        
        
      </file><file filepath="data/dat/p0998a75.sav">
        <!--original/dat/p0998a75.sav-->
        <dct:identifier>easy-file:1449994</dct:identifier>
        <dct:title>p0998a75.sav</dct:title>
        <dct:format>application/octet-stream</dct:format>
        <dct:extent>0.6MB</dct:extent>
        
        <accessibleToRights>KNOWN</accessibleToRights>
        <visibleToRights>ANONYMOUS</visibleToRights>
        
        
      </file><file filepath="data/dat/p0998b.lab">
        <!--original/dat/p0998b.lab-->
        <dct:identifier>easy-file:1450011</dct:identifier>
        <dct:title>p0998b.lab</dct:title>
        <dct:format>application/octet-stream</dct:format>
        <dct:extent>0.0MB</dct:extent>
        
        <accessibleToRights>KNOWN</accessibleToRights>
        <visibleToRights>ANONYMOUS</visibleToRights>
        
        
      </file><file filepath="data/dat/p0998ovd.pdf">
        <!--original/dat/p0998ovd.pdf-->
        <dct:identifier>easy-file:1449999</dct:identifier>
        <dct:title>p0998ovd.pdf</dct:title>
        <dct:format>application/pdf</dct:format>
        <dct:extent>0.3MB</dct:extent>
        
        <accessibleToRights>KNOWN</accessibleToRights>
        <visibleToRights>ANONYMOUS</visibleToRights>
        
        
      </file><file filepath="data/dat/p0998.pdf">
        <!--original/dat/p0998.pdf-->
        <dct:identifier>easy-file:1450005</dct:identifier>
        <dct:title>p0998.pdf</dct:title>
        <dct:format>application/pdf</dct:format>
        <dct:extent>0.0MB</dct:extent>
        
        <accessibleToRights>KNOWN</accessibleToRights>
        <visibleToRights>ANONYMOUS</visibleToRights>
        
        
      </file><file filepath="data/dat/p0998a85.sav">
        <!--original/dat/p0998a85.sav-->
        <dct:identifier>easy-file:1450009</dct:identifier>
        <dct:title>p0998a85.sav</dct:title>
        <dct:format>application/octet-stream</dct:format>
        <dct:extent>0.6MB</dct:extent>
        
        <accessibleToRights>KNOWN</accessibleToRights>
        <visibleToRights>ANONYMOUS</visibleToRights>
        
        
      </file><file filepath="data/dat/p0998a80.sav">
        <!--original/dat/p0998a80.sav-->
        <dct:identifier>easy-file:1449997</dct:identifier>
        <dct:title>p0998a80.sav</dct:title>
        <dct:format>application/octet-stream</dct:format>
        <dct:extent>0.7MB</dct:extent>
        
        <accessibleToRights>KNOWN</accessibleToRights>
        <visibleToRights>ANONYMOUS</visibleToRights>
        
        
      </file><file filepath="data/dat/middlabcross.SPS">
        <!--original/dat/middlabcross.SPS-->
        <dct:identifier>easy-file:1449996</dct:identifier>
        <dct:title>middlabcross.SPS</dct:title>
        <dct:format>text/plain</dct:format>
        <dct:extent>0.0MB</dct:extent>
        
        <accessibleToRights>KNOWN</accessibleToRights>
        <visibleToRights>ANONYMOUS</visibleToRights>
        
        
      </file><file filepath="data/dat/p0998a70.sav">
        <!--original/dat/p0998a70.sav-->
        <dct:identifier>easy-file:1449993</dct:identifier>
        <dct:title>p0998a70.sav</dct:title>
        <dct:format>application/octet-stream</dct:format>
        <dct:extent>0.7MB</dct:extent>
        
        <accessibleToRights>KNOWN</accessibleToRights>
        <visibleToRights>ANONYMOUS</visibleToRights>
        
        
      </file><file filepath="data/dat/p0998a.por">
        <!--original/dat/p0998a.por-->
        <dct:identifier>easy-file:1450000</dct:identifier>
        <dct:title>p0998a.por</dct:title>
        <dct:format>application/octet-stream</dct:format>
        <dct:extent>5.0MB</dct:extent>
        
        <accessibleToRights>KNOWN</accessibleToRights>
        <visibleToRights>ANONYMOUS</visibleToRights>
        
        
      </file><file filepath="data/additional-metadata-P0998.xml">
        <!--original/additional-metadata-P0998.xml-->
        <dct:identifier>easy-file:3933987</dct:identifier>
        <dct:title>additional-metadata-P0998.xml</dct:title>
        <dct:format>text/xml</dct:format>
        <dct:extent>0.0MB</dct:extent>
        
        <accessibleToRights>ANONYMOUS</accessibleToRights>
        <visibleToRights>ANONYMOUS</visibleToRights>
        
        
      </file><file filepath="data/dat/p0998anew.por">
        <!--original/dat/p0998anew.por-->
        <dct:identifier>easy-file:1450013</dct:identifier>
        <dct:title>p0998anew.por</dct:title>
        <dct:format>application/octet-stream</dct:format>
        <dct:extent>5.1MB</dct:extent>
        
        <accessibleToRights>KNOWN</accessibleToRights>
        <visibleToRights>ANONYMOUS</visibleToRights>
        
        
      </file><file filepath="data/dat/p0998prc.pdf">
        <!--original/dat/p0998prc.pdf-->
        <dct:identifier>easy-file:1450001</dct:identifier>
        <dct:title>p0998prc.pdf</dct:title>
        <dct:format>application/pdf</dct:format>
        <dct:extent>2.1MB</dct:extent>
        
        <accessibleToRights>KNOWN</accessibleToRights>
        <visibleToRights>ANONYMOUS</visibleToRights>
        
        
      </file><file filepath="data/dat/p0998.ovz">
        <!--original/dat/p0998.ovz-->
        <dct:identifier>easy-file:1449998</dct:identifier>
        <dct:title>p0998.ovz</dct:title>
        <dct:format>text/plain</dct:format>
        <dct:extent>0.0MB</dct:extent>
        
        <accessibleToRights>KNOWN</accessibleToRights>
        <visibleToRights>ANONYMOUS</visibleToRights>
        
        
      </file><file filepath="data/dat/p0998a.sav">
        <!--original/dat/p0998a.sav-->
        <dct:identifier>easy-file:1450010</dct:identifier>
        <dct:title>p0998a.sav</dct:title>
        <dct:format>application/octet-stream</dct:format>
        <dct:extent>2.5MB</dct:extent>
        
        <accessibleToRights>KNOWN</accessibleToRights>
        <visibleToRights>ANONYMOUS</visibleToRights>
        
        
      </file><file filepath="data/dat/P0998A_Middendorp.doc">
        <!--original/dat/P0998A_Middendorp.doc-->
        <dct:identifier>easy-file:1450007</dct:identifier>
        <dct:title>P0998A_Middendorp.doc</dct:title>
        <dct:format>application/vnd.ms-word</dct:format>
        <dct:extent>0.0MB</dct:extent>
        
        <accessibleToRights>KNOWN</accessibleToRights>
        <visibleToRights>ANONYMOUS</visibleToRights>
        
        
      </file><file filepath="data/dat/p0998b.frq">
        <!--original/dat/p0998b.frq-->
        <dct:identifier>easy-file:1450002</dct:identifier>
        <dct:title>p0998b.frq</dct:title>
        <dct:format>application/octet-stream</dct:format>
        <dct:extent>0.4MB</dct:extent>
        
        <accessibleToRights>KNOWN</accessibleToRights>
        <visibleToRights>ANONYMOUS</visibleToRights>
        
        
      </file><file filepath="data/dat/p0998a.dic">
        <!--original/dat/p0998a.dic-->
        <dct:identifier>easy-file:1450008</dct:identifier>
        <dct:title>p0998a.dic</dct:title>
        <dct:format>application/octet-stream</dct:format>
        <dct:extent>0.1MB</dct:extent>
        
        <accessibleToRights>KNOWN</accessibleToRights>
        <visibleToRights>ANONYMOUS</visibleToRights>
        
        
      </file><file filepath="data/dat/p0998a.frq">
        <!--original/dat/p0998a.frq-->
        <dct:identifier>easy-file:1450006</dct:identifier>
        <dct:title>p0998a.frq</dct:title>
        <dct:format>application/octet-stream</dct:format>
        <dct:extent>0.3MB</dct:extent>
        
        <accessibleToRights>KNOWN</accessibleToRights>
        <visibleToRights>ANONYMOUS</visibleToRights>
        
        
      </file>
    </files>