<?xml version="1.0" encoding="UTF-8"?>
<ddm:DDM xsi:schemaLocation="http://schemas.dans.knaw.nl/dataset/ddm-v2/ https://schemas.dans.knaw.nl/md/ddm/v2/ddm.xsd" xmlns:id-type="http://easy.dans.knaw.nl/schemas/vocab/identifier-type/" xmlns:ddm="http://schemas.dans.knaw.nl/dataset/ddm-v2/" xmlns:abr="http://www.den.nl/standaard/166/Archeologisch-Basisregister/" xmlns:gml="http://www.opengis.net/gml" xmlns:dcx-gml="http://easy.dans.knaw.nl/schemas/dcx/gml/" xmlns:dcx-dai="http://easy.dans.knaw.nl/schemas/dcx/dai/" xmlns:dct="http://purl.org/dc/terms/" xmlns:xsi="http://www.w3.org/2001/XMLSchema-instance" xmlns:dc="http://purl.org/dc/elements/1.1/">
     <ddm:profile>
        
       <dc:title>Culturele Veranderingen in Nederland 1988 - CV'88</dc:title>
       <dct:description>The international part of this study contains questions about aspects of family life/ the national part contains questions about many social and cultural aspects of life. International part of the study: attitude towards several aspects of marriage, a working wife, ( number of ) children and divorces.

National part of the study: several aspects of living situation: household composition, housing situation, presence of shops, post office, school, pub or doctor in the direct surroundings of the house / satisfaction with living: quarter, neighbours, contacts with other people in the quarter / consumption of durables / working situation: employment, working environment noise, stench, heavy physical work, monotonous work, tempo / attitude towards work and self realization / volunteer work / detailed account of leisure time activities / financial position / moving / stressful events / health: several disorders and handicaps / medical consumption / absenteeism / medical insurance / number of visits to the doctor and hospital last year / use of social services / happiness / income and education / number of holidays last year, holidays abroad, holidays out of Europe / political preference, interest and involvement / political opinion about education, environment, distribution of incomes, social security benefits, participation / r's expectations about economy one year later / preparedness for reduction of working hours / difference between income of employment and social security benefits.

Background variables: basic characteristics/ residence/ housing situation/ household characteristics/ characteristics of parental family/household/ occupation/employment/ income/capital assets/ education/ social class/ politics/ religion/ consumption of durables/ readership, mass media, and 'cultural' exposure/ organizational membership.  

The data- and documentation files of this dataset can be downloaded via the option Data Files.</dct:description>
       
       
       <dcx-dai:creatorDetails><dcx-dai:author>
        
        <dcx-dai:initials>J.W.</dcx-dai:initials>
        
        <dcx-dai:surname>Becker</dcx-dai:surname>
        
        
        <dcx-dai:DAI>info:eu-repo/dai/nl/068364121</dcx-dai:DAI>
        
        <dcx-dai:organization>
        <dcx-dai:name>Sociaal en Cultureel Planbureau, SCP * Den Haag</dcx-dai:name>
        
      </dcx-dai:organization>
      </dcx-dai:author> </dcx-dai:creatorDetails><dcx-dai:creatorDetails><dcx-dai:author>
        
        <dcx-dai:initials>A.N.</dcx-dai:initials>
        
        <dcx-dai:surname>Nauta</dcx-dai:surname>
        
        
        
        
        <dcx-dai:organization>
        <dcx-dai:name>Sociaal en Cultureel Planbureau, SCP * Den Haag (primary investigator)</dcx-dai:name>
        
      </dcx-dai:organization>
      </dcx-dai:author> </dcx-dai:creatorDetails>
       <ddm:created>1989-01-31</ddm:created>
       <ddm:available>2009-10-04</ddm:available>
       <ddm:audience>D60000</ddm:audience><ddm:audience>D61000</ddm:audience>
       <ddm:accessRights>OPEN_ACCESS</ddm:accessRights>
     
        <ddm:personalData present="Unknown"/>
      </ddm:profile>
     <ddm:dcmiMetadata><dc:title>Cultural changes in the Netherlands 1988 - CV'88</dc:title>
       <dct:identifier xsi:type="id-type:EASY1">twips.dans.knaw.nl--6188993916668741981-1173952680288</dct:identifier><dct:identifier xsi:type="id-type:URN">urn:nbn:nl:ui:13-zat-kgp</dct:identifier><dct:identifier xsi:type="id-type:DOI">10.17026/dans-xgd-hp4y</dct:identifier><dct:identifier>STAR: P1018</dct:identifier><dct:identifier xsi:type="id-type:EASY2">easy-dataset:32540</dct:identifier>
       
       
       
       
       
       
       <ddm:relation href="http://nesstar.dans.knaw.nl">DANS EASY Online analysis tool</ddm:relation><ddm:relation>Scheepers, Peer; Jacques Janssen; Informele aspecten van sociaal kapitaal. Ontwikkelingen in Nederland 1970-1998; 2001; Mens en Maatschappij; 76; 3; pages p. 183-201</ddm:relation><ddm:relation>Nas, M; Dekker, P.; Hemmers, C.; Maatschappelijke organisaties, publieke opinie en milieu; 1997; Den Haag; VUGA; 90 5250 927 1; pages 160</ddm:relation><ddm:relation>Sociaal en Cultureel Planbureau; Sociale en culturele verkenningen 1997; 1997; Den Haag; VUGA; 90 5749 103 6; pages 168</ddm:relation><ddm:relation>Gijsberts, M.; Culturele Veranderingen : Het wegen waard; 1993; Rijswijk; Sociaal en Cultureel Planbureau, SCP; pages 100 pp.</ddm:relation><ddm:relation>Sociaal en Cultureel Planbureau, SCP; Sociale en Culturele Verkenningen 1991; 1991; Rijswijk; Sociaal en Cultureel Planbureau, SCP; 90 5250 309 5; pages 94 pp.</ddm:relation><ddm:relation>Sociaal en Cultureel Planbureau; Sociale en Culturele Verkenningen 1993; 1993; Rijswijk; Sociaal en Cultureel Planbureau; 90 5250 339 7; pages 147 pp.</ddm:relation><ddm:relation>Vollebergh, W.; Normen en waarden bij jongeren : Een vooronderzoek naar de invloed van school, gezin enleeftijdgenoten op de ontwikkeling van het maatschappelijk normbesefbij jongeren, rapport in opdracht van de Commissie Jeugdonderzoek ende Ministeries van VWS en O&amp;W; 1995; Utrecht; Rijksuniversiteit Utrecht, Vakgroep Jeugd, Gezin en Levensloop; pages 50 pp.</ddm:relation><ddm:relation>; Sociaal en Cultureel Rapport 1990; 1990; Rijswijk; SCP</ddm:relation><ddm:relation>; Social and Cultural Report 1990; 1991; Rijswijk; Social and Cultural Planning Office</ddm:relation><ddm:relation>Mootz, M.\; Konings-van der Snoek, M.; De mate van welzijn; 1990; Rijswijk; Sociaal en Cultureel Planbureau, SCP; 90-377-0045-4</ddm:relation><ddm:relation>NIPO; Mosaic kent de consument achter elk adres : Informatie; Januari 1989; Amsterdam; NIPO; pages 43 pp.</ddm:relation><ddm:relation>Sociaal en Cultureel Planbureau, SCP; Sociale en Culturele Verkenningen 1988; 1987; Rijswijk; Sociaal en Cultureel Planbureau, SCP; 90 346 1322 4; pages 67 pp.</ddm:relation><ddm:relation>Sociaal en Cultureel Planbureau, SCP; Sociale en Culturele Verkenningen 1988; 1987; Rijswijk; Sociaal en Cultureel Planbureau, SCP; 90 346 1322 4; pages 67 pp.</ddm:relation><ddm:relation>Vlaardingen, F. van; Cultural changes in the Netherlands 1988 : Codebook of the survey &quot;Cultural Changes in the Netherlands 1988&quot;; 1992; Amsterdam; Steinmetz Archive / SWIDOC; 90-71684-23-7</ddm:relation><ddm:relation>Sociaal en Cultureel Planbureau, SCP; Sociaal en cultureel rapport 1994; 1994; Rijswijk\; Den Haag; Sociaal en Cultureel Planbureau, SCP\; VUGA; 90-5250-617-5; 0922-8772; pages 644 pp.</ddm:relation><ddm:relation>Sociaal en Cultureel Planbureau; Sociaal en cultureel rapport 1996; September 1996; Den Haag; VUGA; 90 5250 920 4; pages 609 pp.</ddm:relation><ddm:relation>Sociaal en Cultureel Planbureau; Sociale en culturele verkenningen 1998 Cahier; 1998; Den Haag; VUGA; 90 5749 113 3; pages 190</ddm:relation><ddm:relation>Portegijs, Wil; Annemarie Boelens; Saskia Keuzekamp; Emancipatiemonitor 2002; Den Haag, Voorburg; SCP, CBS; 90-377-0110-8; SCP-publikatie 2002/13; 1569-4674</ddm:relation><ddm:relation href="http://dx.doi.org/10.17026/dans-zpa-9uwp">Thematische collectie: Culturele Veranderingen in Nederland (CV) en SCP Leefsituatie Index (SLI)</ddm:relation>
       
       <dcx-dai:contributorDetails><dcx-dai:organization>
        <dcx-dai:name>Sociaal en Cultureel Planbureau, SCP * Den Haag (research initiator)</dcx-dai:name>
        
      </dcx-dai:organization> </dcx-dai:contributorDetails><dcx-dai:contributorDetails><dcx-dai:organization>
        <dcx-dai:name>Nederlands Instituut voor Publieke Opinie en marktonderzoek, NIPO * Amsterdam, the Netherlands (data collector)</dcx-dai:name>
        
      </dcx-dai:organization> </dcx-dai:contributorDetails>
       <dct:rightsHolder>Sociaal en Cultureel Planbureau (SCP)</dct:rightsHolder>
       
       
       
       
       
       
       <dct:subject>sociology</dct:subject><dct:subject>consumption</dct:subject><dct:subject>health</dct:subject><dct:subject>housing</dct:subject><dct:subject>leisure</dct:subject><dct:subject>living conditions</dct:subject>
       
       <dct:spatial>Netherlands</dct:spatial><dct:spatial>Nederland</dct:spatial>
       <dct:temporal>1988 * 1989</dct:temporal>
       <ddm:datesOfCollection>1988-11-01/1989-01-31</ddm:datesOfCollection>
       
       <dct:license xsi:type="dct:URI">http://creativecommons.org/licenses/by/4.0</dct:license>
       <ddm:language code="dut" encodingScheme="ISO639-2">nld</ddm:language>
       <dct:created>1988</dct:created>
     <ddm:inCollection subjectScheme="DANS Collection" valueURI="https://vocabularies.dans.knaw.nl/collections/ssh/7f899692-90b4-49d0-8a5f-891e73ae84c1" schemeURI="https://vocabularies.dans.knaw.nl/collections">Culturele Veranderingen in Nederland (CV) en SCP Leefsituatie Index (SLI)</ddm:inCollection><ddm:description descriptionType="SeriesInformation">
    Het Sociaal en Cultureel Planbureau (SCP) voert sinds 1975 (twee)jaarlijks het onderzoek Culturele Veranderingen in Nederland uit. De reeks bestaat inmiddels uit 30 onderzoeken en bevat zo’n 3500 variabelen en gegevens over meer dan 50.000 respondenten.

De onderzoeken Culturele Veranderingen in Nederland (CV) en SCP Leefsituatie Index (SLI) worden sinds 2004 tweejaarlijks gecombineerd uitgevoerd in samenwerking door het Sociaal Cultureel Planbureau (SCP) en het Centraal Bureau voor de Statistiek (CBS).

Doel van CV is vaststellen welke opvattingen “de Nederlander” heeft over samenleving en cultuur en hoe deze in de loop van de tijd zijn veranderd. Doel van SLI is het ontwikkelen van een indicator om de sociale leefsituatie van Nederland in kaart te brengen en het monitoren van de ontwikkeling van de sociale leefsituatie van de Nederlandse bevolking.

De onderzoeken liggen aan de basis van veel onderzoek uit het werkprogramma van het SCP. Door het CBS zullen de data vooral worden gebruikt ten behoeve van het speerpunt Sociale Samenhang.
  </ddm:description></ddm:dcmiMetadata>
   </ddm:DDM>