<?xml version='1.0' encoding='UTF-8'?>
<emd:easymetadata emd:version="0.1" xmlns:emd="http://easy.dans.knaw.nl/easy/easymetadata/" xmlns:eas="http://easy.dans.knaw.nl/easy/easymetadata/eas/" xmlns:dct="http://purl.org/dc/terms/" xmlns:dc="http://purl.org/dc/elements/1.1/" xmlns:xsi="http://www.w3.org/2001/XMLSchema-instance" xmlns:foxml="info:fedora/fedora-system:def/foxml#">
  <emd:title>
    <dc:title>Culturele Veranderingen in Nederland 1988 - CV'88</dc:title>
    <dc:title>Cultural changes in the Netherlands 1988 - CV'88</dc:title>
  </emd:title>
  <emd:creator>
    <eas:creator>
      <eas:initials>J.W.</eas:initials>
      <eas:surname>Becker</eas:surname>
      <eas:organization>Sociaal en Cultureel Planbureau, SCP * Den Haag</eas:organization>
      <eas:entityId eas:scheme="DAI">068364121</eas:entityId>
    </eas:creator>
    <eas:creator>
      <eas:initials>A.N.</eas:initials>
      <eas:surname>Nauta</eas:surname>
      <eas:organization>Sociaal en Cultureel Planbureau, SCP * Den Haag (primary investigator)</eas:organization>
      <eas:entityId eas:scheme="DAI"/>
    </eas:creator>
  </emd:creator>
  <emd:subject>
    <dc:subject>sociology</dc:subject>
    <dc:subject>consumption</dc:subject>
    <dc:subject>health</dc:subject>
    <dc:subject>housing</dc:subject>
    <dc:subject>leisure</dc:subject>
    <dc:subject>living conditions</dc:subject>
  </emd:subject>
  <emd:description>
    <dc:description>The international part of this study contains questions about aspects of family life/ the national part contains questions about many social and cultural aspects of life. International part of the study: attitude towards several aspects of marriage, a working wife, ( number of ) children and divorces.

National part of the study: several aspects of living situation: household composition, housing situation, presence of shops, post office, school, pub or doctor in the direct surroundings of the house / satisfaction with living: quarter, neighbours, contacts with other people in the quarter / consumption of durables / working situation: employment, working environment noise, stench, heavy physical work, monotonous work, tempo / attitude towards work and self realization / volunteer work / detailed account of leisure time activities / financial position / moving / stressful events / health: several disorders and handicaps / medical consumption / absenteeism / medical insurance / number of visits to the doctor and hospital last year / use of social services / happiness / income and education / number of holidays last year, holidays abroad, holidays out of Europe / political preference, interest and involvement / political opinion about education, environment, distribution of incomes, social security benefits, participation / r's expectations about economy one year later / preparedness for reduction of working hours / difference between income of employment and social security benefits.

Background variables: basic characteristics/ residence/ housing situation/ household characteristics/ characteristics of parental family/household/ occupation/employment/ income/capital assets/ education/ social class/ politics/ religion/ consumption of durables/ readership, mass media, and 'cultural' exposure/ organizational membership.  

The data- and documentation files of this dataset can be downloaded via the option Data Files.</dc:description>
  </emd:description>
  <emd:contributor>
    <eas:contributor>
      <eas:organization>Sociaal en Cultureel Planbureau, SCP * Den Haag (research initiator)</eas:organization>
      <eas:entityId eas:scheme="DAI"/>
    </eas:contributor>
    <eas:contributor>
      <eas:organization>Nederlands Instituut voor Publieke Opinie en marktonderzoek, NIPO * Amsterdam, the Netherlands (data collector)</eas:organization>
      <eas:entityId eas:scheme="DAI"/>
    </eas:contributor>
  </emd:contributor>
  <emd:date>
    <dct:created>1988-11-01 to 1989-01-31</dct:created>
    <eas:created eas:scheme="W3CDTF" eas:format="YEAR">1988-01-01T00:00:00.000+01:00</eas:created>
    <eas:available eas:scheme="W3CDTF" eas:format="DAY">2009-10-04T00:00:00.000+02:00</eas:available>
  </emd:date>
  <emd:format/>
  <emd:identifier>
    <dc:identifier eas:scheme="AIP_ID">twips.dans.knaw.nl--6188993916668741981-1173952680288</dc:identifier>
    <dc:identifier eas:scheme="PID" eas:identification-system="http://www.persistent-identifier.nl">urn:nbn:nl:ui:13-zat-kgp</dc:identifier>
    <dc:identifier eas:scheme="DOI" eas:identification-system="http://dx.doi.org">10.17026/dans-xgd-hp4y</dc:identifier>
    <dc:identifier>STAR: P1018</dc:identifier>
    <dc:identifier eas:scheme="DMO_ID">easy-dataset:32540</dc:identifier>
  </emd:identifier>
  <emd:source/>
  <emd:language>
    <dc:language eas:schemeId="common.dc.language" eas:scheme="ISO 639">dut/nld</dc:language>
  </emd:language>
  <emd:relation>
    <eas:relation eas:emphasis="true">
      <eas:subject-title>DANS EASY Online analysis tool</eas:subject-title>
      <eas:subject-link>http://nesstar.dans.knaw.nl</eas:subject-link>
    </eas:relation>
    <eas:relation>
      <eas:subject-title>Scheepers, Peer; Jacques Janssen; Informele aspecten van sociaal kapitaal. Ontwikkelingen in Nederland 1970-1998; 2001; Mens en Maatschappij; 76; 3; pages p. 183-201</eas:subject-title>
    </eas:relation>
    <eas:relation>
      <eas:subject-title>Nas, M; Dekker, P.; Hemmers, C.; Maatschappelijke organisaties, publieke opinie en milieu; 1997; Den Haag; VUGA; 90 5250 927 1; pages 160</eas:subject-title>
    </eas:relation>
    <eas:relation>
      <eas:subject-title>Sociaal en Cultureel Planbureau; Sociale en culturele verkenningen 1997; 1997; Den Haag; VUGA; 90 5749 103 6; pages 168</eas:subject-title>
    </eas:relation>
    <eas:relation>
      <eas:subject-title>Gijsberts, M.; Culturele Veranderingen : Het wegen waard; 1993; Rijswijk; Sociaal en Cultureel Planbureau, SCP; pages 100 pp.</eas:subject-title>
    </eas:relation>
    <eas:relation>
      <eas:subject-title>Sociaal en Cultureel Planbureau, SCP; Sociale en Culturele Verkenningen 1991; 1991; Rijswijk; Sociaal en Cultureel Planbureau, SCP; 90 5250 309 5; pages 94 pp.</eas:subject-title>
    </eas:relation>
    <eas:relation>
      <eas:subject-title>Sociaal en Cultureel Planbureau; Sociale en Culturele Verkenningen 1993; 1993; Rijswijk; Sociaal en Cultureel Planbureau; 90 5250 339 7; pages 147 pp.</eas:subject-title>
    </eas:relation>
    <eas:relation>
      <eas:subject-title>Vollebergh, W.; Normen en waarden bij jongeren : Een vooronderzoek naar de invloed van school, gezin enleeftijdgenoten op de ontwikkeling van het maatschappelijk normbesefbij jongeren, rapport in opdracht van de Commissie Jeugdonderzoek ende Ministeries van VWS en O&amp;W; 1995; Utrecht; Rijksuniversiteit Utrecht, Vakgroep Jeugd, Gezin en Levensloop; pages 50 pp.</eas:subject-title>
    </eas:relation>
    <eas:relation>
      <eas:subject-title>; Sociaal en Cultureel Rapport 1990; 1990; Rijswijk; SCP</eas:subject-title>
    </eas:relation>
    <eas:relation>
      <eas:subject-title>; Social and Cultural Report 1990; 1991; Rijswijk; Social and Cultural Planning Office</eas:subject-title>
    </eas:relation>
    <eas:relation>
      <eas:subject-title>Mootz, M.\; Konings-van der Snoek, M.; De mate van welzijn; 1990; Rijswijk; Sociaal en Cultureel Planbureau, SCP; 90-377-0045-4</eas:subject-title>
    </eas:relation>
    <eas:relation>
      <eas:subject-title>NIPO; Mosaic kent de consument achter elk adres : Informatie; Januari 1989; Amsterdam; NIPO; pages 43 pp.</eas:subject-title>
    </eas:relation>
    <eas:relation>
      <eas:subject-title>Sociaal en Cultureel Planbureau, SCP; Sociale en Culturele Verkenningen 1988; 1987; Rijswijk; Sociaal en Cultureel Planbureau, SCP; 90 346 1322 4; pages 67 pp.</eas:subject-title>
    </eas:relation>
    <eas:relation>
      <eas:subject-title>Sociaal en Cultureel Planbureau, SCP; Sociale en Culturele Verkenningen 1988; 1987; Rijswijk; Sociaal en Cultureel Planbureau, SCP; 90 346 1322 4; pages 67 pp.</eas:subject-title>
    </eas:relation>
    <eas:relation>
      <eas:subject-title>Vlaardingen, F. van; Cultural changes in the Netherlands 1988 : Codebook of the survey &quot;Cultural Changes in the Netherlands 1988&quot;; 1992; Amsterdam; Steinmetz Archive / SWIDOC; 90-71684-23-7</eas:subject-title>
    </eas:relation>
    <eas:relation>
      <eas:subject-title>Sociaal en Cultureel Planbureau, SCP; Sociaal en cultureel rapport 1994; 1994; Rijswijk\; Den Haag; Sociaal en Cultureel Planbureau, SCP\; VUGA; 90-5250-617-5; 0922-8772; pages 644 pp.</eas:subject-title>
    </eas:relation>
    <eas:relation>
      <eas:subject-title>Sociaal en Cultureel Planbureau; Sociaal en cultureel rapport 1996; September 1996; Den Haag; VUGA; 90 5250 920 4; pages 609 pp.</eas:subject-title>
    </eas:relation>
    <eas:relation>
      <eas:subject-title>Sociaal en Cultureel Planbureau; Sociale en culturele verkenningen 1998 Cahier; 1998; Den Haag; VUGA; 90 5749 113 3; pages 190</eas:subject-title>
    </eas:relation>
    <eas:relation>
      <eas:subject-title>Portegijs, Wil; Annemarie Boelens; Saskia Keuzekamp; Emancipatiemonitor 2002; Den Haag, Voorburg; SCP, CBS; 90-377-0110-8; SCP-publikatie 2002/13; 1569-4674</eas:subject-title>
    </eas:relation>
    <eas:relation>
      <eas:subject-title>Thematische collectie: Culturele Veranderingen in Nederland (CV) en SCP Leefsituatie Index (SLI)</eas:subject-title>
      <eas:subject-link>http://dx.doi.org/10.17026/dans-zpa-9uwp</eas:subject-link>
    </eas:relation>
  </emd:relation>
  <emd:coverage>
    <dct:spatial>Netherlands</dct:spatial>
    <dct:spatial>Nederland</dct:spatial>
    <dct:temporal>1988 * 1989</dct:temporal>
  </emd:coverage>
  <emd:rights>
    <dct:accessRights eas:schemeId="common.dcterms.accessrights">OPEN_ACCESS</dct:accessRights>
    <dct:license eas:scheme="EASY version 1">accept</dct:license>
    <dct:license>http://creativecommons.org/licenses/by/4.0</dct:license>
    <dct:rightsHolder>Sociaal en Cultureel Planbureau (SCP)</dct:rightsHolder>
  </emd:rights>
  <emd:audience>
    <dct:audience eas:schemeId="custom.disciplines">easy-discipline:42</dct:audience>
    <dct:audience eas:schemeId="custom.disciplines">easy-discipline:51</dct:audience>
  </emd:audience>
  <emd:other>
    <eas:application-specific>
      <eas:metadataformat>SOCIOLOGY</eas:metadataformat>
    </eas:application-specific>
    <eas:etc>
      <property-list>
        <comment>Synchronization of EasyII</comment>
        <entry key="conversion.date">2011-05-19T18:27:28.668Z</entry>
        <entry key="previous.collection-id">twips.dans.knaw.nl--6188993916668741981-1173952680288</entry>
        <entry key="nl.knaw.dans.easy.tools.task.am.dataset.AudienceCorrectorTask">2011-07-20T18:57:19.007+02:00</entry>
      </property-list>
    </eas:etc>
  </emd:other>
</emd:easymetadata>