<?xml version='1.0' encoding='UTF-8'?>
<files xsi:schemaLocation="http://easy.dans.knaw.nl/schemas/bag/metadata/files/ http://easy.dans.knaw.nl/schemas/bag/metadata/files/files.xsd" xmlns:xsi="http://www.w3.org/2001/XMLSchema-instance" xmlns="http://easy.dans.knaw.nl/schemas/bag/metadata/files/" xmlns:afm="http://easy.dans.knaw.nl/schemas/bag/metadata/afm/" xmlns:dct="http://purl.org/dc/terms/">
    <file filepath="data/additional-metadata-P1018.xml">
        <!--original/additional-metadata-P1018.xml-->
        <dct:identifier>easy-file:3934520</dct:identifier>
        <dct:title>additional-metadata-P1018.xml</dct:title>
        <dct:format>text/xml</dct:format>
        <dct:extent>0.0MB</dct:extent>
        
        <accessibleToRights>ANONYMOUS</accessibleToRights>
        <visibleToRights>ANONYMOUS</visibleToRights>
        
        
      </file><file filepath="data/dat/p1018.pdf">
        <!--original/dat/p1018.pdf-->
        <dct:identifier>easy-file:1396503</dct:identifier>
        <dct:title>p1018.pdf</dct:title>
        <dct:format>application/pdf</dct:format>
        <dct:extent>2.6MB</dct:extent>
        
        <accessibleToRights>ANONYMOUS</accessibleToRights>
        <visibleToRights>ANONYMOUS</visibleToRights>
        
        
      </file><file filepath="data/dat/p1018uk.por">
        <!--original/dat/p1018uk.por-->
        <dct:identifier>easy-file:1396504</dct:identifier>
        <dct:title>p1018uk.por</dct:title>
        <dct:format>text/plain</dct:format>
        <dct:extent>2.7MB</dct:extent>
        
        <accessibleToRights>ANONYMOUS</accessibleToRights>
        <visibleToRights>ANONYMOUS</visibleToRights>
        
        
      </file><file filepath="data/dat/p1018.por">
        <!--original/dat/p1018.por-->
        <dct:identifier>easy-file:1396502</dct:identifier>
        <dct:title>p1018.por</dct:title>
        <dct:format>text/plain</dct:format>
        <dct:extent>2.7MB</dct:extent>
        
        <accessibleToRights>ANONYMOUS</accessibleToRights>
        <visibleToRights>ANONYMOUS</visibleToRights>
        
        
      </file>
    </files>