<?xml version="1.0" encoding="UTF-8"?>
<ddm:DDM xsi:schemaLocation="http://schemas.dans.knaw.nl/dataset/ddm-v2/ https://schemas.dans.knaw.nl/md/ddm/v2/ddm.xsd" xmlns:id-type="http://easy.dans.knaw.nl/schemas/vocab/identifier-type/" xmlns:ddm="http://schemas.dans.knaw.nl/dataset/ddm-v2/" xmlns:abr="http://www.den.nl/standaard/166/Archeologisch-Basisregister/" xmlns:gml="http://www.opengis.net/gml" xmlns:dcx-gml="http://easy.dans.knaw.nl/schemas/dcx/gml/" xmlns:dcx-dai="http://easy.dans.knaw.nl/schemas/dcx/dai/" xmlns:dct="http://purl.org/dc/terms/" xmlns:xsi="http://www.w3.org/2001/XMLSchema-instance" xmlns:dc="http://purl.org/dc/elements/1.1/">
     <ddm:profile>
        
       <dc:title>Culturele Veranderingen in Nederland (CV) 2016 en SCP Leefsituatie Index (SLI)</dc:title>
       <dct:description>De onderzoeken Culturele Veranderingen in Nederland (CV) en SCP Leefsituatie Index
(SLI) worden tweejaarlijks gecombineerd uitgevoerd in samenwerking door het Sociaal Cultureel Planbureau (SCP) en het Centraal Bureau voor de Statistiek (CBS). Doel van CV is vaststellen welke opvattingen “de Nederlander” heeft over samenleving en cultuur en hoe deze in de loop van de tijd zijn veranderd. Doel van SLI is het ontwikkelen van een indicator om de sociale leefsituatie van Nederland in kaart te brengen en het monitoren van de ontwikkeling van de sociale leefsituatie van de Nederlandse bevolking.</dct:description>
       
       
       <dcx-dai:creatorDetails><dcx-dai:organization>
        <dcx-dai:name>Sociaal en Cultureel Planbureau - SCP</dcx-dai:name>
        
      </dcx-dai:organization> </dcx-dai:creatorDetails><dcx-dai:creatorDetails><dcx-dai:organization>
        <dcx-dai:name>Centraal Bureau voor de Statistiek - CBS</dcx-dai:name>
        
      </dcx-dai:organization> </dcx-dai:creatorDetails>
       <ddm:created>2016-01-01</ddm:created>
       <ddm:available>2018-06-21</ddm:available>
       <ddm:audience>D60000</ddm:audience>
       <ddm:accessRights>REQUEST_PERMISSION</ddm:accessRights>
     
        <ddm:personalData present="Unknown"/>
      </ddm:profile>
     <ddm:dcmiMetadata>
       <dct:identifier xsi:type="id-type:URN">urn:nbn:nl:ui:13-gk-alxz</dct:identifier><dct:identifier xsi:type="id-type:DOI">10.17026/dans-z9u-vv3g</dct:identifier><dct:identifier xsi:type="id-type:EASY2">easy-dataset:103898</dct:identifier>
       
       
       
       
       
       
       <ddm:relation scheme="id-type:DOI" href="https://doi.org/10.17026/dans-zpa-9uwp">Thematische collectie: Culturele Veranderingen in Nederland (CV) 2014 en SCP Leefsituatie Index (SLI)</ddm:relation><ddm:references href="https://www.scp.nl/Onderzoek/Bronnen/Beknopte_onderzoeksbeschrijvingen/Culturele_veranderingen_in_Nederland_CV">Website SCP over Culturele veranderingen in Nederland</ddm:references><ddm:references href="https://www.scp.nl/Onderzoek/Bronnen/Beknopte_onderzoeksbeschrijvingen/SCP_Leefsituatie_index_SLI">Website SCP over de Leefsituatie-index</ddm:references><ddm:references href="https://doi.org/10.17026/dans-xrb-zere" scheme="id-type:DOI">Culturele Veranderingen in Nederland (CV) 2014 en SCP Leefsituatie Index (SLI)</ddm:references>
       
       
       
       
       
       <dct:type xsi:type="dct:DCMIType">Dataset</dct:type>
       <dct:format>.sav</dct:format><dct:format>.dta</dct:format><dct:format>.pdf</dct:format>
       
       
       <dct:subject>SCP Leefsituatie Index (SLI)</dct:subject><dct:subject>culturele veranderingen</dct:subject><dct:subject>democratie</dct:subject><dct:subject>emancipatie</dct:subject><dct:subject>etnocentrisme</dct:subject><dct:subject>gender</dct:subject><dct:subject>generaties</dct:subject><dct:subject>leefomstandigheden</dct:subject><dct:subject>minderheden</dct:subject><dct:subject>onderwijs</dct:subject><dct:subject>ouderen</dct:subject><dct:subject>overheidsbeleid</dct:subject><dct:subject>politiek</dct:subject><dct:subject>publieke opinie</dct:subject><dct:subject>religie</dct:subject><dct:subject>sociale zekerheid</dct:subject><dct:subject>vertrouwen</dct:subject><dct:subject>vrijheid van meningsuiting</dct:subject><dct:subject>welzijn</dct:subject><dct:subject>werk</dct:subject><dct:subject>welvaart</dct:subject><dct:subject>misdaad</dct:subject><dct:subject>morele kwesties</dct:subject>
       
       <dct:spatial>Nederland</dct:spatial>
       <dct:temporal>2016</dct:temporal>
       
       
       <dct:license xsi:type="dct:URI">https://doi.org/10.17026/fp39-0x58</dct:license>
       <ddm:language code="dut" encodingScheme="ISO639-2">nld</ddm:language>
       
     <ddm:inCollection subjectScheme="DANS Collection" valueURI="https://vocabularies.dans.knaw.nl/collections/ssh/7f899692-90b4-49d0-8a5f-891e73ae84c1" schemeURI="https://vocabularies.dans.knaw.nl/collections">Culturele Veranderingen in Nederland (CV) en SCP Leefsituatie Index (SLI)</ddm:inCollection><ddm:description descriptionType="SeriesInformation">
    Het Sociaal en Cultureel Planbureau (SCP) voert sinds 1975 (twee)jaarlijks het onderzoek Culturele Veranderingen in Nederland uit. De reeks bestaat inmiddels uit 30 onderzoeken en bevat zo’n 3500 variabelen en gegevens over meer dan 50.000 respondenten.

De onderzoeken Culturele Veranderingen in Nederland (CV) en SCP Leefsituatie Index (SLI) worden sinds 2004 tweejaarlijks gecombineerd uitgevoerd in samenwerking door het Sociaal Cultureel Planbureau (SCP) en het Centraal Bureau voor de Statistiek (CBS).

Doel van CV is vaststellen welke opvattingen “de Nederlander” heeft over samenleving en cultuur en hoe deze in de loop van de tijd zijn veranderd. Doel van SLI is het ontwikkelen van een indicator om de sociale leefsituatie van Nederland in kaart te brengen en het monitoren van de ontwikkeling van de sociale leefsituatie van de Nederlandse bevolking.

De onderzoeken liggen aan de basis van veel onderzoek uit het werkprogramma van het SCP. Door het CBS zullen de data vooral worden gebruikt ten behoeve van het speerpunt Sociale Samenhang.
  </ddm:description><dct:rightsHolder>Unknown</dct:rightsHolder><dct:provenance>Het SCP heeft het databestand in SAV en DTA formaat aangeleverd. DANS heeft het POR formaat van dit bestand toegevoegd.</dct:provenance></ddm:dcmiMetadata>
   </ddm:DDM>