<?xml version='1.0' encoding='UTF-8'?>
<emd:easymetadata emd:version="0.1" xmlns:emd="http://easy.dans.knaw.nl/easy/easymetadata/" xmlns:eas="http://easy.dans.knaw.nl/easy/easymetadata/eas/" xmlns:dct="http://purl.org/dc/terms/" xmlns:dc="http://purl.org/dc/elements/1.1/" xmlns:xsi="http://www.w3.org/2001/XMLSchema-instance" xmlns:foxml="info:fedora/fedora-system:def/foxml#">
  <emd:title>
    <dc:title>Culturele Veranderingen in Nederland (CV) 2016 en SCP Leefsituatie Index (SLI)</dc:title>
  </emd:title>
  <emd:creator>
    <eas:creator>
      <eas:organization>Sociaal en Cultureel Planbureau - SCP</eas:organization>
      <eas:entityId eas:scheme="DAI"/>
      <eas:role eas:scheme="DATACITE"/>
    </eas:creator>
    <eas:creator>
      <eas:organization>Centraal Bureau voor de Statistiek - CBS</eas:organization>
      <eas:entityId eas:scheme="DAI"/>
      <eas:role eas:scheme="DATACITE"/>
    </eas:creator>
  </emd:creator>
  <emd:subject>
    <dc:subject>SCP Leefsituatie Index (SLI)</dc:subject>
    <dc:subject>culturele veranderingen</dc:subject>
    <dc:subject>democratie</dc:subject>
    <dc:subject>emancipatie</dc:subject>
    <dc:subject>etnocentrisme</dc:subject>
    <dc:subject>gender</dc:subject>
    <dc:subject>generaties</dc:subject>
    <dc:subject>leefomstandigheden</dc:subject>
    <dc:subject>minderheden</dc:subject>
    <dc:subject>onderwijs</dc:subject>
    <dc:subject>ouderen</dc:subject>
    <dc:subject>overheidsbeleid</dc:subject>
    <dc:subject>politiek</dc:subject>
    <dc:subject>publieke opinie</dc:subject>
    <dc:subject>religie</dc:subject>
    <dc:subject>sociale zekerheid</dc:subject>
    <dc:subject>vertrouwen</dc:subject>
    <dc:subject>vrijheid van meningsuiting</dc:subject>
    <dc:subject>welzijn</dc:subject>
    <dc:subject>werk</dc:subject>
    <dc:subject>welvaart</dc:subject>
    <dc:subject>misdaad</dc:subject>
    <dc:subject>morele kwesties</dc:subject>
  </emd:subject>
  <emd:description>
    <dc:description>De onderzoeken Culturele Veranderingen in Nederland (CV) en SCP Leefsituatie Index
(SLI) worden tweejaarlijks gecombineerd uitgevoerd in samenwerking door het Sociaal Cultureel Planbureau (SCP) en het Centraal Bureau voor de Statistiek (CBS). Doel van CV is vaststellen welke opvattingen “de Nederlander” heeft over samenleving en cultuur en hoe deze in de loop van de tijd zijn veranderd. Doel van SLI is het ontwikkelen van een indicator om de sociale leefsituatie van Nederland in kaart te brengen en het monitoren van de ontwikkeling van de sociale leefsituatie van de Nederlandse bevolking.</dc:description>
  </emd:description>
  <emd:publisher/>
  <emd:contributor/>
  <emd:date>
    <eas:created eas:scheme="W3CDTF" eas:format="YEAR">2016-01-01T00:00:00.000+01:00</eas:created>
    <eas:available eas:scheme="W3CDTF" eas:format="DAY">2018-06-21T00:00:00.000+02:00</eas:available>
  </emd:date>
  <emd:type>
    <dc:type eas:schemeId="common.dc.type" eas:scheme="DCMI">Dataset</dc:type>
  </emd:type>
  <emd:format>
    <dc:format>.sav</dc:format>
    <dc:format>.dta</dc:format>
    <dc:format>.pdf</dc:format>
  </emd:format>
  <emd:identifier>
    <dc:identifier eas:scheme="PID" eas:identification-system="http://www.persistent-identifier.nl">urn:nbn:nl:ui:13-gk-alxz</dc:identifier>
    <dc:identifier eas:scheme="DOI" eas:identification-system="https://doi.org">10.17026/dans-z9u-vv3g</dc:identifier>
    <dc:identifier eas:scheme="DMO_ID">easy-dataset:103898</dc:identifier>
  </emd:identifier>
  <emd:source/>
  <emd:language>
    <dc:language eas:schemeId="common.dc.language" eas:scheme="ISO 639">dut/nld</dc:language>
  </emd:language>
  <emd:relation>
    <eas:relation eas:emphasis="true">
      <eas:subject-title>Thematische collectie: Culturele Veranderingen in Nederland (CV) 2014 en SCP Leefsituatie Index (SLI)</eas:subject-title>
      <eas:subject-link>https://doi.org/10.17026/dans-zpa-9uwp</eas:subject-link>
    </eas:relation>
    <eas:references eas:emphasis="true">
      <eas:subject-title>Website SCP over Culturele veranderingen in Nederland</eas:subject-title>
      <eas:subject-link>https://www.scp.nl/Onderzoek/Bronnen/Beknopte_onderzoeksbeschrijvingen/Culturele_veranderingen_in_Nederland_CV</eas:subject-link>
    </eas:references>
    <eas:references eas:emphasis="true">
      <eas:subject-title>Website SCP over de Leefsituatie-index</eas:subject-title>
      <eas:subject-link>https://www.scp.nl/Onderzoek/Bronnen/Beknopte_onderzoeksbeschrijvingen/SCP_Leefsituatie_index_SLI</eas:subject-link>
    </eas:references>
    <eas:references eas:emphasis="true">
      <eas:subject-title>Culturele Veranderingen in Nederland (CV) 2014 en SCP Leefsituatie Index (SLI)</eas:subject-title>
      <eas:subject-link>https://easy.dans.knaw.nl/ui/datasets/id/easy-dataset:65659</eas:subject-link>
    </eas:references>
  </emd:relation>
  <emd:coverage>
    <dct:spatial>Nederland</dct:spatial>
    <dct:temporal>2016</dct:temporal>
  </emd:coverage>
  <emd:rights>
    <dct:accessRights eas:schemeId="common.dcterms.accessrights">REQUEST_PERMISSION</dct:accessRights>
    <dct:license>accept</dct:license>
  </emd:rights>
  <emd:audience>
    <dct:audience eas:schemeId="custom.disciplines">easy-discipline:42</dct:audience>
  </emd:audience>
  <emd:other>
    <eas:remark>Het SCP heeft het databestand in SAV en DTA formaat aangeleverd. DANS heeft het POR formaat van dit bestand toegevoegd.</eas:remark>
    <eas:application-specific>
      <eas:metadataformat>ANY_DISCIPLINE</eas:metadataformat>
      <eas:pakbon-status>NOT_IMPORTED</eas:pakbon-status>
    </eas:application-specific>
    <eas:etc/>
  </emd:other>
</emd:easymetadata>