<?xml version='1.0' encoding='UTF-8'?>
<files xsi:schemaLocation="http://easy.dans.knaw.nl/schemas/bag/metadata/files/ http://easy.dans.knaw.nl/schemas/bag/metadata/files/files.xsd" xmlns:xsi="http://www.w3.org/2001/XMLSchema-instance" xmlns="http://easy.dans.knaw.nl/schemas/bag/metadata/files/" xmlns:afm="http://easy.dans.knaw.nl/schemas/bag/metadata/afm/" xmlns:dct="http://purl.org/dc/terms/">
    <file filepath="data/CV_SLI_2016_SCP_CCF.sav">
        
        <dct:identifier>easy-file:6927924</dct:identifier>
        <dct:title>CV_SLI_2016_SCP_CCF.sav</dct:title>
        <dct:format>application/octet-stream</dct:format>
        <dct:extent>1.4MB</dct:extent>
        
        <accessibleToRights>RESTRICTED_REQUEST</accessibleToRights>
        <visibleToRights>ANONYMOUS</visibleToRights>
        
        
      </file><file filepath="data/CV_SLI_2016_SCP_CCF.dta">
        
        <dct:identifier>easy-file:6927919</dct:identifier>
        <dct:title>CV_SLI_2016_SCP_CCF.dta</dct:title>
        <dct:format>application/octet-stream</dct:format>
        <dct:extent>1.7MB</dct:extent>
        
        <accessibleToRights>RESTRICTED_REQUEST</accessibleToRights>
        <visibleToRights>ANONYMOUS</visibleToRights>
        
        
      </file><file filepath="data/2016 vragenlijst SLI variant A.pdf">
        
        <dct:identifier>easy-file:6927922</dct:identifier>
        <dct:title>2016 vragenlijst SLI variant A.pdf</dct:title>
        <dct:format>application/pdf</dct:format>
        <dct:extent>2.3MB</dct:extent>
        
        <accessibleToRights>KNOWN</accessibleToRights>
        <visibleToRights>ANONYMOUS</visibleToRights>
        
        
      </file><file filepath="data/CV_SLI_2016_SCP_CCF.POR">
        
        <dct:identifier>easy-file:6927918</dct:identifier>
        <dct:title>CV_SLI_2016_SCP_CCF.POR</dct:title>
        <dct:format>text/plain</dct:format>
        <dct:extent>2.5MB</dct:extent>
        
        <accessibleToRights>RESTRICTED_REQUEST</accessibleToRights>
        <visibleToRights>ANONYMOUS</visibleToRights>
        
        
      </file><file filepath="data/Onderzoeksverantwoording CV SLI_2016.pdf">
        
        <dct:identifier>easy-file:6927920</dct:identifier>
        <dct:title>Onderzoeksverantwoording CV SLI_2016.pdf</dct:title>
        <dct:format>application/pdf</dct:format>
        <dct:extent>0.9MB</dct:extent>
        
        <accessibleToRights>KNOWN</accessibleToRights>
        <visibleToRights>ANONYMOUS</visibleToRights>
        
        
      </file><file filepath="data/2016 vragenlijst CV.pdf">
        
        <dct:identifier>easy-file:6927921</dct:identifier>
        <dct:title>2016 vragenlijst CV.pdf</dct:title>
        <dct:format>application/pdf</dct:format>
        <dct:extent>0.8MB</dct:extent>
        
        <accessibleToRights>KNOWN</accessibleToRights>
        <visibleToRights>ANONYMOUS</visibleToRights>
        
        
      </file><file filepath="data/2016 vragenlijst SLI variant B.pdf">
        
        <dct:identifier>easy-file:6927923</dct:identifier>
        <dct:title>2016 vragenlijst SLI variant B.pdf</dct:title>
        <dct:format>application/pdf</dct:format>
        <dct:extent>2.3MB</dct:extent>
        
        <accessibleToRights>KNOWN</accessibleToRights>
        <visibleToRights>ANONYMOUS</visibleToRights>
        
        
      </file>
    </files>