<?xml version="1.0" encoding="UTF-8"?>
<ddm:DDM xsi:schemaLocation="http://schemas.dans.knaw.nl/dataset/ddm-v2/ https://schemas.dans.knaw.nl/md/ddm/v2/ddm.xsd" xmlns:id-type="http://easy.dans.knaw.nl/schemas/vocab/identifier-type/" xmlns:ddm="http://schemas.dans.knaw.nl/dataset/ddm-v2/" xmlns:abr="http://www.den.nl/standaard/166/Archeologisch-Basisregister/" xmlns:gml="http://www.opengis.net/gml" xmlns:dcx-gml="http://easy.dans.knaw.nl/schemas/dcx/gml/" xmlns:dcx-dai="http://easy.dans.knaw.nl/schemas/dcx/dai/" xmlns:dct="http://purl.org/dc/terms/" xmlns:xsi="http://www.w3.org/2001/XMLSchema-instance" xmlns:dc="http://purl.org/dc/elements/1.1/">
     <ddm:profile>
        
       <dc:title>Culturele Veranderingen in Nederland 1996 - CV'96</dc:title>
       <dct:description>Trend study on changes in general opinions and attitudes  of the Dutch population regarding a wide range of topics.

Most important in the Netherlands / environmental issues  / importance of all kind of social, cultural, medical  and educational facilities offered by the government  / satisfaction with living environment / contact with  relatives and neighbours / general attitude towards  people / following political programs on tv / reading  political news / reading local news / prosperity in  own country / prosperity in own family and expectations / opinion about future of mankind / values and beliefs  / issues of public finance / mental and physical well-being  / satisfaction with income / r.'s opinion about income  differences / satisfaction with welfare facilities / religious issues / relationship between religion  and politics / role of religious principles / most  important in life / talking about politics at home / role of  members of parliament / effects of voting / punishment for using softdrugs / abortion / death penalty / gender roles / financial  care at old age / issues of municipal policy / opinion  about present society and expectations / civil disobedience  / issues of nationalism and globalization / attitude  towards criminals / political issues, political behaviour  / privacy / marriage, extra-marital affairs, raising  children / neighbours from a different race / preferred  policy of government / expectations about income, social welfare benefits / social security / alternative social  security system - 'ministelsel' / participation national,  global, municipal level / satisfaction with life /  crime issues / alternative punishment / attitude towards  foreigners / child care / duty of government concerning  treatment of addicts / free drugs for addicts / r.'s  opinion about single women wanting a child / in vitro fertilization / expectations during the next 12 months  concerning economic situation and unemployment / change  of minimum income / unemployment benefit / judgement  about number of foreigners / preferred income-level  of various professional groups / tasks of school and  parents in matters concerning raising children / goal  of politics / financial contribution of parents for  education of children / volunteer work /  medical issues, waiting lists for hospitals, price of medicine / artificial insemination / treatment handicapped babies / euthanasia  / attitude towards European Union.

Background variables: basic characteristics / place of birth / residence / household characteristics / occupation/employment / income/capital assets/ education/ social class / politics / religion / readership, mass media, and 'cultural' exposure/ organizational membership.

The data- and documentation files of this dataset can be downloaded via the option Data Files.</dct:description>
       
       
       <dcx-dai:creatorDetails><dcx-dai:author>
        
        <dcx-dai:initials>J.W.</dcx-dai:initials>
        
        <dcx-dai:surname>Becker</dcx-dai:surname>
        
        
        <dcx-dai:DAI>info:eu-repo/dai/nl/068364121</dcx-dai:DAI>
        
        <dcx-dai:organization>
        <dcx-dai:name>Sociaal en Cultureel Planbureau, SCP * Den Haag (primary investigator)</dcx-dai:name>
        
      </dcx-dai:organization>
      </dcx-dai:author> </dcx-dai:creatorDetails>
       <ddm:created>1996-12-01</ddm:created>
       <ddm:available>2009-10-04</ddm:available>
       <ddm:audience>D60000</ddm:audience><ddm:audience>D61000</ddm:audience>
       <ddm:accessRights>OPEN_ACCESS</ddm:accessRights>
     
        <ddm:personalData present="Unknown"/>
      </ddm:profile>
     <ddm:dcmiMetadata><dc:title>Cultural changes in the Netherlands 1996 - CV'96</dc:title>
       <dct:identifier xsi:type="id-type:EASY1">twips.dans.knaw.nl-9051029169862931252-1174309286664</dct:identifier><dct:identifier xsi:type="id-type:URN">urn:nbn:nl:ui:13-gr5-aia</dct:identifier><dct:identifier xsi:type="id-type:DOI">10.17026/dans-zew-77xr</dct:identifier><dct:identifier>STAR: P1347</dct:identifier><dct:identifier xsi:type="id-type:EASY2">easy-dataset:31811</dct:identifier>
       
       
       
       
       
       
       <ddm:relation href="http://nesstar.dans.knaw.nl">DANS EASY Online analysis tool</ddm:relation><ddm:relation>Becker, Jos; Het sociale draagvlak voor de quartaire sector, 1970-2000 :  http://www.scp.nl/boeken/werkdocumenten/doc91/nl/metainfo.htm; 2003; Den Haag; Sociaal en Cultureel Planbureau (SCP)</ddm:relation><ddm:relation>Portegijs, Wil; Annemarie Boelens; Saskia Keuzekamp; Emancipatiemonitor 2002; Den Haag, Voorburg; SCP, CBS; 90-377-0110-8; SCP-publikatie 2002/13; 1569-4674</ddm:relation><ddm:relation>Meertens, Vivian; Peer Scheepers; Bert Tax; Depressive symptoms in the Netherlands 1975-1996. : A theoretical framework and an empirical analysis of socio-demographic characteristics, gender differences and changes over time; 2003; Sociology of Health and Illness; 0141 9889; 25; 2; pages 208-231</ddm:relation><ddm:relation>Brink, Gabriel van den; Mondiger of moeilijker. : Een studie naar de politieke habitus van hedendaagse burgers; 2002; Den Haag; SDU; 90 12 097630</ddm:relation><ddm:relation>Scheepers, Peer; Jacques Janssen; Informal aspects of social capital: developments in the Netherlands' Journal 1970-1998; 2003; The Netherlands'Journal of Social Sciences; 39; 2</ddm:relation><ddm:relation>Jehoel-Gijsbers, Gerda; Sociale uitsluiting. Een conceptuele en empirische verkenning; 2004; Den Haag; SCP; 90 377 0154 x ; SCP Werkdocument 99</ddm:relation><ddm:relation>Scheepers, Peer; Jacques Janssen; Informele aspecten van sociaal kapitaal. Ontwikkelingen in Nederland 1970-1998; 2001; Mens en Maatschappij; 76; 3; pages p. 183-201</ddm:relation><ddm:relation>test; test</ddm:relation><ddm:relation>Sociaal en Cultureel Planbureau; Sociale en culturele verkenningen 1998 Cahier; 1998; Den Haag; VUGA; 90 5749 113 3; pages 190</ddm:relation><ddm:relation>Maas-de Waal, C.; Dekker, P.; De publieke opinie over resocialisatie : Een actualisering en relativering; Tijdschrift voor criminologie; 41; 1</ddm:relation><ddm:relation>Keuzenkamp, S.; Mertens, N.; De kunst van het combineren : Taakverdeling onder partners; 2000; Den Haag; SCP; pages 179</ddm:relation><ddm:relation>Dekker, Paul;  Joep de Hart; Het zout der aarde: : Een analyse van de samenhang tussen godsdienstigheid en sociaal kapitaal in Nederland; 2002; Tilburg; 0037-8077; Sociale Wetenschappen; 45; 1; pages 45-61</ddm:relation><ddm:relation href="http://dx.doi.org/10.17026/dans-zpa-9uwp">Thematische collectie: Culturele Veranderingen in Nederland (CV) en SCP Leefsituatie Index (SLI)</ddm:relation>
       
       <dcx-dai:contributorDetails><dcx-dai:organization>
        <dcx-dai:name>Sociaal en Cultureel Planbureau (depositor)</dcx-dai:name>
        
      </dcx-dai:organization> </dcx-dai:contributorDetails><dcx-dai:contributorDetails><dcx-dai:organization>
        <dcx-dai:name>Sociaal en Cultureel Planbureau, SCP * Den Haag (research initiator)</dcx-dai:name>
        
      </dcx-dai:organization> </dcx-dai:contributorDetails><dcx-dai:contributorDetails><dcx-dai:organization>
        <dcx-dai:name>Nederlands Instituut voor Publieke Opinie en marktonderzoek, NIPO * Amsterdam (data collector)</dcx-dai:name>
        
      </dcx-dai:organization> </dcx-dai:contributorDetails>
       <dct:rightsHolder>Sociaal en Cultureel Planbureau (SCP)</dct:rightsHolder>
       
       
       
       
       
       
       <dct:subject>medical science</dct:subject><dct:subject>culture</dct:subject><dct:subject>children</dct:subject><dct:subject>crime</dct:subject><dct:subject>drugs</dct:subject><dct:subject>economics</dct:subject><dct:subject>education</dct:subject><dct:subject>environment</dct:subject><dct:subject>European Union</dct:subject><dct:subject>family life</dct:subject><dct:subject>finance</dct:subject><dct:subject>gender roles</dct:subject><dct:subject>health</dct:subject><dct:subject>interpersonal relations</dct:subject><dct:subject>living conditions</dct:subject><dct:subject>mental health</dct:subject><dct:subject>values and beliefs</dct:subject><dct:subject>participation</dct:subject><dct:subject>politics</dct:subject><dct:subject>social service</dct:subject><dct:subject>social welfare</dct:subject>
       
       <dct:spatial>Netherlands</dct:spatial><dct:spatial>Nederland</dct:spatial>
       <dct:temporal>1996</dct:temporal>
       <ddm:datesOfCollection>1996-01-01/1996-12-01</ddm:datesOfCollection>
       
       <dct:license xsi:type="dct:URI">http://creativecommons.org/licenses/by/4.0</dct:license>
       <ddm:language code="dut" encodingScheme="ISO639-2">nld</ddm:language>
       <dct:created>1996</dct:created>
     <ddm:inCollection subjectScheme="DANS Collection" valueURI="https://vocabularies.dans.knaw.nl/collections/ssh/7f899692-90b4-49d0-8a5f-891e73ae84c1" schemeURI="https://vocabularies.dans.knaw.nl/collections">Culturele Veranderingen in Nederland (CV) en SCP Leefsituatie Index (SLI)</ddm:inCollection><ddm:description descriptionType="SeriesInformation">
    Het Sociaal en Cultureel Planbureau (SCP) voert sinds 1975 (twee)jaarlijks het onderzoek Culturele Veranderingen in Nederland uit. De reeks bestaat inmiddels uit 30 onderzoeken en bevat zo’n 3500 variabelen en gegevens over meer dan 50.000 respondenten.

De onderzoeken Culturele Veranderingen in Nederland (CV) en SCP Leefsituatie Index (SLI) worden sinds 2004 tweejaarlijks gecombineerd uitgevoerd in samenwerking door het Sociaal Cultureel Planbureau (SCP) en het Centraal Bureau voor de Statistiek (CBS).

Doel van CV is vaststellen welke opvattingen “de Nederlander” heeft over samenleving en cultuur en hoe deze in de loop van de tijd zijn veranderd. Doel van SLI is het ontwikkelen van een indicator om de sociale leefsituatie van Nederland in kaart te brengen en het monitoren van de ontwikkeling van de sociale leefsituatie van de Nederlandse bevolking.

De onderzoeken liggen aan de basis van veel onderzoek uit het werkprogramma van het SCP. Door het CBS zullen de data vooral worden gebruikt ten behoeve van het speerpunt Sociale Samenhang.
  </ddm:description></ddm:dcmiMetadata>
   </ddm:DDM>