<?xml version='1.0' encoding='UTF-8'?>
<emd:easymetadata emd:version="0.1" xmlns:emd="http://easy.dans.knaw.nl/easy/easymetadata/" xmlns:eas="http://easy.dans.knaw.nl/easy/easymetadata/eas/" xmlns:dct="http://purl.org/dc/terms/" xmlns:dc="http://purl.org/dc/elements/1.1/" xmlns:xsi="http://www.w3.org/2001/XMLSchema-instance" xmlns:foxml="info:fedora/fedora-system:def/foxml#">
  <emd:title>
    <dc:title>Culturele Veranderingen in Nederland 1996 - CV'96</dc:title>
    <dc:title>Cultural changes in the Netherlands 1996 - CV'96</dc:title>
  </emd:title>
  <emd:creator>
    <eas:creator>
      <eas:initials>J.W.</eas:initials>
      <eas:surname>Becker</eas:surname>
      <eas:organization>Sociaal en Cultureel Planbureau, SCP * Den Haag (primary investigator)</eas:organization>
      <eas:entityId eas:scheme="DAI">068364121</eas:entityId>
    </eas:creator>
  </emd:creator>
  <emd:subject>
    <dc:subject>medical science</dc:subject>
    <dc:subject>culture</dc:subject>
    <dc:subject>children</dc:subject>
    <dc:subject>crime</dc:subject>
    <dc:subject>drugs</dc:subject>
    <dc:subject>economics</dc:subject>
    <dc:subject>education</dc:subject>
    <dc:subject>environment</dc:subject>
    <dc:subject>European Union</dc:subject>
    <dc:subject>family life</dc:subject>
    <dc:subject>finance</dc:subject>
    <dc:subject>gender roles</dc:subject>
    <dc:subject>health</dc:subject>
    <dc:subject>interpersonal relations</dc:subject>
    <dc:subject>living conditions</dc:subject>
    <dc:subject>mental health</dc:subject>
    <dc:subject>values and beliefs</dc:subject>
    <dc:subject>participation</dc:subject>
    <dc:subject>politics</dc:subject>
    <dc:subject>social service</dc:subject>
    <dc:subject>social welfare</dc:subject>
  </emd:subject>
  <emd:description>
    <dc:description>Trend study on changes in general opinions and attitudes  of the Dutch population regarding a wide range of topics.

Most important in the Netherlands / environmental issues  / importance of all kind of social, cultural, medical  and educational facilities offered by the government  / satisfaction with living environment / contact with  relatives and neighbours / general attitude towards  people / following political programs on tv / reading  political news / reading local news / prosperity in  own country / prosperity in own family and expectations / opinion about future of mankind / values and beliefs  / issues of public finance / mental and physical well-being  / satisfaction with income / r.'s opinion about income  differences / satisfaction with welfare facilities / religious issues / relationship between religion  and politics / role of religious principles / most  important in life / talking about politics at home / role of  members of parliament / effects of voting / punishment for using softdrugs / abortion / death penalty / gender roles / financial  care at old age / issues of municipal policy / opinion  about present society and expectations / civil disobedience  / issues of nationalism and globalization / attitude  towards criminals / political issues, political behaviour  / privacy / marriage, extra-marital affairs, raising  children / neighbours from a different race / preferred  policy of government / expectations about income, social welfare benefits / social security / alternative social  security system - 'ministelsel' / participation national,  global, municipal level / satisfaction with life /  crime issues / alternative punishment / attitude towards  foreigners / child care / duty of government concerning  treatment of addicts / free drugs for addicts / r.'s  opinion about single women wanting a child / in vitro fertilization / expectations during the next 12 months  concerning economic situation and unemployment / change  of minimum income / unemployment benefit / judgement  about number of foreigners / preferred income-level  of various professional groups / tasks of school and  parents in matters concerning raising children / goal  of politics / financial contribution of parents for  education of children / volunteer work /  medical issues, waiting lists for hospitals, price of medicine / artificial insemination / treatment handicapped babies / euthanasia  / attitude towards European Union.

Background variables: basic characteristics / place of birth / residence / household characteristics / occupation/employment / income/capital assets/ education/ social class / politics / religion / readership, mass media, and 'cultural' exposure/ organizational membership.

The data- and documentation files of this dataset can be downloaded via the option Data Files.</dc:description>
  </emd:description>
  <emd:contributor>
    <eas:contributor>
      <eas:organization>Sociaal en Cultureel Planbureau (depositor)</eas:organization>
      <eas:entityId eas:scheme="DAI"/>
    </eas:contributor>
    <eas:contributor>
      <eas:organization>Sociaal en Cultureel Planbureau, SCP * Den Haag (research initiator)</eas:organization>
      <eas:entityId eas:scheme="DAI"/>
    </eas:contributor>
    <eas:contributor>
      <eas:organization>Nederlands Instituut voor Publieke Opinie en marktonderzoek, NIPO * Amsterdam (data collector)</eas:organization>
      <eas:entityId eas:scheme="DAI"/>
    </eas:contributor>
  </emd:contributor>
  <emd:date>
    <dct:created>1996-01-01 to 1996-12-01</dct:created>
    <eas:created eas:scheme="W3CDTF" eas:format="YEAR">1996-01-01T00:00:00.000+01:00</eas:created>
    <eas:available eas:scheme="W3CDTF" eas:format="DAY">2009-10-04T00:00:00.000+02:00</eas:available>
  </emd:date>
  <emd:format/>
  <emd:identifier>
    <dc:identifier eas:scheme="AIP_ID">twips.dans.knaw.nl-9051029169862931252-1174309286664</dc:identifier>
    <dc:identifier eas:scheme="PID" eas:identification-system="http://www.persistent-identifier.nl">urn:nbn:nl:ui:13-gr5-aia</dc:identifier>
    <dc:identifier eas:scheme="DOI" eas:identification-system="http://dx.doi.org">10.17026/dans-zew-77xr</dc:identifier>
    <dc:identifier>STAR: P1347</dc:identifier>
    <dc:identifier eas:scheme="DMO_ID">easy-dataset:31811</dc:identifier>
  </emd:identifier>
  <emd:source/>
  <emd:language>
    <dc:language eas:schemeId="common.dc.language" eas:scheme="ISO 639">dut/nld</dc:language>
  </emd:language>
  <emd:relation>
    <eas:relation>
      <eas:subject-title>DANS EASY Online analysis tool</eas:subject-title>
      <eas:subject-link>http://nesstar.dans.knaw.nl</eas:subject-link>
    </eas:relation>
    <eas:relation>
      <eas:subject-title>Becker, Jos; Het sociale draagvlak voor de quartaire sector, 1970-2000 :  http://www.scp.nl/boeken/werkdocumenten/doc91/nl/metainfo.htm; 2003; Den Haag; Sociaal en Cultureel Planbureau (SCP)</eas:subject-title>
    </eas:relation>
    <eas:relation>
      <eas:subject-title>Portegijs, Wil; Annemarie Boelens; Saskia Keuzekamp; Emancipatiemonitor 2002; Den Haag, Voorburg; SCP, CBS; 90-377-0110-8; SCP-publikatie 2002/13; 1569-4674</eas:subject-title>
    </eas:relation>
    <eas:relation>
      <eas:subject-title>Meertens, Vivian; Peer Scheepers; Bert Tax; Depressive symptoms in the Netherlands 1975-1996. : A theoretical framework and an empirical analysis of socio-demographic characteristics, gender differences and changes over time; 2003; Sociology of Health and Illness; 0141 9889; 25; 2; pages 208-231</eas:subject-title>
    </eas:relation>
    <eas:relation>
      <eas:subject-title>Brink, Gabriel van den; Mondiger of moeilijker. : Een studie naar de politieke habitus van hedendaagse burgers; 2002; Den Haag; SDU; 90 12 097630</eas:subject-title>
    </eas:relation>
    <eas:relation>
      <eas:subject-title>Scheepers, Peer; Jacques Janssen; Informal aspects of social capital: developments in the Netherlands' Journal 1970-1998; 2003; The Netherlands'Journal of Social Sciences; 39; 2</eas:subject-title>
    </eas:relation>
    <eas:relation>
      <eas:subject-title>Jehoel-Gijsbers, Gerda; Sociale uitsluiting. Een conceptuele en empirische verkenning; 2004; Den Haag; SCP; 90 377 0154 x ; SCP Werkdocument 99</eas:subject-title>
    </eas:relation>
    <eas:relation>
      <eas:subject-title>Scheepers, Peer; Jacques Janssen; Informele aspecten van sociaal kapitaal. Ontwikkelingen in Nederland 1970-1998; 2001; Mens en Maatschappij; 76; 3; pages p. 183-201</eas:subject-title>
    </eas:relation>
    <eas:relation>
      <eas:subject-title>test; test</eas:subject-title>
    </eas:relation>
    <eas:relation>
      <eas:subject-title>Sociaal en Cultureel Planbureau; Sociale en culturele verkenningen 1998 Cahier; 1998; Den Haag; VUGA; 90 5749 113 3; pages 190</eas:subject-title>
    </eas:relation>
    <eas:relation>
      <eas:subject-title>Maas-de Waal, C.; Dekker, P.; De publieke opinie over resocialisatie : Een actualisering en relativering; Tijdschrift voor criminologie; 41; 1</eas:subject-title>
    </eas:relation>
    <eas:relation>
      <eas:subject-title>Keuzenkamp, S.; Mertens, N.; De kunst van het combineren : Taakverdeling onder partners; 2000; Den Haag; SCP; pages 179</eas:subject-title>
    </eas:relation>
    <eas:relation>
      <eas:subject-title>Dekker, Paul;  Joep de Hart; Het zout der aarde: : Een analyse van de samenhang tussen godsdienstigheid en sociaal kapitaal in Nederland; 2002; Tilburg; 0037-8077; Sociale Wetenschappen; 45; 1; pages 45-61</eas:subject-title>
    </eas:relation>
    <eas:relation eas:emphasis="true">
      <eas:subject-title>Thematische collectie: Culturele Veranderingen in Nederland (CV) en SCP Leefsituatie Index (SLI)</eas:subject-title>
      <eas:subject-link>http://dx.doi.org/10.17026/dans-zpa-9uwp</eas:subject-link>
    </eas:relation>
  </emd:relation>
  <emd:coverage>
    <dct:spatial>Netherlands</dct:spatial>
    <dct:spatial>Nederland</dct:spatial>
    <dct:temporal>1996</dct:temporal>
  </emd:coverage>
  <emd:rights>
    <dct:accessRights eas:schemeId="common.dcterms.accessrights">OPEN_ACCESS</dct:accessRights>
    <dct:license eas:scheme="EASY version 1">accept</dct:license>
    <dct:license>http://creativecommons.org/licenses/by/4.0</dct:license>
    <dct:rightsHolder>Sociaal en Cultureel Planbureau (SCP)</dct:rightsHolder>
  </emd:rights>
  <emd:audience>
    <dct:audience eas:schemeId="custom.disciplines">easy-discipline:42</dct:audience>
    <dct:audience eas:schemeId="custom.disciplines">easy-discipline:51</dct:audience>
  </emd:audience>
  <emd:other>
    <eas:application-specific>
      <eas:metadataformat>SOCIOLOGY</eas:metadataformat>
    </eas:application-specific>
    <eas:etc>
      <property-list>
        <comment>Synchronization of EasyII</comment>
        <entry key="conversion.date">2011-05-19T11:30:09.438Z</entry>
        <entry key="previous.collection-id">twips.dans.knaw.nl-9051029169862931252-1174309286664</entry>
        <entry key="nl.knaw.dans.easy.tools.task.am.dataset.AudienceCorrectorTask">2011-07-20T18:54:28.423+02:00</entry>
      </property-list>
    </eas:etc>
  </emd:other>
</emd:easymetadata>