<?xml version='1.0' encoding='UTF-8'?>
<files xsi:schemaLocation="http://easy.dans.knaw.nl/schemas/bag/metadata/files/ http://easy.dans.knaw.nl/schemas/bag/metadata/files/files.xsd" xmlns:xsi="http://www.w3.org/2001/XMLSchema-instance" xmlns="http://easy.dans.knaw.nl/schemas/bag/metadata/files/" xmlns:afm="http://easy.dans.knaw.nl/schemas/bag/metadata/afm/" xmlns:dct="http://purl.org/dc/terms/">
    <file filepath="data/dat/p1347.doc">
        <!--original/dat/p1347.doc-->
        <dct:identifier>easy-file:1322386</dct:identifier>
        <dct:title>p1347.doc</dct:title>
        <dct:format>text/plain</dct:format>
        <dct:extent>0.0MB</dct:extent>
        
        <accessibleToRights>ANONYMOUS</accessibleToRights>
        <visibleToRights>ANONYMOUS</visibleToRights>
        
        
      </file><file filepath="data/dat/p1347.dic">
        <!--original/dat/p1347.dic-->
        <dct:identifier>easy-file:1322380</dct:identifier>
        <dct:title>p1347.dic</dct:title>
        <dct:format>application/octet-stream</dct:format>
        <dct:extent>0.3MB</dct:extent>
        
        <accessibleToRights>ANONYMOUS</accessibleToRights>
        <visibleToRights>ANONYMOUS</visibleToRights>
        
        
      </file><file filepath="data/dat/p1347.frq">
        <!--original/dat/p1347.frq-->
        <dct:identifier>easy-file:1322382</dct:identifier>
        <dct:title>p1347.frq</dct:title>
        <dct:format>application/octet-stream</dct:format>
        <dct:extent>0.7MB</dct:extent>
        
        <accessibleToRights>ANONYMOUS</accessibleToRights>
        <visibleToRights>ANONYMOUS</visibleToRights>
        
        
      </file><file filepath="data/dat/p1347.lab">
        <!--original/dat/p1347.lab-->
        <dct:identifier>easy-file:1322384</dct:identifier>
        <dct:title>p1347.lab</dct:title>
        <dct:format>application/octet-stream</dct:format>
        <dct:extent>0.0MB</dct:extent>
        
        <accessibleToRights>ANONYMOUS</accessibleToRights>
        <visibleToRights>ANONYMOUS</visibleToRights>
        
        
      </file><file filepath="data/dat/p1347.por">
        <!--original/dat/p1347.por-->
        <dct:identifier>easy-file:1322383</dct:identifier>
        <dct:title>p1347.por</dct:title>
        <dct:format>application/octet-stream</dct:format>
        <dct:extent>3.9MB</dct:extent>
        
        <accessibleToRights>ANONYMOUS</accessibleToRights>
        <visibleToRights>ANONYMOUS</visibleToRights>
        
        
      </file><file filepath="data/dat/p1347.pdf">
        <!--original/dat/p1347.pdf-->
        <dct:identifier>easy-file:1322381</dct:identifier>
        <dct:title>p1347.pdf</dct:title>
        <dct:format>application/pdf</dct:format>
        <dct:extent>2.5MB</dct:extent>
        
        <accessibleToRights>ANONYMOUS</accessibleToRights>
        <visibleToRights>ANONYMOUS</visibleToRights>
        
        
      </file><file filepath="data/additional-metadata-P1347.xml">
        <!--original/additional-metadata-P1347.xml-->
        <dct:identifier>easy-file:3933982</dct:identifier>
        <dct:title>additional-metadata-P1347.xml</dct:title>
        <dct:format>text/xml</dct:format>
        <dct:extent>0.0MB</dct:extent>
        
        <accessibleToRights>ANONYMOUS</accessibleToRights>
        <visibleToRights>ANONYMOUS</visibleToRights>
        
        
      </file>
    </files>