<?xml version="1.0" encoding="UTF-8"?>
<ddm:DDM xsi:schemaLocation="http://schemas.dans.knaw.nl/dataset/ddm-v2/ https://schemas.dans.knaw.nl/md/ddm/v2/ddm.xsd" xmlns:id-type="http://easy.dans.knaw.nl/schemas/vocab/identifier-type/" xmlns:ddm="http://schemas.dans.knaw.nl/dataset/ddm-v2/" xmlns:abr="http://www.den.nl/standaard/166/Archeologisch-Basisregister/" xmlns:gml="http://www.opengis.net/gml" xmlns:dcx-gml="http://easy.dans.knaw.nl/schemas/dcx/gml/" xmlns:dcx-dai="http://easy.dans.knaw.nl/schemas/dcx/dai/" xmlns:dct="http://purl.org/dc/terms/" xmlns:xsi="http://www.w3.org/2001/XMLSchema-instance" xmlns:dc="http://purl.org/dc/elements/1.1/">
     <ddm:profile>
        
       <dc:title>Culturele Veranderingen in Nederland 2008 - CV'08</dc:title>
       <dct:description>Het doel van het onderzoek Culturele Veranderingen in Nederland is het systematisch peilen van meningen onder de Nederlandse bevolking om inzicht te krijgen in de culturele veranderingen. Het onderzoek is gebaseerd op enquêtevragen uit een aantal onderzoeken die vóór 1975 zijn gehouden en wordt in principe jaarlijks, soms tweejaarlijks, herhaald. Het steekproefaantal wordt zodanig gekozen dat de netto respons rond de 2000 personen ligt.

Het onderzoek Culturele Veranderingen in Nederland (CV) is een 2-jaarlijks onderzoek dat in 2008 in een samenwerkingsproject werd uitgevoerd door het Sociaal en Cultureel Planbureau (SCP) en het Centraal Bureau voor de Statistiek (CBS). Doel van het onderzoek is vaststellen welke opvattingen 'de Nederlander' heeft over samenleving en cultuur en hoe deze in de loop van de tijd zijn veranderd. Het onderzoek is sinds 1975 bijna jaarlijks en vanaf 2000 tweejaarlijks uitgevoerd. Voor het onderzoek worden personen van 16 jaar en ouder in particuliere huishoudens ondervraagd. Dit bestand is vergelijkbaar met de voorgaande versies van de SCP onderzoeken over culturele veranderingen (ook beschikbaar via DANS).

Het volledige bestand incl. aanvullende variabelen uit diverse CBS registers, kan 'onsite' of via 'remote access' bij het Centrum voor Beleidsstatistiek van het CBS geraadpleegd worden. Deze microversie bevat een deelverzameling van de variabelen uit het volledige onderzoeksbestand.

Inhoud van de vragenlijst: Achtergrondvragen (o.a. onderwijs, betaald werk, beroep en bedrijf) -  Welvaart en Sociale zekerheid - Vrijheid van meningsuiting en Geloof - Vertrouwen en Politiek - Democratie - Misdaad - Generaties en Onderwijs - Waardering voor beleid en Welzijn - Positie van de vrouw - Positie van allochtonen</dct:description>
       
       <dc:creator>Sociaal en Cultureel Planbureau - SCP</dc:creator><dc:creator>Centraal Bureau voor de Statistiek - CBS</dc:creator>
       
       <ddm:created>2008-01-01</ddm:created>
       <ddm:available>2011-07-14</ddm:available>
       <ddm:audience>D60000</ddm:audience><ddm:audience>D61000</ddm:audience>
       <ddm:accessRights>OPEN_ACCESS</ddm:accessRights>
     
        <ddm:personalData present="Unknown"/>
      </ddm:profile>
     <ddm:dcmiMetadata>
       <dct:identifier xsi:type="id-type:EASY1">twips.dans.knaw.nl--6349643028475971466-1310629409497</dct:identifier><dct:identifier xsi:type="id-type:URN">urn:nbn:nl:ui:13-pin-mc5</dct:identifier><dct:identifier xsi:type="id-type:DOI">10.17026/dans-z2s-f36j</dct:identifier><dct:identifier xsi:type="id-type:EASY2">easy-dataset:44981</dct:identifier>
       
       
       
       
       
       
       <ddm:relation href="http://dx.doi.org/10.17026/dans-zpa-9uwp">Thematische collectie: Culturele Veranderingen in Nederland (CV) en SCP Leefsituatie Index (SLI)</ddm:relation>
       
       
       
       
       
       
       <dct:format>application/pdf</dct:format><dct:format>SAV</dct:format>
       
       
       <dct:subject>Democratie</dct:subject><dct:subject>Emancipatie</dct:subject><dct:subject>Etnocentrisme</dct:subject><dct:subject>Gender</dct:subject><dct:subject>Generaties</dct:subject><dct:subject>Leefomstandigheden</dct:subject><dct:subject>Minderheden</dct:subject><dct:subject>Onderwijs</dct:subject><dct:subject>Ouderen</dct:subject><dct:subject>Overheidsbeleid</dct:subject><dct:subject>Politiek</dct:subject><dct:subject>Publieke opinie</dct:subject><dct:subject>Religie</dct:subject><dct:subject>Sociale zekerheid</dct:subject><dct:subject>Vertrouwen</dct:subject><dct:subject>Vrijheid van meningsuiting</dct:subject><dct:subject>Welzijn</dct:subject><dct:subject>Werk</dct:subject><dct:subject>Culturele veranderingen</dct:subject>
       
       <dct:spatial>Nederland</dct:spatial>
       <dct:temporal>2008</dct:temporal>
       
       
       <dct:license xsi:type="dct:URI">http://creativecommons.org/publicdomain/zero/1.0</dct:license>
       <ddm:language code="dut" encodingScheme="ISO639-2">nld</ddm:language><ddm:language code="dut" encodingScheme="ISO639-2">Nederlands</ddm:language>
       
     <ddm:inCollection subjectScheme="DANS Collection" valueURI="https://vocabularies.dans.knaw.nl/collections/ssh/7f899692-90b4-49d0-8a5f-891e73ae84c1" schemeURI="https://vocabularies.dans.knaw.nl/collections">Culturele Veranderingen in Nederland (CV) en SCP Leefsituatie Index (SLI)</ddm:inCollection><ddm:description descriptionType="SeriesInformation">
    Het Sociaal en Cultureel Planbureau (SCP) voert sinds 1975 (twee)jaarlijks het onderzoek Culturele Veranderingen in Nederland uit. De reeks bestaat inmiddels uit 30 onderzoeken en bevat zo’n 3500 variabelen en gegevens over meer dan 50.000 respondenten.

De onderzoeken Culturele Veranderingen in Nederland (CV) en SCP Leefsituatie Index (SLI) worden sinds 2004 tweejaarlijks gecombineerd uitgevoerd in samenwerking door het Sociaal Cultureel Planbureau (SCP) en het Centraal Bureau voor de Statistiek (CBS).

Doel van CV is vaststellen welke opvattingen “de Nederlander” heeft over samenleving en cultuur en hoe deze in de loop van de tijd zijn veranderd. Doel van SLI is het ontwikkelen van een indicator om de sociale leefsituatie van Nederland in kaart te brengen en het monitoren van de ontwikkeling van de sociale leefsituatie van de Nederlandse bevolking.

De onderzoeken liggen aan de basis van veel onderzoek uit het werkprogramma van het SCP. Door het CBS zullen de data vooral worden gebruikt ten behoeve van het speerpunt Sociale Samenhang.
  </ddm:description><dct:rightsHolder>Unknown</dct:rightsHolder></ddm:dcmiMetadata>
   </ddm:DDM>