<?xml version='1.0' encoding='UTF-8'?>
<emd:easymetadata emd:version="0.1" xmlns:emd="http://easy.dans.knaw.nl/easy/easymetadata/" xmlns:eas="http://easy.dans.knaw.nl/easy/easymetadata/eas/" xmlns:dct="http://purl.org/dc/terms/" xmlns:dc="http://purl.org/dc/elements/1.1/" xmlns:xsi="http://www.w3.org/2001/XMLSchema-instance" xmlns:foxml="info:fedora/fedora-system:def/foxml#">
  <emd:title>
    <dc:title>Culturele Veranderingen in Nederland 2008 - CV'08</dc:title>
  </emd:title>
  <emd:creator>
    <dc:creator>Sociaal en Cultureel Planbureau - SCP</dc:creator>
    <dc:creator>Centraal Bureau voor de Statistiek - CBS</dc:creator>
  </emd:creator>
  <emd:subject>
    <dc:subject>Democratie</dc:subject>
    <dc:subject>Emancipatie</dc:subject>
    <dc:subject>Etnocentrisme</dc:subject>
    <dc:subject>Gender</dc:subject>
    <dc:subject>Generaties</dc:subject>
    <dc:subject>Leefomstandigheden</dc:subject>
    <dc:subject>Minderheden</dc:subject>
    <dc:subject>Onderwijs</dc:subject>
    <dc:subject>Ouderen</dc:subject>
    <dc:subject>Overheidsbeleid</dc:subject>
    <dc:subject>Politiek</dc:subject>
    <dc:subject>Publieke opinie</dc:subject>
    <dc:subject>Religie</dc:subject>
    <dc:subject>Sociale zekerheid</dc:subject>
    <dc:subject>Vertrouwen</dc:subject>
    <dc:subject>Vrijheid van meningsuiting</dc:subject>
    <dc:subject>Welzijn</dc:subject>
    <dc:subject>Werk</dc:subject>
    <dc:subject>Culturele veranderingen</dc:subject>
  </emd:subject>
  <emd:description>
    <dc:description>Het doel van het onderzoek Culturele Veranderingen in Nederland is het systematisch peilen van meningen onder de Nederlandse bevolking om inzicht te krijgen in de culturele veranderingen. Het onderzoek is gebaseerd op enquêtevragen uit een aantal onderzoeken die vóór 1975 zijn gehouden en wordt in principe jaarlijks, soms tweejaarlijks, herhaald. Het steekproefaantal wordt zodanig gekozen dat de netto respons rond de 2000 personen ligt.

Het onderzoek Culturele Veranderingen in Nederland (CV) is een 2-jaarlijks onderzoek dat in 2008 in een samenwerkingsproject werd uitgevoerd door het Sociaal en Cultureel Planbureau (SCP) en het Centraal Bureau voor de Statistiek (CBS). Doel van het onderzoek is vaststellen welke opvattingen 'de Nederlander' heeft over samenleving en cultuur en hoe deze in de loop van de tijd zijn veranderd. Het onderzoek is sinds 1975 bijna jaarlijks en vanaf 2000 tweejaarlijks uitgevoerd. Voor het onderzoek worden personen van 16 jaar en ouder in particuliere huishoudens ondervraagd. Dit bestand is vergelijkbaar met de voorgaande versies van de SCP onderzoeken over culturele veranderingen (ook beschikbaar via DANS).

Het volledige bestand incl. aanvullende variabelen uit diverse CBS registers, kan 'onsite' of via 'remote access' bij het Centrum voor Beleidsstatistiek van het CBS geraadpleegd worden. Deze microversie bevat een deelverzameling van de variabelen uit het volledige onderzoeksbestand.

Inhoud van de vragenlijst: Achtergrondvragen (o.a. onderwijs, betaald werk, beroep en bedrijf) -  Welvaart en Sociale zekerheid - Vrijheid van meningsuiting en Geloof - Vertrouwen en Politiek - Democratie - Misdaad - Generaties en Onderwijs - Waardering voor beleid en Welzijn - Positie van de vrouw - Positie van allochtonen</dc:description>
  </emd:description>
  <emd:publisher/>
  <emd:contributor/>
  <emd:date>
    <eas:created eas:scheme="W3CDTF" eas:format="YEAR">2008-01-01T00:00:00.000+01:00</eas:created>
    <eas:available eas:scheme="W3CDTF" eas:format="DAY">2011-07-14T00:00:00.000+02:00</eas:available>
  </emd:date>
  <emd:type/>
  <emd:format>
    <dc:format eas:schemeId="common.dc.format" eas:scheme="IMT">application/pdf</dc:format>
    <dc:format>SAV</dc:format>
  </emd:format>
  <emd:identifier>
    <dc:identifier eas:scheme="AIP_ID">twips.dans.knaw.nl--6349643028475971466-1310629409497</dc:identifier>
    <dc:identifier eas:scheme="PID" eas:identification-system="http://www.persistent-identifier.nl">urn:nbn:nl:ui:13-pin-mc5</dc:identifier>
    <dc:identifier eas:scheme="DOI" eas:identification-system="http://dx.doi.org">10.17026/dans-z2s-f36j</dc:identifier>
    <dc:identifier eas:scheme="DMO_ID">easy-dataset:44981</dc:identifier>
  </emd:identifier>
  <emd:source/>
  <emd:language>
    <dc:language eas:schemeId="common.dc.language" eas:scheme="ISO 639">dut/nld</dc:language>
    <dc:language>Nederlands</dc:language>
  </emd:language>
  <emd:relation>
    <eas:relation eas:emphasis="true">
      <eas:subject-title>Thematische collectie: Culturele Veranderingen in Nederland (CV) en SCP Leefsituatie Index (SLI)</eas:subject-title>
      <eas:subject-link>http://dx.doi.org/10.17026/dans-zpa-9uwp</eas:subject-link>
    </eas:relation>
  </emd:relation>
  <emd:coverage>
    <dct:spatial>Nederland</dct:spatial>
    <dct:temporal>2008</dct:temporal>
  </emd:coverage>
  <emd:rights>
    <dct:accessRights eas:schemeId="common.dcterms.accessrights">OPEN_ACCESS</dct:accessRights>
    <dct:license eas:scheme="EASY version 1">accept</dct:license>
  </emd:rights>
  <emd:audience>
    <dct:audience eas:schemeId="custom.disciplines">easy-discipline:42</dct:audience>
    <dct:audience eas:schemeId="custom.disciplines">easy-discipline:51</dct:audience>
  </emd:audience>
  <emd:other>
    <eas:application-specific>
      <eas:metadataformat>SOCIOLOGY</eas:metadataformat>
    </eas:application-specific>
    <eas:etc>
      <property-list>
        <comment>Synchronization of EasyII</comment>
        <entry key="conversion.date">2011-08-03T22:58:29.762Z</entry>
        <entry key="previous.collection-id">twips.dans.knaw.nl--6349643028475971466-1310629409497</entry>
        <entry key="nl.knaw.dans.easy.tools.task.am.dataset.AudienceCorrectorTask">2011-08-05T06:13:38.535+02:00</entry>
      </property-list>
    </eas:etc>
  </emd:other>
</emd:easymetadata>