<?xml version='1.0' encoding='UTF-8'?>
<files xsi:schemaLocation="http://easy.dans.knaw.nl/schemas/bag/metadata/files/ http://easy.dans.knaw.nl/schemas/bag/metadata/files/files.xsd" xmlns:xsi="http://www.w3.org/2001/XMLSchema-instance" xmlns="http://easy.dans.knaw.nl/schemas/bag/metadata/files/" xmlns:afm="http://easy.dans.knaw.nl/schemas/bag/metadata/afm/" xmlns:dct="http://purl.org/dc/terms/">
    <file filepath="data/CV 2008 data en documentatiefiles/SCP_CV20089_augustus.pdf">
        <!--original/CV 2008 data en documentatiefiles/SCP_CV20089_augustus.pdf-->
        <dct:identifier>easy-file:3122007</dct:identifier>
        <dct:title>SCP_CV20089_augustus.pdf</dct:title>
        <dct:format>application/pdf</dct:format>
        <dct:extent>0.8MB</dct:extent>
        
        <accessibleToRights>ANONYMOUS</accessibleToRights>
        <visibleToRights>ANONYMOUS</visibleToRights>
        
        
      </file><file filepath="data/CV 2008 data en documentatiefiles/SCP_Culturele_Veranderingen_2008_DANS.sav">
        <!--original/CV 2008 data en documentatiefiles/SCP_Culturele_Veranderingen_2008_DANS.sav-->
        <dct:identifier>easy-file:3122009</dct:identifier>
        <dct:title>SCP_Culturele_Veranderingen_2008_DANS.sav</dct:title>
        <dct:format>application/octet-stream</dct:format>
        <dct:extent>1.5MB</dct:extent>
        
        <accessibleToRights>ANONYMOUS</accessibleToRights>
        <visibleToRights>ANONYMOUS</visibleToRights>
        
        
      </file><file filepath="data/CV 2008 data en documentatiefiles/SCP_CV_2008.por">
        <!--original/CV 2008 data en documentatiefiles/SCP_CV_2008.por-->
        <dct:identifier>easy-file:3122011</dct:identifier>
        <dct:title>SCP_CV_2008.por</dct:title>
        <dct:format>application/octet-stream</dct:format>
        <dct:extent>1.5MB</dct:extent>
        
        <accessibleToRights>ANONYMOUS</accessibleToRights>
        <visibleToRights>ANONYMOUS</visibleToRights>
        
        
      </file>
    </files>