<?xml version="1.0" encoding="UTF-8"?>
<ddm:DDM xsi:schemaLocation="http://schemas.dans.knaw.nl/dataset/ddm-v2/ https://schemas.dans.knaw.nl/md/ddm/v2/ddm.xsd" xmlns:id-type="http://easy.dans.knaw.nl/schemas/vocab/identifier-type/" xmlns:ddm="http://schemas.dans.knaw.nl/dataset/ddm-v2/" xmlns:abr="http://www.den.nl/standaard/166/Archeologisch-Basisregister/" xmlns:gml="http://www.opengis.net/gml" xmlns:dcx-gml="http://easy.dans.knaw.nl/schemas/dcx/gml/" xmlns:dcx-dai="http://easy.dans.knaw.nl/schemas/dcx/dai/" xmlns:dct="http://purl.org/dc/terms/" xmlns:xsi="http://www.w3.org/2001/XMLSchema-instance" xmlns:dc="http://purl.org/dc/elements/1.1/">
     <ddm:profile>
        
       <dc:title>Culturele Veranderingen in Nederland 1958-1975 - CV'58'75</dc:title>
       <dct:description>Visits to and from family, friends, neighbours / attitude towards other people / holiday spending / interest in radio / tv / newspapers / job satisfaction / aspirations / attitude towards present prosperity / expectations about future ( 2000 ad ) / wishes and opinions on existing society / tasks of government / personal life situation / anxieties / worries / neuroticism / satisfaction / opinions on social welfare facilities and the income distribution / attitude towards having a say in matters / rights / freedom and equality as basic values / ideology ( liberalism, conservatism, socialism ) and its meaning / religion and religious attitude and ideology / attitude towards society / anomy / political alienation / image of own party and motives to vote for it / political preferences / opinion on government / sense of political efficacy / perception of political parties as problem solvers / opinion on trade unions / moral libertarianism / traditionalism / conventionality / class consciousness / sense of local political efficacy / democratic ethos / opinions on taxation / attitude to social actions and protest / political information / opinion on environmental pollution / authoritarianism / dogmatism / self-description in ideological terms / actual and desired power structure / antagonistic groups / political participation / attitude towards aid to developing countries / attitude in the field of marriage, family, sexuality. Background variables: basic characteristics/ place of birth/ residence/ household characteristics/ occupation/employment/ income/capital assets/ education/ social class/ politics/ religion/ readership, mass media, and 'cultural' exposure/ organizational membership.

The data- and documentation files of this dataset can be downloaded via the option Data Files.</dct:description>
       
       
       <dcx-dai:creatorDetails><dcx-dai:author>
        
        <dcx-dai:initials>C.P.</dcx-dai:initials>
        
        <dcx-dai:surname>Middendorp</dcx-dai:surname>
        
        
        <dcx-dai:DAI>info:eu-repo/dai/nl/068364121</dcx-dai:DAI>
        
        <dcx-dai:organization>
        <dcx-dai:name>Erasmus Universiteit Rotterdam * Rotterdam (primary investigator)</dcx-dai:name>
        
      </dcx-dai:organization>
      </dcx-dai:author> </dcx-dai:creatorDetails>
       <ddm:created>1975-12-31</ddm:created>
       <ddm:available>2009-10-16</ddm:available>
       <ddm:audience>D60000</ddm:audience><ddm:audience>D61000</ddm:audience>
       <ddm:accessRights>OPEN_ACCESS</ddm:accessRights>
     
        <ddm:personalData present="Unknown"/>
      </ddm:profile>
     <ddm:dcmiMetadata><dc:title>Cultural changes in the Netherlands 1958-1975 - CV'58'75</dc:title>
       <dct:identifier xsi:type="id-type:EASY1">twips.dans.knaw.nl-1758502181082845577-1172754923478</dct:identifier><dct:identifier xsi:type="id-type:URN">urn:nbn:nl:ui:13-jv0-9io</dct:identifier><dct:identifier xsi:type="id-type:DOI">10.17026/dans-ztd-4kcq</dct:identifier><dct:identifier>STAR: P0216</dct:identifier><dct:identifier xsi:type="id-type:EASY2">easy-dataset:33184</dct:identifier>
       
       
       
       
       
       
       <ddm:relation href="http://194.171.144.69/webview/?mode=documentation&amp;submode=abstract&amp;studydoc=http%3A%2F%2Fnesstar01.dans.knaw.nl%3A80%2Fobj%2FfStudy%2FP0216&amp;top=yes">DANS EASY Online analysis tool</ddm:relation><ddm:relation>Broek, A. van den; Politics and generations : Cohort replacement and generation formation in political culture in the Netherlands; 1996; Tilburg; Tilburg University Press; pages 212 pp.</ddm:relation><ddm:relation>Egmond, M. van; Jansen, E.; Consequenties van de gezinsgrootte : De resultaten van een literatuuronderzoek naar de verwachte enwerkelijke gevolgen van de gezinsgrootte aangevuld met een analysevan onderzoeksgegevens uit de periode 1967-1978.; 1981; Voorburg; NIDI; pages 242 pp.</ddm:relation><ddm:relation>Winkels, J.W.; Progressiviteit en conservatisme in Nederland : Enkele meet- en analyseproblemen; 1985; Groningen; RUG, Sociologisch Instituut, Vakgroep Methoden en Technieken</ddm:relation><ddm:relation>Nas, M; Dekker, P.; Hemmers, C.; Maatschappelijke organisaties, publieke opinie en milieu; 1997; Den Haag; VUGA; 90 5250 927 1; pages 160</ddm:relation><ddm:relation>Sociaal en Cultureel Planbureau; Sociale en culturele verkenningen 1997; 1997; Den Haag; VUGA; 90 5749 103 6; pages 168</ddm:relation><ddm:relation>Gijsberts, M.; Culturele Veranderingen : Het wegen waard; 1993; Rijswijk; Sociaal en Cultureel Planbureau, SCP; pages 100 pp.</ddm:relation><ddm:relation>; Sociaal en cultureel rapport 1976; 1976; Den Haag; Staatsuitgeverij</ddm:relation><ddm:relation>Castenmiller, P.\; Knol, F.; Convergentie of divergentie : Sociale en culturele ontwikkelingen in stedelijke en landelijkegebieden; 1989; Rijswijk; SCP</ddm:relation><ddm:relation>Dekker, P.; Ester, P.; Social and political attitudes of Dutch youth : Young rebels, trend setters or law-abiding citizens; Netherlands Journal of Sociology, Sociologia Neerlandica; 24; 1</ddm:relation><ddm:relation>Feijter, H. de; Voorlopers bij demografische veranderingen; 1991; Den Haag; NIDI</ddm:relation><ddm:relation>Winkels, J.W.; Kerk, godsdienst en levensbeschouwing : Over de operationalisering van aard en intensiteit vanlevensbeschouwelijke binding in Nederland sinds de jaren vijftig; 1986; Groningen; RUG, Sociologisch Instituut</ddm:relation><ddm:relation>Michels, A.M.B.; Nederlandse politieke partijen en hun kiezers, 1970-1989; 1993; Enschede; TUT, Faculteit Bestuurskunde; 90-365-0616-6; pages 257 pp.</ddm:relation><ddm:relation>Dekker, P.; Ester, P.; Social and political attitudes in Dutch society; 1993; Rijswijk\; Den Haag; Sociaal en Cultureel Planbureau, SCP\; VUGA; 90-5250-337-0; pages 245 pp.</ddm:relation><ddm:relation>Sociaal en Cultureel Planbureau, SCP; Sociaal en cultureel rapport 1994; 1994; Rijswijk\; Den Haag; Sociaal en Cultureel Planbureau, SCP\; VUGA; 90-5250-617-5; 0922-8772; pages 644 pp.</ddm:relation><ddm:relation>Sociaal en Cultureel Planbureau; Sociaal en cultureel rapport 1996; September 1996; Den Haag; VUGA; 90 5250 920 4; pages 609 pp.</ddm:relation><ddm:relation>Becker, Jos; Het sociale draagvlak voor de quartaire sector, 1970-2000 :  http://www.scp.nl/boeken/werkdocumenten/doc91/nl/metainfo.htm; 2003; Den Haag; Sociaal en Cultureel Planbureau (SCP)</ddm:relation><ddm:relation href="http://dx.doi.org/10.17026/dans-zpa-9uwp">Thematische collectie: Culturele Veranderingen in Nederland (CV) en SCP Leefsituatie Index (SLI)</ddm:relation>
       
       <dcx-dai:contributorDetails><dcx-dai:organization>
        <dcx-dai:name>Sociaal en Cultureel Planbureau, SCP * Den Haag</dcx-dai:name>
        
      </dcx-dai:organization> </dcx-dai:contributorDetails><dcx-dai:contributorDetails><dcx-dai:organization>
        <dcx-dai:name>Steinmetzarchief * Amsterdam (research initiator)</dcx-dai:name>
        
      </dcx-dai:organization> </dcx-dai:contributorDetails><dcx-dai:contributorDetails><dcx-dai:organization>
        <dcx-dai:name>Nederlands Instituut voor Publieke Opinie en marktonderzoek, NIPO * Amsterdam, the Netherlands (data collector)</dcx-dai:name>
        
      </dcx-dai:organization> </dcx-dai:contributorDetails>
       <dct:rightsHolder>Sociaal en Cultureel Planbureau (SCP)</dct:rightsHolder>
       
       
       
       
       
       
       <dct:subject>public opinion</dct:subject><dct:subject>politics, internal</dct:subject><dct:subject>interpersonal relations</dct:subject><dct:subject>welfare</dct:subject><dct:subject>work</dct:subject><dct:subject>environment</dct:subject>
       
       <dct:spatial>The Netherlands</dct:spatial><dct:spatial>Nederland</dct:spatial>
       <dct:temporal>1975</dct:temporal>
       <ddm:datesOfCollection>1975-11-17/1975-12-31</ddm:datesOfCollection>
       
       <dct:license xsi:type="dct:URI">http://creativecommons.org/licenses/by/4.0</dct:license>
       <ddm:language code="dut" encodingScheme="ISO639-2">nld</ddm:language>
       <dct:created>1975</dct:created><dct:created>1958</dct:created>
     <ddm:inCollection subjectScheme="DANS Collection" valueURI="https://vocabularies.dans.knaw.nl/collections/ssh/7f899692-90b4-49d0-8a5f-891e73ae84c1" schemeURI="https://vocabularies.dans.knaw.nl/collections">Culturele Veranderingen in Nederland (CV) en SCP Leefsituatie Index (SLI)</ddm:inCollection><ddm:description descriptionType="SeriesInformation">
    Het Sociaal en Cultureel Planbureau (SCP) voert sinds 1975 (twee)jaarlijks het onderzoek Culturele Veranderingen in Nederland uit. De reeks bestaat inmiddels uit 30 onderzoeken en bevat zo’n 3500 variabelen en gegevens over meer dan 50.000 respondenten.

De onderzoeken Culturele Veranderingen in Nederland (CV) en SCP Leefsituatie Index (SLI) worden sinds 2004 tweejaarlijks gecombineerd uitgevoerd in samenwerking door het Sociaal Cultureel Planbureau (SCP) en het Centraal Bureau voor de Statistiek (CBS).

Doel van CV is vaststellen welke opvattingen “de Nederlander” heeft over samenleving en cultuur en hoe deze in de loop van de tijd zijn veranderd. Doel van SLI is het ontwikkelen van een indicator om de sociale leefsituatie van Nederland in kaart te brengen en het monitoren van de ontwikkeling van de sociale leefsituatie van de Nederlandse bevolking.

De onderzoeken liggen aan de basis van veel onderzoek uit het werkprogramma van het SCP. Door het CBS zullen de data vooral worden gebruikt ten behoeve van het speerpunt Sociale Samenhang.
  </ddm:description></ddm:dcmiMetadata>
   </ddm:DDM>