<?xml version='1.0' encoding='UTF-8'?>
<emd:easymetadata emd:version="0.1" xmlns:emd="http://easy.dans.knaw.nl/easy/easymetadata/" xmlns:eas="http://easy.dans.knaw.nl/easy/easymetadata/eas/" xmlns:dct="http://purl.org/dc/terms/" xmlns:dc="http://purl.org/dc/elements/1.1/" xmlns:xsi="http://www.w3.org/2001/XMLSchema-instance" xmlns:foxml="info:fedora/fedora-system:def/foxml#">
  <emd:title>
    <dc:title>Culturele Veranderingen in Nederland 1958-1975 - CV'58'75</dc:title>
    <dc:title>Cultural changes in the Netherlands 1958-1975 - CV'58'75</dc:title>
  </emd:title>
  <emd:creator>
    <eas:creator>
      <eas:initials>C.P.</eas:initials>
      <eas:surname>Middendorp</eas:surname>
      <eas:organization>Erasmus Universiteit Rotterdam * Rotterdam (primary investigator)</eas:organization>
      <eas:entityId eas:scheme="DAI">068364121</eas:entityId>
    </eas:creator>
  </emd:creator>
  <emd:subject>
    <dc:subject>public opinion</dc:subject>
    <dc:subject>politics, internal</dc:subject>
    <dc:subject>interpersonal relations</dc:subject>
    <dc:subject>welfare</dc:subject>
    <dc:subject>work</dc:subject>
    <dc:subject>environment</dc:subject>
  </emd:subject>
  <emd:description>
    <dc:description>Visits to and from family, friends, neighbours / attitude towards other people / holiday spending / interest in radio / tv / newspapers / job satisfaction / aspirations / attitude towards present prosperity / expectations about future ( 2000 ad ) / wishes and opinions on existing society / tasks of government / personal life situation / anxieties / worries / neuroticism / satisfaction / opinions on social welfare facilities and the income distribution / attitude towards having a say in matters / rights / freedom and equality as basic values / ideology ( liberalism, conservatism, socialism ) and its meaning / religion and religious attitude and ideology / attitude towards society / anomy / political alienation / image of own party and motives to vote for it / political preferences / opinion on government / sense of political efficacy / perception of political parties as problem solvers / opinion on trade unions / moral libertarianism / traditionalism / conventionality / class consciousness / sense of local political efficacy / democratic ethos / opinions on taxation / attitude to social actions and protest / political information / opinion on environmental pollution / authoritarianism / dogmatism / self-description in ideological terms / actual and desired power structure / antagonistic groups / political participation / attitude towards aid to developing countries / attitude in the field of marriage, family, sexuality. Background variables: basic characteristics/ place of birth/ residence/ household characteristics/ occupation/employment/ income/capital assets/ education/ social class/ politics/ religion/ readership, mass media, and 'cultural' exposure/ organizational membership.

The data- and documentation files of this dataset can be downloaded via the option Data Files.</dc:description>
  </emd:description>
  <emd:contributor>
    <eas:contributor>
      <eas:organization>Sociaal en Cultureel Planbureau, SCP * Den Haag</eas:organization>
      <eas:entityId eas:scheme="DAI"/>
    </eas:contributor>
    <eas:contributor>
      <eas:organization>Steinmetzarchief * Amsterdam (research initiator)</eas:organization>
      <eas:entityId eas:scheme="DAI"/>
    </eas:contributor>
    <eas:contributor>
      <eas:organization>Nederlands Instituut voor Publieke Opinie en marktonderzoek, NIPO * Amsterdam, the Netherlands (data collector)</eas:organization>
      <eas:entityId eas:scheme="DAI"/>
    </eas:contributor>
  </emd:contributor>
  <emd:date>
    <dct:created>1975-11-17 to 1975-12-31</dct:created>
    <eas:created eas:scheme="W3CDTF" eas:format="YEAR">1975-01-01T00:00:00.000+01:00</eas:created>
    <eas:created eas:scheme="W3CDTF" eas:format="YEAR">1958-01-01T00:00:00.000+01:00</eas:created>
    <eas:available eas:scheme="W3CDTF" eas:format="DAY">2009-10-16T00:00:00.000+02:00</eas:available>
  </emd:date>
  <emd:format/>
  <emd:identifier>
    <dc:identifier eas:scheme="AIP_ID">twips.dans.knaw.nl-1758502181082845577-1172754923478</dc:identifier>
    <dc:identifier eas:scheme="PID" eas:identification-system="http://www.persistent-identifier.nl">urn:nbn:nl:ui:13-jv0-9io</dc:identifier>
    <dc:identifier eas:scheme="DOI" eas:identification-system="http://dx.doi.org">10.17026/dans-ztd-4kcq</dc:identifier>
    <dc:identifier>STAR: P0216</dc:identifier>
    <dc:identifier eas:scheme="DMO_ID">easy-dataset:33184</dc:identifier>
  </emd:identifier>
  <emd:source/>
  <emd:language>
    <dc:language eas:schemeId="common.dc.language" eas:scheme="ISO 639">dut/nld</dc:language>
  </emd:language>
  <emd:relation>
    <eas:relation eas:emphasis="true">
      <eas:subject-title>DANS EASY Online analysis tool</eas:subject-title>
      <eas:subject-link>http://194.171.144.69/webview/?mode=documentation&amp;submode=abstract&amp;studydoc=http%3A%2F%2Fnesstar01.dans.knaw.nl%3A80%2Fobj%2FfStudy%2FP0216&amp;top=yes</eas:subject-link>
    </eas:relation>
    <eas:relation>
      <eas:subject-title>Broek, A. van den; Politics and generations : Cohort replacement and generation formation in political culture in the Netherlands; 1996; Tilburg; Tilburg University Press; pages 212 pp.</eas:subject-title>
    </eas:relation>
    <eas:relation>
      <eas:subject-title>Egmond, M. van; Jansen, E.; Consequenties van de gezinsgrootte : De resultaten van een literatuuronderzoek naar de verwachte enwerkelijke gevolgen van de gezinsgrootte aangevuld met een analysevan onderzoeksgegevens uit de periode 1967-1978.; 1981; Voorburg; NIDI; pages 242 pp.</eas:subject-title>
    </eas:relation>
    <eas:relation>
      <eas:subject-title>Winkels, J.W.; Progressiviteit en conservatisme in Nederland : Enkele meet- en analyseproblemen; 1985; Groningen; RUG, Sociologisch Instituut, Vakgroep Methoden en Technieken</eas:subject-title>
    </eas:relation>
    <eas:relation>
      <eas:subject-title>Nas, M; Dekker, P.; Hemmers, C.; Maatschappelijke organisaties, publieke opinie en milieu; 1997; Den Haag; VUGA; 90 5250 927 1; pages 160</eas:subject-title>
    </eas:relation>
    <eas:relation>
      <eas:subject-title>Sociaal en Cultureel Planbureau; Sociale en culturele verkenningen 1997; 1997; Den Haag; VUGA; 90 5749 103 6; pages 168</eas:subject-title>
    </eas:relation>
    <eas:relation>
      <eas:subject-title>Gijsberts, M.; Culturele Veranderingen : Het wegen waard; 1993; Rijswijk; Sociaal en Cultureel Planbureau, SCP; pages 100 pp.</eas:subject-title>
    </eas:relation>
    <eas:relation>
      <eas:subject-title>; Sociaal en cultureel rapport 1976; 1976; Den Haag; Staatsuitgeverij</eas:subject-title>
    </eas:relation>
    <eas:relation>
      <eas:subject-title>Castenmiller, P.\; Knol, F.; Convergentie of divergentie : Sociale en culturele ontwikkelingen in stedelijke en landelijkegebieden; 1989; Rijswijk; SCP</eas:subject-title>
    </eas:relation>
    <eas:relation>
      <eas:subject-title>Dekker, P.; Ester, P.; Social and political attitudes of Dutch youth : Young rebels, trend setters or law-abiding citizens; Netherlands Journal of Sociology, Sociologia Neerlandica; 24; 1</eas:subject-title>
    </eas:relation>
    <eas:relation>
      <eas:subject-title>Feijter, H. de; Voorlopers bij demografische veranderingen; 1991; Den Haag; NIDI</eas:subject-title>
    </eas:relation>
    <eas:relation>
      <eas:subject-title>Winkels, J.W.; Kerk, godsdienst en levensbeschouwing : Over de operationalisering van aard en intensiteit vanlevensbeschouwelijke binding in Nederland sinds de jaren vijftig; 1986; Groningen; RUG, Sociologisch Instituut</eas:subject-title>
    </eas:relation>
    <eas:relation>
      <eas:subject-title>Michels, A.M.B.; Nederlandse politieke partijen en hun kiezers, 1970-1989; 1993; Enschede; TUT, Faculteit Bestuurskunde; 90-365-0616-6; pages 257 pp.</eas:subject-title>
    </eas:relation>
    <eas:relation>
      <eas:subject-title>Dekker, P.; Ester, P.; Social and political attitudes in Dutch society; 1993; Rijswijk\; Den Haag; Sociaal en Cultureel Planbureau, SCP\; VUGA; 90-5250-337-0; pages 245 pp.</eas:subject-title>
    </eas:relation>
    <eas:relation>
      <eas:subject-title>Sociaal en Cultureel Planbureau, SCP; Sociaal en cultureel rapport 1994; 1994; Rijswijk\; Den Haag; Sociaal en Cultureel Planbureau, SCP\; VUGA; 90-5250-617-5; 0922-8772; pages 644 pp.</eas:subject-title>
    </eas:relation>
    <eas:relation>
      <eas:subject-title>Sociaal en Cultureel Planbureau; Sociaal en cultureel rapport 1996; September 1996; Den Haag; VUGA; 90 5250 920 4; pages 609 pp.</eas:subject-title>
    </eas:relation>
    <eas:relation>
      <eas:subject-title>Becker, Jos; Het sociale draagvlak voor de quartaire sector, 1970-2000 :  http://www.scp.nl/boeken/werkdocumenten/doc91/nl/metainfo.htm; 2003; Den Haag; Sociaal en Cultureel Planbureau (SCP)</eas:subject-title>
    </eas:relation>
    <eas:relation eas:emphasis="true">
      <eas:subject-title>Thematische collectie: Culturele Veranderingen in Nederland (CV) en SCP Leefsituatie Index (SLI)</eas:subject-title>
      <eas:subject-link>http://dx.doi.org/10.17026/dans-zpa-9uwp</eas:subject-link>
    </eas:relation>
  </emd:relation>
  <emd:coverage>
    <dct:spatial>The Netherlands</dct:spatial>
    <dct:spatial>Nederland</dct:spatial>
    <dct:temporal>1975</dct:temporal>
  </emd:coverage>
  <emd:rights>
    <dct:accessRights eas:schemeId="common.dcterms.accessrights">OPEN_ACCESS</dct:accessRights>
    <dct:license eas:scheme="EASY version 1">accept</dct:license>
    <dct:license>http://creativecommons.org/licenses/by/4.0</dct:license>
    <dct:rightsHolder>Sociaal en Cultureel Planbureau (SCP)</dct:rightsHolder>
  </emd:rights>
  <emd:audience>
    <dct:audience eas:schemeId="custom.disciplines">easy-discipline:42</dct:audience>
    <dct:audience eas:schemeId="custom.disciplines">easy-discipline:51</dct:audience>
  </emd:audience>
  <emd:other>
    <eas:application-specific>
      <eas:metadataformat>SOCIOLOGY</eas:metadataformat>
    </eas:application-specific>
    <eas:etc>
      <property-list>
        <comment>Synchronization of EasyII</comment>
        <entry key="conversion.date">2011-05-20T01:57:15.345Z</entry>
        <entry key="previous.collection-id">twips.dans.knaw.nl-1758502181082845577-1172754923478</entry>
        <entry key="nl.knaw.dans.easy.tools.task.am.dataset.AudienceCorrectorTask">2011-07-20T19:04:21.710+02:00</entry>
      </property-list>
    </eas:etc>
  </emd:other>
</emd:easymetadata>