<?xml version='1.0' encoding='UTF-8'?>
<files xsi:schemaLocation="http://easy.dans.knaw.nl/schemas/bag/metadata/files/ http://easy.dans.knaw.nl/schemas/bag/metadata/files/files.xsd" xmlns:xsi="http://www.w3.org/2001/XMLSchema-instance" xmlns="http://easy.dans.knaw.nl/schemas/bag/metadata/files/" xmlns:afm="http://easy.dans.knaw.nl/schemas/bag/metadata/afm/" xmlns:dct="http://purl.org/dc/terms/">
    <file filepath="data/dat/p0216.por">
        <!--original/dat/p0216.por-->
        <dct:identifier>easy-file:1467119</dct:identifier>
        <dct:title>p0216.por</dct:title>
        <dct:format>text/plain</dct:format>
        <dct:extent>2.4MB</dct:extent>
        
        <accessibleToRights>ANONYMOUS</accessibleToRights>
        <visibleToRights>ANONYMOUS</visibleToRights>
        
        
      </file><file filepath="data/dat/p0216.dic">
        <!--original/dat/p0216.dic-->
        <dct:identifier>easy-file:1467117</dct:identifier>
        <dct:title>p0216.dic</dct:title>
        <dct:format>text/plain</dct:format>
        <dct:extent>0.2MB</dct:extent>
        
        <accessibleToRights>ANONYMOUS</accessibleToRights>
        <visibleToRights>ANONYMOUS</visibleToRights>
        
        
      </file><file filepath="data/dat/p0216.frq">
        <!--original/dat/p0216.frq-->
        <dct:identifier>easy-file:1467116</dct:identifier>
        <dct:title>p0216.frq</dct:title>
        <dct:format>text/plain</dct:format>
        <dct:extent>0.5MB</dct:extent>
        
        <accessibleToRights>ANONYMOUS</accessibleToRights>
        <visibleToRights>ANONYMOUS</visibleToRights>
        
        
      </file><file filepath="data/dat/p0216.pdf">
        <!--original/dat/p0216.pdf-->
        <dct:identifier>easy-file:1467118</dct:identifier>
        <dct:title>p0216.pdf</dct:title>
        <dct:format>application/pdf</dct:format>
        <dct:extent>4.7MB</dct:extent>
        
        <accessibleToRights>ANONYMOUS</accessibleToRights>
        <visibleToRights>ANONYMOUS</visibleToRights>
        
        
      </file><file filepath="data/additional-metadata-P0216.xml">
        <!--original/additional-metadata-P0216.xml-->
        <dct:identifier>easy-file:3934521</dct:identifier>
        <dct:title>additional-metadata-P0216.xml</dct:title>
        <dct:format>text/xml</dct:format>
        <dct:extent>0.0MB</dct:extent>
        
        <accessibleToRights>ANONYMOUS</accessibleToRights>
        <visibleToRights>ANONYMOUS</visibleToRights>
        
        
      </file>
    </files>