<?xml version='1.0' encoding='UTF-8'?>
<emd:easymetadata emd:version="0.1" xmlns:emd="http://easy.dans.knaw.nl/easy/easymetadata/" xmlns:eas="http://easy.dans.knaw.nl/easy/easymetadata/eas/" xmlns:dct="http://purl.org/dc/terms/" xmlns:dc="http://purl.org/dc/elements/1.1/" xmlns:xsi="http://www.w3.org/2001/XMLSchema-instance" xmlns:foxml="info:fedora/fedora-system:def/foxml#">
  <emd:title>
    <dc:title>Culturele Veranderingen in Nederland (CV) 2012 en SCP Leefsituatie Index (SLI) v1</dc:title>
  </emd:title>
  <emd:creator>
    <eas:creator>
      <eas:organization>Sociaal en Cultureel Planbureau - SCP</eas:organization>
      <eas:entityId eas:scheme="DAI"/>
      <eas:role eas:scheme="DATACITE"/>
    </eas:creator>
    <eas:creator>
      <eas:organization>Centraal Bureau voor de Statistiek - CBS</eas:organization>
      <eas:entityId eas:scheme="DAI"/>
      <eas:role eas:scheme="DATACITE"/>
    </eas:creator>
  </emd:creator>
  <emd:subject>
    <dc:subject>SCP Leefsituatie Index (SLI)</dc:subject>
    <dc:subject>culturele veranderingen</dc:subject>
    <dc:subject>Democratie</dc:subject>
    <dc:subject>Emancipatie</dc:subject>
    <dc:subject>Etnocentrisme</dc:subject>
    <dc:subject>Gender</dc:subject>
    <dc:subject>Generaties</dc:subject>
    <dc:subject>Leefomstandigheden</dc:subject>
    <dc:subject>Minderheden</dc:subject>
    <dc:subject>Onderwijs</dc:subject>
    <dc:subject>Ouderen</dc:subject>
    <dc:subject>Overheidsbeleid</dc:subject>
    <dc:subject>Politiek</dc:subject>
    <dc:subject>Publieke opinie</dc:subject>
    <dc:subject>Religie</dc:subject>
    <dc:subject>Sociale zekerheid</dc:subject>
    <dc:subject>Vertrouwen</dc:subject>
    <dc:subject>Vrijheid van meningsuiting</dc:subject>
    <dc:subject>Welzijn</dc:subject>
    <dc:subject>Werk</dc:subject>
    <dc:subject>Welvaart</dc:subject>
    <dc:subject>Misdaad</dc:subject>
    <dc:subject>Morele kwesties</dc:subject>
  </emd:subject>
  <emd:description>
    <dc:description>Culturele Veranderingen in Nederland (CV) 2012 en SCP Leefsituatie Index (SLI) v1. In v1 is de variabele leeftijd verbeterd.

Het onderzoek Culturele Veranderingen in Nederland (CV) en SCP Leefsituatie Index (SLI) die gecombineerd werden uitgevoerd, is een 2-jaarlijks onderzoek dat in 2012 in een samenwerkingsproject werd uitgevoerd door het Sociaal en Cultureel Planbureau (SCP) en het Centraal Bureau voor de Statistiek (CBS). Doel van CV is vaststellen welke opvattingen “de Nederlander” heeft over samenleving en cultuur en hoe deze in de loop der tijd zijn veranderd. Doel van SLI is het ontwikkelen van een indicator om de sociale leefsituatie van Nederland in kaart te brengen en het monitoren van de ontwikkeling van de sociale leefsituatie van de Nederlandse bevolking. De onderzoeken liggen aan de basis van veel onderzoek uit het werkprogramma van het SCP. Door het CBS zullen de data vooral worden gebruikt ten behoeve van het speerpunt Sociale Samenhang.

Veldwerkperiode: september 2012 tot en met februari 2013

Repons: 2795 personen (57%)</dc:description>
  </emd:description>
  <emd:publisher/>
  <emd:contributor/>
  <emd:date>
    <eas:created eas:scheme="W3CDTF" eas:format="YEAR">2013-01-01T00:00:00.000+01:00</eas:created>
    <eas:available eas:scheme="W3CDTF" eas:format="DAY">2019-05-22T00:00:00.000+02:00</eas:available>
  </emd:date>
  <emd:type>
    <dc:type eas:schemeId="common.dc.type" eas:scheme="DCMI">Dataset</dc:type>
  </emd:type>
  <emd:format>
    <dc:format eas:schemeId="common.dc.format" eas:scheme="IMT">application/pdf</dc:format>
    <dc:format>.sav</dc:format>
    <dc:format>.por</dc:format>
    <dc:format>.dta</dc:format>
  </emd:format>
  <emd:identifier>
    <dc:identifier eas:scheme="PID" eas:identification-system="http://www.persistent-identifier.nl">urn:nbn:nl:ui:13-o2-eie7</dc:identifier>
    <dc:identifier eas:scheme="DOI" eas:identification-system="https://doi.org">10.17026/dans-x6c-tr9e</dc:identifier>
    <dc:identifier eas:scheme="DMO_ID">easy-dataset:127510</dc:identifier>
  </emd:identifier>
  <emd:source/>
  <emd:language>
    <dc:language eas:schemeId="common.dc.language" eas:scheme="ISO 639">dut/nld</dc:language>
  </emd:language>
  <emd:relation>
    <eas:relation eas:emphasis="true">
      <eas:subject-title>Thematische collectie: Culturele Veranderingen in Nederland (CV) en SCP Leefsituatie Index (SLI)</eas:subject-title>
      <eas:subject-link>http://dx.doi.org/10.17026/dans-zpa-9uwp</eas:subject-link>
    </eas:relation>
    <eas:replaces eas:emphasis="true">
      <eas:subject-title>Culturele Veranderingen in Nederland (CV) 2012 en SCP Leefsituatie Index (SLI)</eas:subject-title>
      <eas:subject-link>https://doi.org/10.17026/dans-x3p-uzqn</eas:subject-link>
    </eas:replaces>
    <eas:references eas:emphasis="true">
      <eas:subject-title>Website SCP over Culturele veranderingen in Nederland</eas:subject-title>
      <eas:subject-link>https://www.scp.nl/Onderzoek/Bronnen/Beknopte_onderzoeksbeschrijvingen/Culturele_veranderingen_in_Nederland_CV</eas:subject-link>
    </eas:references>
    <eas:references eas:emphasis="true">
      <eas:subject-title>https://www.scp.nl/Onderzoek/Bronnen/Beknopte_onderzoeksbeschrijvingen/SCP_Leefsituatie_index_SLI</eas:subject-title>
      <eas:subject-link>https://www.scp.nl/Onderzoek/Bronnen/Beknopte_onderzoeksbeschrijvingen/SCP_Leefsituatie_index_SLI</eas:subject-link>
    </eas:references>
  </emd:relation>
  <emd:coverage>
    <dct:spatial>Nederland</dct:spatial>
  </emd:coverage>
  <emd:rights>
    <dct:accessRights eas:schemeId="common.dcterms.accessrights">REQUEST_PERMISSION</dct:accessRights>
    <dct:license>accept</dct:license>
  </emd:rights>
  <emd:audience>
    <dct:audience eas:schemeId="custom.disciplines">easy-discipline:42</dct:audience>
  </emd:audience>
  <emd:other>
    <eas:remark>In de oorspronkelijke versie van &quot;Culturele Veranderingen in Nederland (CV) 2012 en SCP Leefsituatie Index (SLI)&quot; is de variabele leeftijd niet correct. In v1 is deze verbeterd.</eas:remark>
    <eas:application-specific>
      <eas:metadataformat>SOCIOLOGY</eas:metadataformat>
      <eas:pakbon-status>NOT_IMPORTED</eas:pakbon-status>
    </eas:application-specific>
    <eas:etc/>
  </emd:other>
</emd:easymetadata>