<?xml version='1.0' encoding='UTF-8'?>
<files xsi:schemaLocation="http://easy.dans.knaw.nl/schemas/bag/metadata/files/ http://easy.dans.knaw.nl/schemas/bag/metadata/files/files.xsd" xmlns:xsi="http://www.w3.org/2001/XMLSchema-instance" xmlns="http://easy.dans.knaw.nl/schemas/bag/metadata/files/" xmlns:afm="http://easy.dans.knaw.nl/schemas/bag/metadata/afm/" xmlns:dct="http://purl.org/dc/terms/">
    <file filepath="data/CV2012 CCF v2.dta">
        
        <dct:identifier>easy-file:7831336</dct:identifier>
        <dct:title>CV2012 CCF v2.dta</dct:title>
        <dct:format>application/octet-stream</dct:format>
        <dct:extent>2.1MB</dct:extent>
        
        <accessibleToRights>RESTRICTED_REQUEST</accessibleToRights>
        <visibleToRights>ANONYMOUS</visibleToRights>
        
        
      </file><file filepath="data/CV2012 Onderzoeksverantwoording.pdf">
        
        <dct:identifier>easy-file:7831342</dct:identifier>
        <dct:title>CV2012 Onderzoeksverantwoording.pdf</dct:title>
        <dct:format>application/pdf</dct:format>
        <dct:extent>0.7MB</dct:extent>
        
        <accessibleToRights>ANONYMOUS</accessibleToRights>
        <visibleToRights>ANONYMOUS</visibleToRights>
        
        
      </file><file filepath="data/CV2012 CCF v2.por">
        
        <dct:identifier>easy-file:7831337</dct:identifier>
        <dct:title>CV2012 CCF v2.por</dct:title>
        <dct:format>application/octet-stream</dct:format>
        <dct:extent>2.9MB</dct:extent>
        
        <accessibleToRights>RESTRICTED_REQUEST</accessibleToRights>
        <visibleToRights>ANONYMOUS</visibleToRights>
        
        
      </file><file filepath="data/CV2012 Toelichting portable data.pdf">
        
        <dct:identifier>easy-file:7831343</dct:identifier>
        <dct:title>CV2012 Toelichting portable data.pdf</dct:title>
        <dct:format>application/pdf</dct:format>
        <dct:extent>0.0MB</dct:extent>
        
        <accessibleToRights>ANONYMOUS</accessibleToRights>
        <visibleToRights>ANONYMOUS</visibleToRights>
        
        
      </file><file filepath="data/CV2012 Vragenlijst variant A.pdf">
        
        <dct:identifier>easy-file:7831339</dct:identifier>
        <dct:title>CV2012 Vragenlijst variant A.pdf</dct:title>
        <dct:format>application/pdf</dct:format>
        <dct:extent>0.5MB</dct:extent>
        
        <accessibleToRights>ANONYMOUS</accessibleToRights>
        <visibleToRights>ANONYMOUS</visibleToRights>
        
        
      </file><file filepath="data/CV2012 Antwoordkaarten.pdf">
        
        <dct:identifier>easy-file:7831341</dct:identifier>
        <dct:title>CV2012 Antwoordkaarten.pdf</dct:title>
        <dct:format>application/pdf</dct:format>
        <dct:extent>0.0MB</dct:extent>
        
        <accessibleToRights>ANONYMOUS</accessibleToRights>
        <visibleToRights>ANONYMOUS</visibleToRights>
        
        
      </file><file filepath="data/CV2012 CCF v2.sav">
        
        <dct:identifier>easy-file:7831338</dct:identifier>
        <dct:title>CV2012 CCF v2.sav</dct:title>
        <dct:format>application/octet-stream</dct:format>
        <dct:extent>1.6MB</dct:extent>
        
        <accessibleToRights>RESTRICTED_REQUEST</accessibleToRights>
        <visibleToRights>ANONYMOUS</visibleToRights>
        
        
      </file><file filepath="data/CV2012 Vraagteksten &amp; schema's.pdf">
        
        <dct:identifier>easy-file:7831344</dct:identifier>
        <dct:title>CV2012 Vraagteksten &amp; schema's.pdf</dct:title>
        <dct:format>application/pdf</dct:format>
        <dct:extent>2.4MB</dct:extent>
        
        <accessibleToRights>ANONYMOUS</accessibleToRights>
        <visibleToRights>ANONYMOUS</visibleToRights>
        
        
      </file><file filepath="data/CV2012 Vragenlijst variant B.pdf">
        
        <dct:identifier>easy-file:7831340</dct:identifier>
        <dct:title>CV2012 Vragenlijst variant B.pdf</dct:title>
        <dct:format>application/pdf</dct:format>
        <dct:extent>0.5MB</dct:extent>
        
        <accessibleToRights>ANONYMOUS</accessibleToRights>
        <visibleToRights>ANONYMOUS</visibleToRights>
        
        
      </file>
    </files>