<?xml version='1.0' encoding='UTF-8'?>
<emd:easymetadata emd:version="0.1" xmlns:emd="http://easy.dans.knaw.nl/easy/easymetadata/" xmlns:eas="http://easy.dans.knaw.nl/easy/easymetadata/eas/" xmlns:dct="http://purl.org/dc/terms/" xmlns:dc="http://purl.org/dc/elements/1.1/" xmlns:xsi="http://www.w3.org/2001/XMLSchema-instance" xmlns:foxml="info:fedora/fedora-system:def/foxml#">
  <emd:title>
    <dc:title>Culturele Veranderingen in Nederland 1993 - CV'93</dc:title>
    <dc:title>Cultural changes in the Netherlands 1993 - CV'93</dc:title>
  </emd:title>
  <emd:creator>
    <eas:creator>
      <eas:initials>J.W.</eas:initials>
      <eas:surname>Becker</eas:surname>
      <eas:organization>Sociaal en Cultureel Planbureau, SCP * Den Haag (primary investigator)</eas:organization>
      <eas:entityId eas:scheme="DAI">068409176</eas:entityId>
    </eas:creator>
  </emd:creator>
  <emd:subject>
    <dc:subject>education</dc:subject>
    <dc:subject>environment</dc:subject>
    <dc:subject>finance</dc:subject>
    <dc:subject>health</dc:subject>
    <dc:subject>values and beliefs</dc:subject>
    <dc:subject>politics</dc:subject>
    <dc:subject>technology</dc:subject>
    <dc:subject>welfare</dc:subject>
    <dc:subject>pollution</dc:subject>
  </emd:subject>
  <emd:description>
    <dc:description>Trend study on changes in general opinions and attitudes of the Dutch population. The international part of the survey has environmental pollution as topical focus. The national part contains questions about social benefits, technology, health and other social topics.

International part: cohabitation / Dutch economical problems to be solved by entrepreneurships / diminish income differences is task of government / the two most important political aims / statements about relationship of science, technology and environment / preparedness to contribute to environmental protection, in several ways / knowledge about energy, pollution, biology, causes of environmental pollution / respondent ( and family ) does experience environmental problems as a personal threat / position of government in environmental problems / active contribution to environmental measures / believe in god

National part: having a paid job / happy to go back working after weekend / no job, no income / time spending: unpaid voluntary job, unpaid social support to others / welfare in country and family / near future: better-worse / welfare/ economical situation / unemployment / sense of standards is diminishing / expectations after next 15 years / governmental expenditures for public services / governmental measures to diminish differences in chances, income and possessions / worried about possible unemployment / satisfaction with own income and social security / development of incomes and social benefits / (mis)use of social security benefits / ( reason ) for-against plans of government to decrease social benefits: minimization system ( mini-stelsel ), basic income ( basisinkomen ) and obligatory jobs / difference between incomes and social benefits, in incomes ( low-high ) and possessions / lower-higher incomes for diverse governmental occupations / satisfied about own education / priorities in education / several aspects of religiousness and philosophy of life / acceptability of ways of cohabitation/ childcare/ divorcement / justice, crime and safety / participation / reading newspapers: local, national, foreign topics / importance of political aims / influence of and on political decisions of national and local authorities / development of society / worried about own old age finances / more-less taxes / ( willing to join - acceptance of ) public protests or other ways of protest against ( local ) governmental decisions / energy shortage / environmental pollution: enough measures are taken / own financial support / worried about own health and future of children / development / selective consuming pattern in favour of environment / state of environment / who is able to cope with environmental problems and prepared to / detailed questions about infection and spread of Aids / health insurances: which health services must be included at least / priorities: housing in case of housing shortage / dismissal / promotional opportunities / immigrant people / residence permits / active euthanasia / homosexuals / technological developments and personal involvement / household composition, members with own income / interviewers' impression of interview, respondent influenced by others. Background variables: basic characteristics/ residence/ household characteristics/ occupation / employment / income/capital assets / education / social class / politics/ religion/ readership, mass media, and 'cultural' exposure/ organizational membership.

The data- and documentation files of this dataset can be downloaded via the option Data Files.</dc:description>
  </emd:description>
  <emd:contributor>
    <dc:contributor>Sociaal en Cultureel Planbureau, SCP * Den Haag (depositor)</dc:contributor>
    <dc:contributor>Sociaal en Cultureel Planbureau, SCP * Den Haag (research initiator)</dc:contributor>
    <dc:contributor>Nederlands Instituut voor Publieke Opinie en marktonderzoek, NIPO * Amsterdam (data collector)</dc:contributor>
  </emd:contributor>
  <emd:date>
    <dct:created>1993-09-01 to 1994-01-31</dct:created>
    <eas:created eas:scheme="W3CDTF" eas:format="YEAR">1994-01-01T00:00:00.000+01:00</eas:created>
    <eas:available eas:scheme="W3CDTF" eas:format="DAY">2009-10-04T00:00:00.000+02:00</eas:available>
  </emd:date>
  <emd:format/>
  <emd:identifier>
    <dc:identifier eas:scheme="AIP_ID">twips.dans.knaw.nl-1842945340949465702-1174309953537</dc:identifier>
    <dc:identifier eas:scheme="PID" eas:identification-system="http://www.persistent-identifier.nl">urn:nbn:nl:ui:13-9fr-9gq</dc:identifier>
    <dc:identifier eas:scheme="DOI" eas:identification-system="http://dx.doi.org">10.17026/dans-xrw-du6s</dc:identifier>
    <dc:identifier>STAR: P1205</dc:identifier>
    <dc:identifier eas:scheme="DMO_ID">easy-dataset:32434</dc:identifier>
  </emd:identifier>
  <emd:source/>
  <emd:language>
    <dc:language eas:schemeId="common.dc.language" eas:scheme="ISO 639">dut/nld</dc:language>
  </emd:language>
  <emd:relation>
    <eas:relation>
      <eas:subject-title>DANS EASY Online analysis tool</eas:subject-title>
      <eas:subject-link>http://nesstar.dans.knaw.nl</eas:subject-link>
    </eas:relation>
    <eas:relation>
      <eas:subject-title>Gesthuizen, Maurice; Peer Scheepers; Mieke Verloo; Support for the discrimination of women on the labour market in the Netherlands: : Individual and contextual characteristics; 2002; The Netherlands' Journal Of Social Sciences; 38; 1; pages p.48-64</eas:subject-title>
    </eas:relation>
    <eas:relation>
      <eas:subject-title>Scheepers, Peer; Jacques Janssen; Informal aspects of social capital: developments in the Netherlands' Journal 1970-1998; 2003; The Netherlands'Journal of Social Sciences; 39; 2</eas:subject-title>
    </eas:relation>
    <eas:relation>
      <eas:subject-title>Scheepers, Peer; Jacques Janssen; Informele aspecten van sociaal kapitaal. Ontwikkelingen in Nederland 1970-1998; 2001; Mens en Maatschappij; 76; 3; pages p. 183-201</eas:subject-title>
    </eas:relation>
    <eas:relation>
      <eas:subject-title>Kooiker, S.E.\; Mootz, M.; Patient en professie : Culturele determinanten van medische consumptie; 1996; Rijswijk; Sociaal en Cultureel Planbureau; 90 5250 913 1; pages 63-96 pp.</eas:subject-title>
    </eas:relation>
    <eas:relation>
      <eas:subject-title>Nas, M; Dekker, P.; Hemmers, C.; Maatschappelijke organisaties, publieke opinie en milieu; 1997; Den Haag; VUGA; 90 5250 927 1; pages 160</eas:subject-title>
    </eas:relation>
    <eas:relation>
      <eas:subject-title>Sociaal en Cultureel Planbureau; Sociale en culturele verkenningen 1997; 1997; Den Haag; VUGA; 90 5749 103 6; pages 168</eas:subject-title>
    </eas:relation>
    <eas:relation>
      <eas:subject-title>Scheepers, P.; Coenders, M.; Trends in etnische discriminatie in Nederland 1980-1993; Justitiele Verkenningen; 22; 3</eas:subject-title>
    </eas:relation>
    <eas:relation>
      <eas:subject-title>NIPO; Mosaic kent de consument achter elk adres : Informatie; Januari 1989; Amsterdam; NIPO; pages 43 pp.</eas:subject-title>
    </eas:relation>
    <eas:relation>
      <eas:subject-title>Sociaal en Cultureel Planbureau; Sociale en culturele verkenningen 1996; 1996; Den Haag; VUGA; 90 5250 918 2</eas:subject-title>
    </eas:relation>
    <eas:relation>
      <eas:subject-title>Becker, J.W.\; Broek, A.v.d.\; Dekker, P.\; Nas, M.; Publieke opinie en milieu : Een verkenning van het sociale draagvlak voor het milieubeleid opgrond van survey-gegevens; 1996; Rijswijk; Sociaal en Cultureel Planbureau, SCP; 90 5250 912 3; pages 183 pp.</eas:subject-title>
    </eas:relation>
    <eas:relation>
      <eas:subject-title>CCN Marketing Systemen BV; Gegevens beschikbaar in de mosaic-database per 01/10/1995; 1995; Utrecht; CCN Marketing Systemen; pages 34 pp.</eas:subject-title>
    </eas:relation>
    <eas:relation>
      <eas:subject-title>Dorant, Ph.; Culturele Veranderingen in Nederland 1993 : Steekproeftrekking en tabellenrapport; 1996; Amsterdam; NIPO; pages 35 pp.</eas:subject-title>
    </eas:relation>
    <eas:relation>
      <eas:subject-title>NIPO; Culturele Veranderingen in Nederland 1993 : Onderzoeksverslag, tabellen; 1995; Amsterdam; NIPO; pages 13 pp.(+ bijl.)</eas:subject-title>
    </eas:relation>
    <eas:relation>
      <eas:subject-title>Sociaal en Cultureel Planbureau, SCP; Sociaal en cultureel rapport 1994; 1994; Rijswijk\; Den Haag; Sociaal en Cultureel Planbureau, SCP\; VUGA; 90-5250-617-5; 0922-8772; pages 644 pp.</eas:subject-title>
    </eas:relation>
    <eas:relation>
      <eas:subject-title>Sociaal en Cultureel Planbureau; Sociaal en cultureel rapport 1996; September 1996; Den Haag; VUGA; 90 5250 920 4; pages 609 pp.</eas:subject-title>
    </eas:relation>
    <eas:relation>
      <eas:subject-title>Vlaardingen, F. van; Culturele veranderingen in Nederland : Codeboek bij het databestand van het door het Sociaal en CultureelPlanbureau uitgevoerde onderzoek 'Culturele Veranderingen inNederland 1993'; 1996; Amsterdam; Steinmetzarchief; 90-71684-46-6; pages 198 + bijlagen</eas:subject-title>
    </eas:relation>
    <eas:relation>
      <eas:subject-title>Grotenhuis, M. te; Ontkerkelijking : Oorzaken en gevolgen van sociaal-culturele ontwikkelingenin Nederland; 1999; Nijmegen; Katholieke Universiteit Nijmegen\; Vakgroep Sociologie; 90 373 0472 9; pages 177</eas:subject-title>
    </eas:relation>
    <eas:relation>
      <eas:subject-title>Sociaal en Cultureel Planbureau; Sociale en culturele verkenningen 1998 Cahier; 1998; Den Haag; VUGA; 90 5749 113 3; pages 190</eas:subject-title>
    </eas:relation>
    <eas:relation>
      <eas:subject-title>Maas-de Waal, C.; Dekker, P.; De publieke opinie over resocialisatie : Een actualisering en relativering; Tijdschrift voor criminologie; 41; 1</eas:subject-title>
    </eas:relation>
    <eas:relation>
      <eas:subject-title>Portegijs, Wil; Annemarie Boelens; Saskia Keuzekamp; Emancipatiemonitor 2002; Den Haag, Voorburg; SCP, CBS; 90-377-0110-8; SCP-publikatie 2002/13; 1569-4674</eas:subject-title>
    </eas:relation>
    <eas:relation eas:emphasis="true">
      <eas:subject-title>Thematische collectie: Culturele Veranderingen in Nederland (CV) en SCP Leefsituatie Index (SLI)</eas:subject-title>
      <eas:subject-link>http://dx.doi.org/10.17026/dans-zpa-9uwp</eas:subject-link>
    </eas:relation>
  </emd:relation>
  <emd:coverage>
    <dct:spatial>Netherlands</dct:spatial>
    <dct:spatial>Nederland</dct:spatial>
    <dct:temporal>1993 * 1994</dct:temporal>
  </emd:coverage>
  <emd:rights>
    <dct:accessRights eas:schemeId="common.dcterms.accessrights">OPEN_ACCESS</dct:accessRights>
    <dct:license eas:scheme="EASY version 1">accept</dct:license>
    <dct:license>http://creativecommons.org/licenses/by/4.0</dct:license>
    <dct:rightsHolder>Sociaal en Cultureel Planbureau (SCP)</dct:rightsHolder>
  </emd:rights>
  <emd:audience>
    <dct:audience eas:schemeId="custom.disciplines">easy-discipline:42</dct:audience>
    <dct:audience eas:schemeId="custom.disciplines">easy-discipline:51</dct:audience>
  </emd:audience>
  <emd:other>
    <eas:application-specific>
      <eas:metadataformat>SOCIOLOGY</eas:metadataformat>
    </eas:application-specific>
    <eas:etc>
      <property-list>
        <comment>Synchronization of EasyII</comment>
        <entry key="conversion.date">2011-05-19T17:30:20.93Z</entry>
        <entry key="previous.collection-id">twips.dans.knaw.nl-1842945340949465702-1174309953537</entry>
        <entry key="nl.knaw.dans.easy.tools.task.am.dataset.AudienceCorrectorTask">2011-07-20T18:58:56.615+02:00</entry>
      </property-list>
    </eas:etc>
  </emd:other>
</emd:easymetadata>