<?xml version='1.0' encoding='UTF-8'?>
<files xsi:schemaLocation="http://easy.dans.knaw.nl/schemas/bag/metadata/files/ http://easy.dans.knaw.nl/schemas/bag/metadata/files/files.xsd" xmlns:xsi="http://www.w3.org/2001/XMLSchema-instance" xmlns="http://easy.dans.knaw.nl/schemas/bag/metadata/files/" xmlns:afm="http://easy.dans.knaw.nl/schemas/bag/metadata/afm/" xmlns:dct="http://purl.org/dc/terms/">
    <file filepath="data/dat/p1205.dic">
        <!--original/dat/p1205.dic-->
        <dct:identifier>easy-file:1386707</dct:identifier>
        <dct:title>p1205.dic</dct:title>
        <dct:format>application/octet-stream</dct:format>
        <dct:extent>0.3MB</dct:extent>
        
        <accessibleToRights>ANONYMOUS</accessibleToRights>
        <visibleToRights>ANONYMOUS</visibleToRights>
        
        
      </file><file filepath="data/dat/p1205.frq">
        <!--original/dat/p1205.frq-->
        <dct:identifier>easy-file:1386706</dct:identifier>
        <dct:title>p1205.frq</dct:title>
        <dct:format>text/plain</dct:format>
        <dct:extent>0.6MB</dct:extent>
        
        <accessibleToRights>ANONYMOUS</accessibleToRights>
        <visibleToRights>ANONYMOUS</visibleToRights>
        
        
      </file><file filepath="data/additional-metadata-P1205.xml">
        <!--original/additional-metadata-P1205.xml-->
        <dct:identifier>easy-file:3933985</dct:identifier>
        <dct:title>additional-metadata-P1205.xml</dct:title>
        <dct:format>text/xml</dct:format>
        <dct:extent>0.0MB</dct:extent>
        
        <accessibleToRights>ANONYMOUS</accessibleToRights>
        <visibleToRights>ANONYMOUS</visibleToRights>
        
        
      </file><file filepath="data/dat/p1205.lab">
        <!--original/dat/p1205.lab-->
        <dct:identifier>easy-file:1386705</dct:identifier>
        <dct:title>p1205.lab</dct:title>
        <dct:format>application/octet-stream</dct:format>
        <dct:extent>0.0MB</dct:extent>
        
        <accessibleToRights>ANONYMOUS</accessibleToRights>
        <visibleToRights>ANONYMOUS</visibleToRights>
        
        
      </file><file filepath="data/dat/p1205.por">
        <!--original/dat/p1205.por-->
        <dct:identifier>easy-file:1386703</dct:identifier>
        <dct:title>p1205.por</dct:title>
        <dct:format>application/octet-stream</dct:format>
        <dct:extent>2.5MB</dct:extent>
        
        <accessibleToRights>ANONYMOUS</accessibleToRights>
        <visibleToRights>ANONYMOUS</visibleToRights>
        
        
      </file><file filepath="data/dat/p1205.pdf">
        <!--original/dat/p1205.pdf-->
        <dct:identifier>easy-file:1386704</dct:identifier>
        <dct:title>p1205.pdf</dct:title>
        <dct:format>application/pdf</dct:format>
        <dct:extent>2.8MB</dct:extent>
        
        <accessibleToRights>ANONYMOUS</accessibleToRights>
        <visibleToRights>ANONYMOUS</visibleToRights>
        
        
      </file>
    </files>