<?xml version="1.0" encoding="UTF-8"?>
<ddm:DDM xsi:schemaLocation="http://schemas.dans.knaw.nl/dataset/ddm-v2/ https://schemas.dans.knaw.nl/md/ddm/v2/ddm.xsd" xmlns:id-type="http://easy.dans.knaw.nl/schemas/vocab/identifier-type/" xmlns:ddm="http://schemas.dans.knaw.nl/dataset/ddm-v2/" xmlns:abr="http://www.den.nl/standaard/166/Archeologisch-Basisregister/" xmlns:gml="http://www.opengis.net/gml" xmlns:dcx-gml="http://easy.dans.knaw.nl/schemas/dcx/gml/" xmlns:dcx-dai="http://easy.dans.knaw.nl/schemas/dcx/dai/" xmlns:dct="http://purl.org/dc/terms/" xmlns:xsi="http://www.w3.org/2001/XMLSchema-instance" xmlns:dc="http://purl.org/dc/elements/1.1/">
     <ddm:profile>
        
       <dc:title>Culturele Veranderingen in Nederland 1980 - CV'80</dc:title>
       <dct:description>Trend study of changes in general opinions and attitudes of ( parts of ) the Dutch population.

Job satisfaction, worries, future, unemployment / satisfaction with present life situation, future prospects / media exposure concerning news and politics / average time watching tv / subscription to national newspapers / read news topics : local, national, international, crime / prosperity in family, national, role of government, future expectations / change in morality, social change / government spending / role of government regarding: equality of opportunity, income, property/ education/ economy/ housing/ pollution of the environment/ taxation/ defense spending/ aid to developing countries/ art and culture/ child care/ emancipation of women/ special education for foreigners / more private spending on: housing, child care, pollution, education, energy / preferred level of government spending / worries, fears, depressions, loneliness / satisfaction with: housing, health, happiness, marriage, family life, own education, educational opportunities children, income / income level, level of social securities / quality of social security system / abuse of social securities / stereotypes regarding employed, unemployed, disabled / differences in income and property, workers' participation / freedom of demonstration, expression, strike, draft-dodging / religious beliefs / religiosity / role of religion in social life ( pillarization ) / religious freedom, tolerance /important things in life / transparency of society: information about rights and duties, information by mass-media, political openness / law and order, safety, crime, victimization / social values and beliefs: conservatism, traditionalism, progressiveness, liberalism / democratization and participation / politics, voting behaviour, strength of party-affiliation, sense of political efficacy, women in politics / political attitudes: labour union activities, class conflict, film- and tv censorship, smoking marihuana or hashish, abortion, population growth, death panelty, pornography, upbringing, role of women, police, social securities, jurisdiction / class-consciousness / political actions: strikes, squatting, blockade / cabinet ministers known / pollution / energy saving / misanthropy, tolerance, ethnocentrism, authoritarianism / political left-right selfrating / balance of power / conflicting groups / acceptable measures in case of firms making a loss / political interest / aid to developing countries / consumerism / alternative healing /sexuality / marriage / acceptance of alternative ways of cohabitation /working women / divorce / birth control / parent-child relations / sexual freedom / sexual permissiveness / homosexuality / discrimination.

P0741B ( additional items ) and P0741C: coalition preference / student participation and quality of scientific education / feminism / left-right rating of political parties / capitalist versus socialist ideology / views on: human nature, nature of ( western ) society / dogmatism / human, civil rights / causes of economic deterioration / perceived changes in personality last 5-10 years / perceived changes in society last 5 years / perceived changes in government policy last 5 years.

Background variables: basic characteristics/ place of birth/ residence/ household characteristics/ occupation/employment/ income/capital assets/ education/ social class/ politics/ religion/ consumption of durables/ readership, mass media, and 'cultural' exposure/ organizational membership.</dct:description>
       
       
       <dcx-dai:creatorDetails><dcx-dai:author>
        
        <dcx-dai:initials>J.W.</dcx-dai:initials>
        
        <dcx-dai:surname>Becker</dcx-dai:surname>
        
        
        <dcx-dai:DAI>info:eu-repo/dai/nl/068409176</dcx-dai:DAI>
        
        <dcx-dai:organization>
        <dcx-dai:name>Sociaal en Cultureel Planbureau, SCP * Den Haag</dcx-dai:name>
        
      </dcx-dai:organization>
      </dcx-dai:author> </dcx-dai:creatorDetails><dcx-dai:creatorDetails><dcx-dai:author>
        
        <dcx-dai:initials>C.P.</dcx-dai:initials>
        
        <dcx-dai:surname>Middendorp</dcx-dai:surname>
        
        
        <dcx-dai:DAI>info:eu-repo/dai/nl/068364121</dcx-dai:DAI>
        
        
      </dcx-dai:author> </dcx-dai:creatorDetails>
       <ddm:created>1981-01-31</ddm:created>
       <ddm:available>1981-01-31</ddm:available>
       <ddm:audience>D60000</ddm:audience><ddm:audience>D61000</ddm:audience>
       <ddm:accessRights>OPEN_ACCESS</ddm:accessRights>
     
        <ddm:personalData present="Unknown"/>
      </ddm:profile>
     <ddm:dcmiMetadata><dc:title>Cultural changes in the Netherlands 1980 - CV'80</dc:title>
       <dct:identifier xsi:type="id-type:EASY1">twips.dans.knaw.nl--3586590665316052056-1173178408953</dct:identifier><dct:identifier xsi:type="id-type:URN">urn:nbn:nl:ui:13-5ko-v96</dct:identifier><dct:identifier xsi:type="id-type:DOI">10.17026/dans-225-usqm</dct:identifier><dct:identifier>STAR: P0741</dct:identifier><dct:identifier xsi:type="id-type:EASY2">easy-dataset:31837</dct:identifier>
       
       
       
       
       
       
       <ddm:relation>Becker, Jos; Het sociale draagvlak voor de quartaire sector, 1970-2000 :  http://www.scp.nl/boeken/werkdocumenten/doc91/nl/metainfo.htm; 2003; Den Haag; Sociaal en Cultureel Planbureau (SCP)</ddm:relation><ddm:relation>Portegijs, Wil; Annemarie Boelens; Saskia Keuzekamp; Emancipatiemonitor 2002; Den Haag, Voorburg; SCP, CBS; 90-377-0110-8; SCP-publikatie 2002/13; 1569-4674</ddm:relation><ddm:relation>Gesthuizen, Maurice; Peer Scheepers; Mieke Verloo; Support for the discrimination of women on the labour market in the Netherlands: : Individual and contextual characteristics; 2002; The Netherlands' Journal Of Social Sciences; 38; 1; pages p.48-64</ddm:relation><ddm:relation>Scheepers, Peer; Jacques Janssen; Informal aspects of social capital: developments in the Netherlands' Journal 1970-1998; 2003; The Netherlands'Journal of Social Sciences; 39; 2</ddm:relation><ddm:relation>Scheepers, Peer; Jacques Janssen; Informele aspecten van sociaal kapitaal. Ontwikkelingen in Nederland 1970-1998; 2001; Mens en Maatschappij; 76; 3; pages p. 183-201</ddm:relation><ddm:relation>Broek, A. van den; Politics and generations : Cohort replacement and generation formation in political culture in the Netherlands; 1996; Tilburg; Tilburg University Press; pages 212 pp.</ddm:relation><ddm:relation>Castenmiller, P.; Participatie in beweging : Ontwikkelingen in politieke participatie in Nederland; 1988; Rijswijk; Sociaal en Cultureel Planbureau; 90 377 00 01 2; pages 204 pp.</ddm:relation><ddm:relation>Nas, M; Dekker, P.; Hemmers, C.; Maatschappelijke organisaties, publieke opinie en milieu; 1997; Den Haag; VUGA; 90 5250 927 1; pages 160</ddm:relation><ddm:relation>Sociaal en Cultureel Planbureau; Sociale en culturele verkenningen 1997; 1997; Den Haag; VUGA; 90 5749 103 6; pages 168</ddm:relation><ddm:relation>Gijsberts, M.; Culturele Veranderingen : Het wegen waard; 1993; Rijswijk; Sociaal en Cultureel Planbureau, SCP; pages 100 pp.</ddm:relation><ddm:relation>Praag, C.S. van; Vooroordeel tegenover etnische minderheden : Resultaten van Nederlands opinieonderzoek; 1983; Rijswijk; Sociaal en Cultureel Planbureau, SCP; 90 346 0199 4; pages 106 pp.</ddm:relation><ddm:relation>; Sociale en Culturele Verkenningen 1992; 1992; Rijswijk; SCP; ISBN 90-5250-325-7</ddm:relation><ddm:relation>Castenmiller, P.; Knol, F.; Convergentie of divergentie : Sociale en culturele ontwikkelingen in stedelijke en landelijkegebieden.; 1989; Rijswijk</ddm:relation><ddm:relation>Dekker, P.; Ester, P.; Political attitudes in a generational perspective : The Netherlands, 1970-1992; Meppel; Boom; Acta Politica; 0001-6810; 30; 1</ddm:relation><ddm:relation>Dekker, P.; Ester, P.; Social and political attitudes of dutch youth, young rebels, trendsetters or law-abiding citizens; Netherlands Journal of Sociology, Sociologia Neerlandica; 24; 1</ddm:relation><ddm:relation>Feijter, H. de; De voorlopers bij demografische veranderingen; 1991; Den Haag; NIDI</ddm:relation><ddm:relation>Middendorp, C.P.; Meloen, J.D.; Over het autoritarisme van de arbeidersklasse; Acta Politica; 24; 1989</ddm:relation><ddm:relation>Middendorp, C.P.; Meloen, J.D.; Commentaar en discussie : Over het autoritarisme van de arbeidersklasse; Acta Politica; XXIV</ddm:relation><ddm:relation>Pijnenburg, B.; Herwaardering van deconfessionalisering; Sociologische Gids; 31; 6</ddm:relation><ddm:relation>Scheepers, P.; Coenders, M.; Trends in etnische discriminatie in Nederland 1980-1993; Justitiele Verkenningen; 22; 3</ddm:relation><ddm:relation>Sociaal en Cultureel Planbureau; Sociale en Culturele Verkenningen 1993; 1993; Rijswijk; Sociaal en Cultureel Planbureau; 90 5250 339 7; pages 147 pp.</ddm:relation><ddm:relation>Winkels, J.W.; Progressiviteit en conservatisme in Nederland : Enkele meet- en analyseproblemen; 1985; Groningen; Sociologisch Instituut (RUG), Vakgroep Methoden en Technieken</ddm:relation><ddm:relation>Dekker, P.; Ester, P.; Social and political attitudes in Dutch society; 1993; Rijswijk\; Den Haag; Sociaal en Cultureel Planbureau, SCP\; VUGA; 90-5250-337-0; pages 245 pp.</ddm:relation><ddm:relation>Sociaal en Cultureel Planbureau; Sociale en culturele verkenningen 1996; 1996; Den Haag; VUGA; 90 5250 918 2</ddm:relation><ddm:relation>Sociaal en Cultureel Planbureau, SCP; Sociaal en cultureel rapport 1994; 1994; Rijswijk\; Den Haag; Sociaal en Cultureel Planbureau, SCP\; VUGA; 90-5250-617-5; 0922-8772; pages 644 pp.</ddm:relation><ddm:relation>Sociaal en Cultureel Planbureau; Sociaal en cultureel rapport 1996; September 1996; Den Haag; VUGA; 90 5250 920 4; pages 609 pp.</ddm:relation><ddm:relation>Sociaal en Cultureel Planbureau; Sociale en culturele verkenningen 1998 Cahier; 1998; Den Haag; VUGA; 90 5749 113 3; pages 190</ddm:relation><ddm:relation>Maas-de Waal, C.; Dekker, P.; De publieke opinie over resocialisatie : Een actualisering en relativering; Tijdschrift voor criminologie; 41; 1</ddm:relation><ddm:relation>Konink, M. de; Scheepers, P.; De publieke opinie over resocialisatie van misdadigers : De trend tussen 1970 en 1992; Tijdschrift voor Criminologie; 0165-182X; 40; 3</ddm:relation><ddm:relation href="http://nesstar.dans.knaw.nl">EASY Online Analysis tool</ddm:relation><ddm:relation href="http://dx.doi.org/10.17026/dans-zpa-9uwp">Thematische collectie: Culturele Veranderingen in Nederland (CV) en SCP Leefsituatie Index (SLI)</ddm:relation>
       
       <dcx-dai:contributorDetails><dcx-dai:organization>
        <dcx-dai:name>SCP * Den Haag (research initiator)</dcx-dai:name>
        
      </dcx-dai:organization> </dcx-dai:contributorDetails><dcx-dai:contributorDetails><dcx-dai:organization>
        <dcx-dai:name>NIPO * Amsterdam, the Netherlands (data collector)</dcx-dai:name>
        
      </dcx-dai:organization> </dcx-dai:contributorDetails>
       <dct:rightsHolder>Sociaal en Cultureel Planbureau (SCP)</dct:rightsHolder>
       
       
       
       
       
       
       <dct:subject>sociology</dct:subject><dct:subject>finance</dct:subject><dct:subject>stratification</dct:subject><dct:subject>participation</dct:subject><dct:subject>religion</dct:subject><dct:subject>crime</dct:subject><dct:subject>law</dct:subject><dct:subject>environment</dct:subject><dct:subject>energy</dct:subject><dct:subject>consumption</dct:subject><dct:subject>family life</dct:subject><dct:subject>discrimination</dct:subject><dct:subject>welfare</dct:subject><dct:subject>living conditions</dct:subject><dct:subject>massmedia</dct:subject><dct:subject>politics, internal</dct:subject><dct:subject>economy</dct:subject>
       
       <dct:spatial>Netherlands</dct:spatial><dct:spatial>Nederland</dct:spatial>
       <dct:temporal>1980 * 1981</dct:temporal>
       <dct:dateSubmitted xsi:type="dct:W3CDTF">2011-08-16</dct:dateSubmitted><ddm:datesOfCollection>1980-11-01/1981-01-31</ddm:datesOfCollection>
       
       <dct:license xsi:type="dct:URI">http://creativecommons.org/licenses/by/4.0</dct:license>
       <ddm:language code="dut" encodingScheme="ISO639-2">nld</ddm:language>
       <dct:created>1980</dct:created>
     <ddm:inCollection subjectScheme="DANS Collection" valueURI="https://vocabularies.dans.knaw.nl/collections/ssh/7f899692-90b4-49d0-8a5f-891e73ae84c1" schemeURI="https://vocabularies.dans.knaw.nl/collections">Culturele Veranderingen in Nederland (CV) en SCP Leefsituatie Index (SLI)</ddm:inCollection><ddm:description descriptionType="SeriesInformation">
    Het Sociaal en Cultureel Planbureau (SCP) voert sinds 1975 (twee)jaarlijks het onderzoek Culturele Veranderingen in Nederland uit. De reeks bestaat inmiddels uit 30 onderzoeken en bevat zo’n 3500 variabelen en gegevens over meer dan 50.000 respondenten.

De onderzoeken Culturele Veranderingen in Nederland (CV) en SCP Leefsituatie Index (SLI) worden sinds 2004 tweejaarlijks gecombineerd uitgevoerd in samenwerking door het Sociaal Cultureel Planbureau (SCP) en het Centraal Bureau voor de Statistiek (CBS).

Doel van CV is vaststellen welke opvattingen “de Nederlander” heeft over samenleving en cultuur en hoe deze in de loop van de tijd zijn veranderd. Doel van SLI is het ontwikkelen van een indicator om de sociale leefsituatie van Nederland in kaart te brengen en het monitoren van de ontwikkeling van de sociale leefsituatie van de Nederlandse bevolking.

De onderzoeken liggen aan de basis van veel onderzoek uit het werkprogramma van het SCP. Door het CBS zullen de data vooral worden gebruikt ten behoeve van het speerpunt Sociale Samenhang.
  </ddm:description></ddm:dcmiMetadata>
   </ddm:DDM>