<?xml version='1.0' encoding='UTF-8'?>
<emd:easymetadata emd:version="0.1" xmlns:emd="http://easy.dans.knaw.nl/easy/easymetadata/" xmlns:eas="http://easy.dans.knaw.nl/easy/easymetadata/eas/" xmlns:dct="http://purl.org/dc/terms/" xmlns:dc="http://purl.org/dc/elements/1.1/" xmlns:xsi="http://www.w3.org/2001/XMLSchema-instance" xmlns:foxml="info:fedora/fedora-system:def/foxml#">
  <emd:title>
    <dc:title>Culturele Veranderingen in Nederland 1980 - CV'80</dc:title>
    <dc:title>Cultural changes in the Netherlands 1980 - CV'80</dc:title>
  </emd:title>
  <emd:creator>
    <eas:creator>
      <eas:initials>J.W.</eas:initials>
      <eas:surname>Becker</eas:surname>
      <eas:organization>Sociaal en Cultureel Planbureau, SCP * Den Haag</eas:organization>
      <eas:entityId eas:scheme="DAI">068409176</eas:entityId>
    </eas:creator>
    <eas:creator>
      <eas:initials>C.P.</eas:initials>
      <eas:surname>Middendorp</eas:surname>
      <eas:entityId eas:scheme="DAI">068364121</eas:entityId>
    </eas:creator>
  </emd:creator>
  <emd:subject>
    <dc:subject>sociology</dc:subject>
    <dc:subject>finance</dc:subject>
    <dc:subject>stratification</dc:subject>
    <dc:subject>participation</dc:subject>
    <dc:subject>religion</dc:subject>
    <dc:subject>crime</dc:subject>
    <dc:subject>law</dc:subject>
    <dc:subject>environment</dc:subject>
    <dc:subject>energy</dc:subject>
    <dc:subject>consumption</dc:subject>
    <dc:subject>family life</dc:subject>
    <dc:subject>discrimination</dc:subject>
    <dc:subject>welfare</dc:subject>
    <dc:subject>living conditions</dc:subject>
    <dc:subject>massmedia</dc:subject>
    <dc:subject>politics, internal</dc:subject>
    <dc:subject>economy</dc:subject>
  </emd:subject>
  <emd:description>
    <dc:description>Trend study of changes in general opinions and attitudes of ( parts of ) the Dutch population.

Job satisfaction, worries, future, unemployment / satisfaction with present life situation, future prospects / media exposure concerning news and politics / average time watching tv / subscription to national newspapers / read news topics : local, national, international, crime / prosperity in family, national, role of government, future expectations / change in morality, social change / government spending / role of government regarding: equality of opportunity, income, property/ education/ economy/ housing/ pollution of the environment/ taxation/ defense spending/ aid to developing countries/ art and culture/ child care/ emancipation of women/ special education for foreigners / more private spending on: housing, child care, pollution, education, energy / preferred level of government spending / worries, fears, depressions, loneliness / satisfaction with: housing, health, happiness, marriage, family life, own education, educational opportunities children, income / income level, level of social securities / quality of social security system / abuse of social securities / stereotypes regarding employed, unemployed, disabled / differences in income and property, workers' participation / freedom of demonstration, expression, strike, draft-dodging / religious beliefs / religiosity / role of religion in social life ( pillarization ) / religious freedom, tolerance /important things in life / transparency of society: information about rights and duties, information by mass-media, political openness / law and order, safety, crime, victimization / social values and beliefs: conservatism, traditionalism, progressiveness, liberalism / democratization and participation / politics, voting behaviour, strength of party-affiliation, sense of political efficacy, women in politics / political attitudes: labour union activities, class conflict, film- and tv censorship, smoking marihuana or hashish, abortion, population growth, death panelty, pornography, upbringing, role of women, police, social securities, jurisdiction / class-consciousness / political actions: strikes, squatting, blockade / cabinet ministers known / pollution / energy saving / misanthropy, tolerance, ethnocentrism, authoritarianism / political left-right selfrating / balance of power / conflicting groups / acceptable measures in case of firms making a loss / political interest / aid to developing countries / consumerism / alternative healing /sexuality / marriage / acceptance of alternative ways of cohabitation /working women / divorce / birth control / parent-child relations / sexual freedom / sexual permissiveness / homosexuality / discrimination.

P0741B ( additional items ) and P0741C: coalition preference / student participation and quality of scientific education / feminism / left-right rating of political parties / capitalist versus socialist ideology / views on: human nature, nature of ( western ) society / dogmatism / human, civil rights / causes of economic deterioration / perceived changes in personality last 5-10 years / perceived changes in society last 5 years / perceived changes in government policy last 5 years.

Background variables: basic characteristics/ place of birth/ residence/ household characteristics/ occupation/employment/ income/capital assets/ education/ social class/ politics/ religion/ consumption of durables/ readership, mass media, and 'cultural' exposure/ organizational membership.</dc:description>
  </emd:description>
  <emd:publisher/>
  <emd:contributor>
    <eas:contributor>
      <eas:organization>SCP * Den Haag (research initiator)</eas:organization>
      <eas:entityId eas:scheme="DAI"/>
    </eas:contributor>
    <eas:contributor>
      <eas:organization>NIPO * Amsterdam, the Netherlands (data collector)</eas:organization>
      <eas:entityId eas:scheme="DAI"/>
    </eas:contributor>
  </emd:contributor>
  <emd:date>
    <dct:created>1980-11-01 to 1981-01-31</dct:created>
    <eas:created eas:scheme="W3CDTF" eas:format="YEAR">1980-01-01T00:00:00.000+01:00</eas:created>
    <eas:dateSubmitted eas:scheme="W3CDTF" eas:format="DAY">2011-08-16T13:21:23.619+02:00</eas:dateSubmitted>
  </emd:date>
  <emd:type/>
  <emd:format/>
  <emd:identifier>
    <dc:identifier eas:scheme="AIP_ID">twips.dans.knaw.nl--3586590665316052056-1173178408953</dc:identifier>
    <dc:identifier eas:scheme="PID" eas:identification-system="http://www.persistent-identifier.nl">urn:nbn:nl:ui:13-5ko-v96</dc:identifier>
    <dc:identifier eas:scheme="DOI" eas:identification-system="http://dx.doi.org">10.17026/dans-225-usqm</dc:identifier>
    <dc:identifier>STAR: P0741</dc:identifier>
    <dc:identifier eas:scheme="DMO_ID">easy-dataset:31837</dc:identifier>
  </emd:identifier>
  <emd:source/>
  <emd:language>
    <dc:language eas:schemeId="common.dc.language" eas:scheme="ISO 639">dut/nld</dc:language>
  </emd:language>
  <emd:relation>
    <eas:relation>
      <eas:subject-title>Becker, Jos; Het sociale draagvlak voor de quartaire sector, 1970-2000 :  http://www.scp.nl/boeken/werkdocumenten/doc91/nl/metainfo.htm; 2003; Den Haag; Sociaal en Cultureel Planbureau (SCP)</eas:subject-title>
    </eas:relation>
    <eas:relation>
      <eas:subject-title>Portegijs, Wil; Annemarie Boelens; Saskia Keuzekamp; Emancipatiemonitor 2002; Den Haag, Voorburg; SCP, CBS; 90-377-0110-8; SCP-publikatie 2002/13; 1569-4674</eas:subject-title>
    </eas:relation>
    <eas:relation>
      <eas:subject-title>Gesthuizen, Maurice; Peer Scheepers; Mieke Verloo; Support for the discrimination of women on the labour market in the Netherlands: : Individual and contextual characteristics; 2002; The Netherlands' Journal Of Social Sciences; 38; 1; pages p.48-64</eas:subject-title>
    </eas:relation>
    <eas:relation>
      <eas:subject-title>Scheepers, Peer; Jacques Janssen; Informal aspects of social capital: developments in the Netherlands' Journal 1970-1998; 2003; The Netherlands'Journal of Social Sciences; 39; 2</eas:subject-title>
    </eas:relation>
    <eas:relation>
      <eas:subject-title>Scheepers, Peer; Jacques Janssen; Informele aspecten van sociaal kapitaal. Ontwikkelingen in Nederland 1970-1998; 2001; Mens en Maatschappij; 76; 3; pages p. 183-201</eas:subject-title>
    </eas:relation>
    <eas:relation>
      <eas:subject-title>Broek, A. van den; Politics and generations : Cohort replacement and generation formation in political culture in the Netherlands; 1996; Tilburg; Tilburg University Press; pages 212 pp.</eas:subject-title>
    </eas:relation>
    <eas:relation>
      <eas:subject-title>Castenmiller, P.; Participatie in beweging : Ontwikkelingen in politieke participatie in Nederland; 1988; Rijswijk; Sociaal en Cultureel Planbureau; 90 377 00 01 2; pages 204 pp.</eas:subject-title>
    </eas:relation>
    <eas:relation>
      <eas:subject-title>Nas, M; Dekker, P.; Hemmers, C.; Maatschappelijke organisaties, publieke opinie en milieu; 1997; Den Haag; VUGA; 90 5250 927 1; pages 160</eas:subject-title>
    </eas:relation>
    <eas:relation>
      <eas:subject-title>Sociaal en Cultureel Planbureau; Sociale en culturele verkenningen 1997; 1997; Den Haag; VUGA; 90 5749 103 6; pages 168</eas:subject-title>
    </eas:relation>
    <eas:relation>
      <eas:subject-title>Gijsberts, M.; Culturele Veranderingen : Het wegen waard; 1993; Rijswijk; Sociaal en Cultureel Planbureau, SCP; pages 100 pp.</eas:subject-title>
    </eas:relation>
    <eas:relation>
      <eas:subject-title>Praag, C.S. van; Vooroordeel tegenover etnische minderheden : Resultaten van Nederlands opinieonderzoek; 1983; Rijswijk; Sociaal en Cultureel Planbureau, SCP; 90 346 0199 4; pages 106 pp.</eas:subject-title>
    </eas:relation>
    <eas:relation>
      <eas:subject-title>; Sociale en Culturele Verkenningen 1992; 1992; Rijswijk; SCP; ISBN 90-5250-325-7</eas:subject-title>
    </eas:relation>
    <eas:relation>
      <eas:subject-title>Castenmiller, P.; Knol, F.; Convergentie of divergentie : Sociale en culturele ontwikkelingen in stedelijke en landelijkegebieden.; 1989; Rijswijk</eas:subject-title>
    </eas:relation>
    <eas:relation>
      <eas:subject-title>Dekker, P.; Ester, P.; Political attitudes in a generational perspective : The Netherlands, 1970-1992; Meppel; Boom; Acta Politica; 0001-6810; 30; 1</eas:subject-title>
    </eas:relation>
    <eas:relation>
      <eas:subject-title>Dekker, P.; Ester, P.; Social and political attitudes of dutch youth, young rebels, trendsetters or law-abiding citizens; Netherlands Journal of Sociology, Sociologia Neerlandica; 24; 1</eas:subject-title>
    </eas:relation>
    <eas:relation>
      <eas:subject-title>Feijter, H. de; De voorlopers bij demografische veranderingen; 1991; Den Haag; NIDI</eas:subject-title>
    </eas:relation>
    <eas:relation>
      <eas:subject-title>Middendorp, C.P.; Meloen, J.D.; Over het autoritarisme van de arbeidersklasse; Acta Politica; 24; 1989</eas:subject-title>
    </eas:relation>
    <eas:relation>
      <eas:subject-title>Middendorp, C.P.; Meloen, J.D.; Commentaar en discussie : Over het autoritarisme van de arbeidersklasse; Acta Politica; XXIV</eas:subject-title>
    </eas:relation>
    <eas:relation>
      <eas:subject-title>Pijnenburg, B.; Herwaardering van deconfessionalisering; Sociologische Gids; 31; 6</eas:subject-title>
    </eas:relation>
    <eas:relation>
      <eas:subject-title>Scheepers, P.; Coenders, M.; Trends in etnische discriminatie in Nederland 1980-1993; Justitiele Verkenningen; 22; 3</eas:subject-title>
    </eas:relation>
    <eas:relation>
      <eas:subject-title>Sociaal en Cultureel Planbureau; Sociale en Culturele Verkenningen 1993; 1993; Rijswijk; Sociaal en Cultureel Planbureau; 90 5250 339 7; pages 147 pp.</eas:subject-title>
    </eas:relation>
    <eas:relation>
      <eas:subject-title>Winkels, J.W.; Progressiviteit en conservatisme in Nederland : Enkele meet- en analyseproblemen; 1985; Groningen; Sociologisch Instituut (RUG), Vakgroep Methoden en Technieken</eas:subject-title>
    </eas:relation>
    <eas:relation>
      <eas:subject-title>Dekker, P.; Ester, P.; Social and political attitudes in Dutch society; 1993; Rijswijk\; Den Haag; Sociaal en Cultureel Planbureau, SCP\; VUGA; 90-5250-337-0; pages 245 pp.</eas:subject-title>
    </eas:relation>
    <eas:relation>
      <eas:subject-title>Sociaal en Cultureel Planbureau; Sociale en culturele verkenningen 1996; 1996; Den Haag; VUGA; 90 5250 918 2</eas:subject-title>
    </eas:relation>
    <eas:relation>
      <eas:subject-title>Sociaal en Cultureel Planbureau, SCP; Sociaal en cultureel rapport 1994; 1994; Rijswijk\; Den Haag; Sociaal en Cultureel Planbureau, SCP\; VUGA; 90-5250-617-5; 0922-8772; pages 644 pp.</eas:subject-title>
    </eas:relation>
    <eas:relation>
      <eas:subject-title>Sociaal en Cultureel Planbureau; Sociaal en cultureel rapport 1996; September 1996; Den Haag; VUGA; 90 5250 920 4; pages 609 pp.</eas:subject-title>
    </eas:relation>
    <eas:relation>
      <eas:subject-title>Sociaal en Cultureel Planbureau; Sociale en culturele verkenningen 1998 Cahier; 1998; Den Haag; VUGA; 90 5749 113 3; pages 190</eas:subject-title>
    </eas:relation>
    <eas:relation>
      <eas:subject-title>Maas-de Waal, C.; Dekker, P.; De publieke opinie over resocialisatie : Een actualisering en relativering; Tijdschrift voor criminologie; 41; 1</eas:subject-title>
    </eas:relation>
    <eas:relation>
      <eas:subject-title>Konink, M. de; Scheepers, P.; De publieke opinie over resocialisatie van misdadigers : De trend tussen 1970 en 1992; Tijdschrift voor Criminologie; 0165-182X; 40; 3</eas:subject-title>
    </eas:relation>
    <eas:relation eas:emphasis="true">
      <eas:subject-title>EASY Online Analysis tool</eas:subject-title>
      <eas:subject-link>http://nesstar.dans.knaw.nl</eas:subject-link>
    </eas:relation>
    <eas:relation eas:emphasis="true">
      <eas:subject-title>Thematische collectie: Culturele Veranderingen in Nederland (CV) en SCP Leefsituatie Index (SLI)</eas:subject-title>
      <eas:subject-link>http://dx.doi.org/10.17026/dans-zpa-9uwp</eas:subject-link>
    </eas:relation>
  </emd:relation>
  <emd:coverage>
    <dct:spatial>Netherlands</dct:spatial>
    <dct:spatial>Nederland</dct:spatial>
    <dct:temporal>1980 * 1981</dct:temporal>
  </emd:coverage>
  <emd:rights>
    <dct:accessRights eas:schemeId="common.dcterms.accessrights">OPEN_ACCESS</dct:accessRights>
    <dct:license eas:scheme="EASY version 1">accept</dct:license>
    <dct:license>http://creativecommons.org/licenses/by/4.0</dct:license>
    <dct:rightsHolder>Sociaal en Cultureel Planbureau (SCP)</dct:rightsHolder>
  </emd:rights>
  <emd:audience>
    <dct:audience eas:schemeId="custom.disciplines">easy-discipline:42</dct:audience>
    <dct:audience eas:schemeId="custom.disciplines">easy-discipline:51</dct:audience>
  </emd:audience>
  <emd:other>
    <eas:application-specific>
      <eas:metadataformat>SOCIOLOGY</eas:metadataformat>
    </eas:application-specific>
    <eas:etc>
      <property-list>
        <comment>Synchronization of EasyII</comment>
        <entry key="conversion.date">2011-05-19T11:43:12.008Z</entry>
        <entry key="previous.collection-id">twips.dans.knaw.nl--3586590665316052056-1173178408953</entry>
        <entry key="nl.knaw.dans.easy.tools.task.am.dataset.AudienceCorrectorTask">2011-07-20T16:23:45.132+02:00</entry>
      </property-list>
    </eas:etc>
  </emd:other>
</emd:easymetadata>