<?xml version='1.0' encoding='UTF-8'?>
<files xsi:schemaLocation="http://easy.dans.knaw.nl/schemas/bag/metadata/files/ http://easy.dans.knaw.nl/schemas/bag/metadata/files/files.xsd" xmlns:xsi="http://www.w3.org/2001/XMLSchema-instance" xmlns="http://easy.dans.knaw.nl/schemas/bag/metadata/files/" xmlns:afm="http://easy.dans.knaw.nl/schemas/bag/metadata/afm/" xmlns:dct="http://purl.org/dc/terms/">
    <file filepath="data/dat/p0741c.frq">
        <!--original/dat/p0741c.frq-->
        <dct:identifier>easy-file:1324802</dct:identifier>
        <dct:title>p0741c.frq</dct:title>
        <dct:format>application/octet-stream</dct:format>
        <dct:extent>0.2MB</dct:extent>
        
        <accessibleToRights>ANONYMOUS</accessibleToRights>
        <visibleToRights>ANONYMOUS</visibleToRights>
        
        
      </file><file filepath="data/dat/p0741b.frq">
        <!--original/dat/p0741b.frq-->
        <dct:identifier>easy-file:1324801</dct:identifier>
        <dct:title>p0741b.frq</dct:title>
        <dct:format>application/octet-stream</dct:format>
        <dct:extent>0.8MB</dct:extent>
        
        <accessibleToRights>ANONYMOUS</accessibleToRights>
        <visibleToRights>ANONYMOUS</visibleToRights>
        
        
      </file><file filepath="data/dat/p0741c.lab">
        <!--original/dat/p0741c.lab-->
        <dct:identifier>easy-file:1324806</dct:identifier>
        <dct:title>p0741c.lab</dct:title>
        <dct:format>application/octet-stream</dct:format>
        <dct:extent>0.0MB</dct:extent>
        
        <accessibleToRights>ANONYMOUS</accessibleToRights>
        <visibleToRights>ANONYMOUS</visibleToRights>
        
        
      </file><file filepath="data/dat/p0741.lab">
        <!--original/dat/p0741.lab-->
        <dct:identifier>easy-file:1324804</dct:identifier>
        <dct:title>p0741.lab</dct:title>
        <dct:format>application/octet-stream</dct:format>
        <dct:extent>0.0MB</dct:extent>
        
        <accessibleToRights>ANONYMOUS</accessibleToRights>
        <visibleToRights>ANONYMOUS</visibleToRights>
        
        
      </file><file filepath="data/dat/p0741c.dic">
        <!--original/dat/p0741c.dic-->
        <dct:identifier>easy-file:1324799</dct:identifier>
        <dct:title>p0741c.dic</dct:title>
        <dct:format>application/octet-stream</dct:format>
        <dct:extent>0.1MB</dct:extent>
        
        <accessibleToRights>ANONYMOUS</accessibleToRights>
        <visibleToRights>ANONYMOUS</visibleToRights>
        
        
      </file><file filepath="data/dat/p0741b.lab">
        <!--original/dat/p0741b.lab-->
        <dct:identifier>easy-file:1324803</dct:identifier>
        <dct:title>p0741b.lab</dct:title>
        <dct:format>application/octet-stream</dct:format>
        <dct:extent>0.0MB</dct:extent>
        
        <accessibleToRights>ANONYMOUS</accessibleToRights>
        <visibleToRights>ANONYMOUS</visibleToRights>
        
        
      </file><file filepath="data/additional-metadata-P0741.xml">
        <!--original/additional-metadata-P0741.xml-->
        <dct:identifier>easy-file:3934526</dct:identifier>
        <dct:title>additional-metadata-P0741.xml</dct:title>
        <dct:format>text/xml</dct:format>
        <dct:extent>0.0MB</dct:extent>
        
        <accessibleToRights>ANONYMOUS</accessibleToRights>
        <visibleToRights>ANONYMOUS</visibleToRights>
        
        
      </file><file filepath="data/dat/p0741.por">
        <!--original/dat/p0741.por-->
        <dct:identifier>easy-file:1324808</dct:identifier>
        <dct:title>p0741.por</dct:title>
        <dct:format>application/octet-stream</dct:format>
        <dct:extent>2.6MB</dct:extent>
        
        <accessibleToRights>ANONYMOUS</accessibleToRights>
        <visibleToRights>ANONYMOUS</visibleToRights>
        
        
      </file><file filepath="data/dat/p0741.dic">
        <!--original/dat/p0741.dic-->
        <dct:identifier>easy-file:1324797</dct:identifier>
        <dct:title>p0741.dic</dct:title>
        <dct:format>application/octet-stream</dct:format>
        <dct:extent>0.3MB</dct:extent>
        
        <accessibleToRights>ANONYMOUS</accessibleToRights>
        <visibleToRights>ANONYMOUS</visibleToRights>
        
        
      </file><file filepath="data/dat/p0741b.por">
        <!--original/dat/p0741b.por-->
        <dct:identifier>easy-file:1324795</dct:identifier>
        <dct:title>p0741b.por</dct:title>
        <dct:format>application/octet-stream</dct:format>
        <dct:extent>3.4MB</dct:extent>
        
        <accessibleToRights>ANONYMOUS</accessibleToRights>
        <visibleToRights>ANONYMOUS</visibleToRights>
        
        
      </file><file filepath="data/dat/p0741.pdf">
        <!--original/dat/p0741.pdf-->
        <dct:identifier>easy-file:1324809</dct:identifier>
        <dct:title>p0741.pdf</dct:title>
        <dct:format>application/pdf</dct:format>
        <dct:extent>3.5MB</dct:extent>
        
        <accessibleToRights>ANONYMOUS</accessibleToRights>
        <visibleToRights>ANONYMOUS</visibleToRights>
        
        
      </file><file filepath="data/dat/p0741b.dic">
        <!--original/dat/p0741b.dic-->
        <dct:identifier>easy-file:1324807</dct:identifier>
        <dct:title>p0741b.dic</dct:title>
        <dct:format>application/octet-stream</dct:format>
        <dct:extent>0.3MB</dct:extent>
        
        <accessibleToRights>ANONYMOUS</accessibleToRights>
        <visibleToRights>ANONYMOUS</visibleToRights>
        
        
      </file><file filepath="data/dat/p0741bcbercod-nero.pdf">
        <!--original/dat/p0741bcbercod-nero.pdf-->
        <dct:identifier>easy-file:1324805</dct:identifier>
        <dct:title>p0741bcbercod-nero.pdf</dct:title>
        <dct:format>application/pdf</dct:format>
        <dct:extent>0.0MB</dct:extent>
        
        <accessibleToRights>ANONYMOUS</accessibleToRights>
        <visibleToRights>ANONYMOUS</visibleToRights>
        
        
      </file><file filepath="data/dat/p0741c.por">
        <!--original/dat/p0741c.por-->
        <dct:identifier>easy-file:1324798</dct:identifier>
        <dct:title>p0741c.por</dct:title>
        <dct:format>application/octet-stream</dct:format>
        <dct:extent>0.7MB</dct:extent>
        
        <accessibleToRights>ANONYMOUS</accessibleToRights>
        <visibleToRights>ANONYMOUS</visibleToRights>
        
        
      </file><file filepath="data/dat/p0741rep-nero.pdf">
        <!--original/dat/p0741rep-nero.pdf-->
        <dct:identifier>easy-file:1324796</dct:identifier>
        <dct:title>p0741rep-nero.pdf</dct:title>
        <dct:format>application/pdf</dct:format>
        <dct:extent>1.3MB</dct:extent>
        
        <accessibleToRights>ANONYMOUS</accessibleToRights>
        <visibleToRights>ANONYMOUS</visibleToRights>
        
        
      </file><file filepath="data/dat/p0741.frq">
        <!--original/dat/p0741.frq-->
        <dct:identifier>easy-file:1324800</dct:identifier>
        <dct:title>p0741.frq</dct:title>
        <dct:format>application/octet-stream</dct:format>
        <dct:extent>0.6MB</dct:extent>
        
        <accessibleToRights>ANONYMOUS</accessibleToRights>
        <visibleToRights>ANONYMOUS</visibleToRights>
        
        
      </file>
    </files>