<?xml version="1.0" encoding="UTF-8"?>
<ddm:DDM xsi:schemaLocation="http://schemas.dans.knaw.nl/dataset/ddm-v2/ https://schemas.dans.knaw.nl/md/ddm/v2/ddm.xsd" xmlns:id-type="http://easy.dans.knaw.nl/schemas/vocab/identifier-type/" xmlns:ddm="http://schemas.dans.knaw.nl/dataset/ddm-v2/" xmlns:abr="http://www.den.nl/standaard/166/Archeologisch-Basisregister/" xmlns:gml="http://www.opengis.net/gml" xmlns:dcx-gml="http://easy.dans.knaw.nl/schemas/dcx/gml/" xmlns:dcx-dai="http://easy.dans.knaw.nl/schemas/dcx/dai/" xmlns:dct="http://purl.org/dc/terms/" xmlns:xsi="http://www.w3.org/2001/XMLSchema-instance" xmlns:dc="http://purl.org/dc/elements/1.1/">
     <ddm:profile>
        
       <dc:title>Culturele Veranderingen in Nederland 2000 - CV'00</dc:title>
       <dct:description>Trend study on changes in general opinions and attitudes  of the Dutch population regarding a wide range of topics.

r.'s opinion on the role of the government concerning redivision  of income, environment, trade and industry, housing, education,  arts, children's day-care centres, welfare / knowledge of basic  science / trust in science, traditional and alternative medicine / r.'s opinion on environmental protection, cars,  industry, chemicals, insecticides, nuclear plants, pollution of surface water, climate change, GM food in relation  to the environment / willingness to pay higher  prices or taxes, or lower standard of living to protect environment /  does the Dutch government, industry do enough to protect the environment / environment vs economic growth /  opinion on probability of major nuclear disaster in 5 years /  does r. recycle glass, metal, plastic paper etc. / does r. sometimes not use car to protect environment / concerning the environment: membership of organization, signed a  petition, donated money, participated in a demonstration / religiosity / destiny / inequality / r.'s opinion on economic situation, unemployment, government spending,  benefits / does r. worry about finance, politics, health,  family, the future / opinion on welfare provisions, income differences  / r.'s opinion on (employee, student) participation (medezeggenschap) at factories, universities, schools, municipality and province / should people be allowed to demonstrate, strike, occupy buildings /  freedom of speach, freedom to write, freedom of religion for different  groups / r.'s religion, how often visit church, church member, how strict  / most important in life / r.'s opinion on immigrants, working mothers,  crime and punishment, soft drugs, capital punishment, forced treatment  of drug addicts, free hard drugs for addicts, treatment of sex offenders,  immigrants / r.'s opinion on people and society in general, leadership /  would vote if elections now / political affiliation / interested, trust in politics / member of political party / most  important issues in politics / opinion on  government Netherlands and	many of its policy issues / income / type of household / education /  work, how many hours, unpaid work.</dct:description>
       
       
       <dcx-dai:creatorDetails><dcx-dai:author>
        
        <dcx-dai:initials>J.W.</dcx-dai:initials>
        
        <dcx-dai:surname>Becker</dcx-dai:surname>
        
        
        <dcx-dai:DAI>info:eu-repo/dai/nl/068409176</dcx-dai:DAI>
        
        <dcx-dai:organization>
        <dcx-dai:name>Sociaal en Cultureel Planbureau (SCP) (primary investigator)</dcx-dai:name>
        
      </dcx-dai:organization>
      </dcx-dai:author> </dcx-dai:creatorDetails>
       <ddm:created>2000-12-31</ddm:created>
       <ddm:available>2009-10-04</ddm:available>
       <ddm:audience>D60000</ddm:audience><ddm:audience>D61000</ddm:audience>
       <ddm:accessRights>OPEN_ACCESS</ddm:accessRights>
     
        <ddm:personalData present="Unknown"/>
      </ddm:profile>
     <ddm:dcmiMetadata><dc:title>Cultural changes in the Netherlands 2000 - CV'00</dc:title>
       <dct:identifier xsi:type="id-type:EASY1">twips.dans.knaw.nl--3008501370084335727-1174317911840</dct:identifier><dct:identifier xsi:type="id-type:URN">urn:nbn:nl:ui:13-jwr-3w0</dct:identifier><dct:identifier xsi:type="id-type:DOI">10.17026/dans-zw4-sphe</dct:identifier><dct:identifier>STAR: P1525</dct:identifier><dct:identifier xsi:type="id-type:EASY2">easy-dataset:32366</dct:identifier>
       
       
       
       
       
       
       <ddm:relation href="http://nesstar.dans.knaw.nl">DANS EASY Online analysis tool</ddm:relation><ddm:relation>Jehoel-Gijsbers, Gerda; Sociale uitsluiting. Een conceptuele en empirische verkenning; 2004; Den Haag; SCP; 90 377 0154 x ; SCP Werkdocument 99</ddm:relation><ddm:relation>Becker, Jos; Het sociale draagvlak voor de quartaire sector, 1970-2000 :  http://www.scp.nl/boeken/werkdocumenten/doc91/nl/metainfo.htm; 2003; Den Haag; Sociaal en Cultureel Planbureau (SCP)</ddm:relation><ddm:relation href="http://dx.doi.org/10.17026/dans-zpa-9uwp">Thematische collectie: Culturele Veranderingen in Nederland (CV) en SCP Leefsituatie Index (SLI)</ddm:relation>
       
       <dcx-dai:contributorDetails><dcx-dai:organization>
        <dcx-dai:name>Sociaal en Cultureel Planbureau (depositor)</dcx-dai:name>
        
      </dcx-dai:organization> </dcx-dai:contributorDetails><dcx-dai:contributorDetails><dcx-dai:organization>
        <dcx-dai:name>Nederlands Instituut voor Publieke Opinie en marktonderzoek, NIPO * Amsterdam, the Netherlands (data collector)</dcx-dai:name>
        
      </dcx-dai:organization> </dcx-dai:contributorDetails>
       <dct:rightsHolder>Sociaal en Cultureel Planbureau (SCP)</dct:rightsHolder>
       
       
       
       
       
       
       <dct:subject>environment</dct:subject><dct:subject>values and beliefs</dct:subject><dct:subject>religion</dct:subject><dct:subject>politics</dct:subject><dct:subject>drugs</dct:subject><dct:subject>education</dct:subject><dct:subject>family life</dct:subject><dct:subject>ethnic minorities</dct:subject><dct:subject>government politics</dct:subject><dct:subject>economic development</dct:subject><dct:subject>living conditions</dct:subject><dct:subject>health</dct:subject><dct:subject>social issues</dct:subject><dct:subject>social development</dct:subject><dct:subject>parental role</dct:subject>
       
       <dct:spatial>Netherlands</dct:spatial><dct:spatial>Nederland</dct:spatial>
       <dct:temporal>2000</dct:temporal>
       <ddm:datesOfCollection>2000-09-01/2000-12-31</ddm:datesOfCollection><ddm:datesOfCollection>2000-09-25/2000-12-10</ddm:datesOfCollection>
       
       <dct:license xsi:type="dct:URI">http://creativecommons.org/licenses/by/4.0</dct:license>
       <ddm:language code="dut" encodingScheme="ISO639-2">nld</ddm:language>
       <dct:created>2000-12-10</dct:created><dct:created>2000</dct:created>
     <ddm:inCollection subjectScheme="DANS Collection" valueURI="https://vocabularies.dans.knaw.nl/collections/ssh/7f899692-90b4-49d0-8a5f-891e73ae84c1" schemeURI="https://vocabularies.dans.knaw.nl/collections">Culturele Veranderingen in Nederland (CV) en SCP Leefsituatie Index (SLI)</ddm:inCollection><ddm:description descriptionType="SeriesInformation">
    Het Sociaal en Cultureel Planbureau (SCP) voert sinds 1975 (twee)jaarlijks het onderzoek Culturele Veranderingen in Nederland uit. De reeks bestaat inmiddels uit 30 onderzoeken en bevat zo’n 3500 variabelen en gegevens over meer dan 50.000 respondenten.

De onderzoeken Culturele Veranderingen in Nederland (CV) en SCP Leefsituatie Index (SLI) worden sinds 2004 tweejaarlijks gecombineerd uitgevoerd in samenwerking door het Sociaal Cultureel Planbureau (SCP) en het Centraal Bureau voor de Statistiek (CBS).

Doel van CV is vaststellen welke opvattingen “de Nederlander” heeft over samenleving en cultuur en hoe deze in de loop van de tijd zijn veranderd. Doel van SLI is het ontwikkelen van een indicator om de sociale leefsituatie van Nederland in kaart te brengen en het monitoren van de ontwikkeling van de sociale leefsituatie van de Nederlandse bevolking.

De onderzoeken liggen aan de basis van veel onderzoek uit het werkprogramma van het SCP. Door het CBS zullen de data vooral worden gebruikt ten behoeve van het speerpunt Sociale Samenhang.
  </ddm:description></ddm:dcmiMetadata>
   </ddm:DDM>