<?xml version='1.0' encoding='UTF-8'?>
<emd:easymetadata emd:version="0.1" xmlns:emd="http://easy.dans.knaw.nl/easy/easymetadata/" xmlns:eas="http://easy.dans.knaw.nl/easy/easymetadata/eas/" xmlns:dct="http://purl.org/dc/terms/" xmlns:dc="http://purl.org/dc/elements/1.1/" xmlns:xsi="http://www.w3.org/2001/XMLSchema-instance" xmlns:foxml="info:fedora/fedora-system:def/foxml#">
  <emd:title>
    <dc:title>Culturele Veranderingen in Nederland 2000 - CV'00</dc:title>
    <dc:title>Cultural changes in the Netherlands 2000 - CV'00</dc:title>
  </emd:title>
  <emd:creator>
    <eas:creator>
      <eas:initials>J.W.</eas:initials>
      <eas:surname>Becker</eas:surname>
      <eas:organization>Sociaal en Cultureel Planbureau (SCP) (primary investigator)</eas:organization>
      <eas:entityId eas:scheme="DAI">068409176</eas:entityId>
    </eas:creator>
  </emd:creator>
  <emd:subject>
    <dc:subject>environment</dc:subject>
    <dc:subject>values and beliefs</dc:subject>
    <dc:subject>religion</dc:subject>
    <dc:subject>politics</dc:subject>
    <dc:subject>drugs</dc:subject>
    <dc:subject>education</dc:subject>
    <dc:subject>family life</dc:subject>
    <dc:subject>ethnic minorities</dc:subject>
    <dc:subject>government politics</dc:subject>
    <dc:subject>economic development</dc:subject>
    <dc:subject>living conditions</dc:subject>
    <dc:subject>health</dc:subject>
    <dc:subject>social issues</dc:subject>
    <dc:subject>social development</dc:subject>
    <dc:subject>parental role</dc:subject>
  </emd:subject>
  <emd:description>
    <dc:description>Trend study on changes in general opinions and attitudes  of the Dutch population regarding a wide range of topics.

r.'s opinion on the role of the government concerning redivision  of income, environment, trade and industry, housing, education,  arts, children's day-care centres, welfare / knowledge of basic  science / trust in science, traditional and alternative medicine / r.'s opinion on environmental protection, cars,  industry, chemicals, insecticides, nuclear plants, pollution of surface water, climate change, GM food in relation  to the environment / willingness to pay higher  prices or taxes, or lower standard of living to protect environment /  does the Dutch government, industry do enough to protect the environment / environment vs economic growth /  opinion on probability of major nuclear disaster in 5 years /  does r. recycle glass, metal, plastic paper etc. / does r. sometimes not use car to protect environment / concerning the environment: membership of organization, signed a  petition, donated money, participated in a demonstration / religiosity / destiny / inequality / r.'s opinion on economic situation, unemployment, government spending,  benefits / does r. worry about finance, politics, health,  family, the future / opinion on welfare provisions, income differences  / r.'s opinion on (employee, student) participation (medezeggenschap) at factories, universities, schools, municipality and province / should people be allowed to demonstrate, strike, occupy buildings /  freedom of speach, freedom to write, freedom of religion for different  groups / r.'s religion, how often visit church, church member, how strict  / most important in life / r.'s opinion on immigrants, working mothers,  crime and punishment, soft drugs, capital punishment, forced treatment  of drug addicts, free hard drugs for addicts, treatment of sex offenders,  immigrants / r.'s opinion on people and society in general, leadership /  would vote if elections now / political affiliation / interested, trust in politics / member of political party / most  important issues in politics / opinion on  government Netherlands and	many of its policy issues / income / type of household / education /  work, how many hours, unpaid work.</dc:description>
  </emd:description>
  <emd:contributor>
    <eas:contributor>
      <eas:organization>Sociaal en Cultureel Planbureau (depositor)</eas:organization>
      <eas:entityId eas:scheme="DAI"/>
    </eas:contributor>
    <eas:contributor>
      <eas:organization>Nederlands Instituut voor Publieke Opinie en marktonderzoek, NIPO * Amsterdam, the Netherlands (data collector)</eas:organization>
      <eas:entityId eas:scheme="DAI"/>
    </eas:contributor>
  </emd:contributor>
  <emd:date>
    <dct:created>2000-09-01 to 2000-12-31</dct:created>
    <dct:created>2000-09-25 to 2000-12-10</dct:created>
    <eas:created eas:scheme="W3CDTF" eas:format="YEAR">2000-01-01T00:00:00.000+01:00</eas:created>
    <eas:available eas:scheme="W3CDTF" eas:format="DAY">2009-10-04T00:00:00.000+02:00</eas:available>
  </emd:date>
  <emd:format/>
  <emd:identifier>
    <dc:identifier eas:scheme="AIP_ID">twips.dans.knaw.nl--3008501370084335727-1174317911840</dc:identifier>
    <dc:identifier eas:scheme="PID" eas:identification-system="http://www.persistent-identifier.nl">urn:nbn:nl:ui:13-jwr-3w0</dc:identifier>
    <dc:identifier eas:scheme="DOI" eas:identification-system="http://dx.doi.org">10.17026/dans-zw4-sphe</dc:identifier>
    <dc:identifier>STAR: P1525</dc:identifier>
    <dc:identifier eas:scheme="DMO_ID">easy-dataset:32366</dc:identifier>
  </emd:identifier>
  <emd:source/>
  <emd:language>
    <dc:language eas:schemeId="common.dc.language" eas:scheme="ISO 639">dut/nld</dc:language>
  </emd:language>
  <emd:relation>
    <eas:relation eas:emphasis="true">
      <eas:subject-title>DANS EASY Online analysis tool</eas:subject-title>
      <eas:subject-link>http://nesstar.dans.knaw.nl</eas:subject-link>
    </eas:relation>
    <eas:relation>
      <eas:subject-title>Jehoel-Gijsbers, Gerda; Sociale uitsluiting. Een conceptuele en empirische verkenning; 2004; Den Haag; SCP; 90 377 0154 x ; SCP Werkdocument 99</eas:subject-title>
    </eas:relation>
    <eas:relation>
      <eas:subject-title>Becker, Jos; Het sociale draagvlak voor de quartaire sector, 1970-2000 :  http://www.scp.nl/boeken/werkdocumenten/doc91/nl/metainfo.htm; 2003; Den Haag; Sociaal en Cultureel Planbureau (SCP)</eas:subject-title>
    </eas:relation>
    <eas:relation eas:emphasis="true">
      <eas:subject-title>Thematische collectie: Culturele Veranderingen in Nederland (CV) en SCP Leefsituatie Index (SLI)</eas:subject-title>
      <eas:subject-link>http://dx.doi.org/10.17026/dans-zpa-9uwp</eas:subject-link>
    </eas:relation>
  </emd:relation>
  <emd:coverage>
    <dct:spatial>Netherlands</dct:spatial>
    <dct:spatial>Nederland</dct:spatial>
    <dct:temporal>2000</dct:temporal>
  </emd:coverage>
  <emd:rights>
    <dct:accessRights eas:schemeId="common.dcterms.accessrights">OPEN_ACCESS</dct:accessRights>
    <dct:license eas:scheme="EASY version 1">accept</dct:license>
    <dct:license>http://creativecommons.org/licenses/by/4.0</dct:license>
    <dct:rightsHolder>Sociaal en Cultureel Planbureau (SCP)</dct:rightsHolder>
  </emd:rights>
  <emd:audience>
    <dct:audience eas:schemeId="custom.disciplines">easy-discipline:42</dct:audience>
    <dct:audience eas:schemeId="custom.disciplines">easy-discipline:51</dct:audience>
  </emd:audience>
  <emd:other>
    <eas:application-specific>
      <eas:metadataformat>SOCIOLOGY</eas:metadataformat>
    </eas:application-specific>
    <eas:etc>
      <property-list>
        <comment>Synchronization of EasyII</comment>
        <entry key="conversion.date">2011-05-19T17:06:11.473Z</entry>
        <entry key="previous.collection-id">twips.dans.knaw.nl--3008501370084335727-1174317911840</entry>
        <entry key="nl.knaw.dans.easy.tools.task.am.dataset.AudienceCorrectorTask">2011-07-20T18:58:25.306+02:00</entry>
      </property-list>
    </eas:etc>
  </emd:other>
</emd:easymetadata>