<?xml version='1.0' encoding='UTF-8'?>
<files xsi:schemaLocation="http://easy.dans.knaw.nl/schemas/bag/metadata/files/ http://easy.dans.knaw.nl/schemas/bag/metadata/files/files.xsd" xmlns:xsi="http://www.w3.org/2001/XMLSchema-instance" xmlns="http://easy.dans.knaw.nl/schemas/bag/metadata/files/" xmlns:afm="http://easy.dans.knaw.nl/schemas/bag/metadata/afm/" xmlns:dct="http://purl.org/dc/terms/">
    <file filepath="data/dat/p1525a.frq">
        <!--original/dat/p1525a.frq-->
        <dct:identifier>easy-file:1382879</dct:identifier>
        <dct:title>p1525a.frq</dct:title>
        <dct:format>application/octet-stream</dct:format>
        <dct:extent>0.3MB</dct:extent>
        
        <accessibleToRights>ANONYMOUS</accessibleToRights>
        <visibleToRights>ANONYMOUS</visibleToRights>
        
        
      </file><file filepath="data/dat/p1525a.lab">
        <!--original/dat/p1525a.lab-->
        <dct:identifier>easy-file:1382873</dct:identifier>
        <dct:title>p1525a.lab</dct:title>
        <dct:format>application/octet-stream</dct:format>
        <dct:extent>0.0MB</dct:extent>
        
        <accessibleToRights>ANONYMOUS</accessibleToRights>
        <visibleToRights>ANONYMOUS</visibleToRights>
        
        
      </file><file filepath="data/dat/p1525a.dic">
        <!--original/dat/p1525a.dic-->
        <dct:identifier>easy-file:1382877</dct:identifier>
        <dct:title>p1525a.dic</dct:title>
        <dct:format>application/octet-stream</dct:format>
        <dct:extent>0.2MB</dct:extent>
        
        <accessibleToRights>ANONYMOUS</accessibleToRights>
        <visibleToRights>ANONYMOUS</visibleToRights>
        
        
      </file><file filepath="data/dat/p1525.pdf">
        <!--original/dat/p1525.pdf-->
        <dct:identifier>easy-file:1382878</dct:identifier>
        <dct:title>p1525.pdf</dct:title>
        <dct:format>application/pdf</dct:format>
        <dct:extent>0.7MB</dct:extent>
        
        <accessibleToRights>ANONYMOUS</accessibleToRights>
        <visibleToRights>ANONYMOUS</visibleToRights>
        
        
      </file><file filepath="data/dat/p1525.ovz">
        <!--original/dat/p1525.ovz-->
        <dct:identifier>easy-file:1382880</dct:identifier>
        <dct:title>p1525.ovz</dct:title>
        <dct:format>image/x-portable-bitmap</dct:format>
        <dct:extent>0.0MB</dct:extent>
        
        <accessibleToRights>ANONYMOUS</accessibleToRights>
        <visibleToRights>ANONYMOUS</visibleToRights>
        
        
      </file><file filepath="data/dat/p1525a.por">
        <!--original/dat/p1525a.por-->
        <dct:identifier>easy-file:1382876</dct:identifier>
        <dct:title>p1525a.por</dct:title>
        <dct:format>application/octet-stream</dct:format>
        <dct:extent>1.2MB</dct:extent>
        
        <accessibleToRights>ANONYMOUS</accessibleToRights>
        <visibleToRights>ANONYMOUS</visibleToRights>
        
        
      </file><file filepath="data/dat/p1525a.doc">
        <!--original/dat/p1525a.doc-->
        <dct:identifier>easy-file:1382875</dct:identifier>
        <dct:title>p1525a.doc</dct:title>
        <dct:format>application/octet-stream</dct:format>
        <dct:extent>0.0MB</dct:extent>
        
        <accessibleToRights>ANONYMOUS</accessibleToRights>
        <visibleToRights>ANONYMOUS</visibleToRights>
        
        
      </file><file filepath="data/additional-metadata-P1525.xml">
        <!--original/additional-metadata-P1525.xml-->
        <dct:identifier>easy-file:3934514</dct:identifier>
        <dct:title>additional-metadata-P1525.xml</dct:title>
        <dct:format>text/xml</dct:format>
        <dct:extent>0.0MB</dct:extent>
        
        <accessibleToRights>ANONYMOUS</accessibleToRights>
        <visibleToRights>ANONYMOUS</visibleToRights>
        
        
      </file>
    </files>