<?xml version="1.0" encoding="UTF-8"?>
<ddm:DDM xsi:schemaLocation="http://schemas.dans.knaw.nl/dataset/ddm-v2/ https://schemas.dans.knaw.nl/md/ddm/v2/ddm.xsd" xmlns:id-type="http://easy.dans.knaw.nl/schemas/vocab/identifier-type/" xmlns:ddm="http://schemas.dans.knaw.nl/dataset/ddm-v2/" xmlns:abr="http://www.den.nl/standaard/166/Archeologisch-Basisregister/" xmlns:gml="http://www.opengis.net/gml" xmlns:dcx-gml="http://easy.dans.knaw.nl/schemas/dcx/gml/" xmlns:dcx-dai="http://easy.dans.knaw.nl/schemas/dcx/dai/" xmlns:dct="http://purl.org/dc/terms/" xmlns:xsi="http://www.w3.org/2001/XMLSchema-instance" xmlns:dc="http://purl.org/dc/elements/1.1/">
     <ddm:profile>
        
       <dc:title>Culturele Veranderingen in Nederland 1994 - CV'94</dc:title>
       <dct:description>Trend study on changes in general opinions and attitudes of the Dutch population regarding a wide range of topics. The international part of the survey is part of the International Social Survey Programme (ISSP).

National part (oral interview): time spent on voluntary work or helping sick, handicapped / social contacts / egoism - altruism / life satisfaction / prosperity: in this country, in own family, in future, government cares enough / economic change / unemployment change / economic crisis / most important political issues / role of government: economic planning, government intervention, public services / tax system / level of government spending / evaluation of private income / expected and preferred changes in levels of income and of social benefits /satisfaction with social benefits system / evaluation of laws regarding welfare provisions: AOW, ABW, WW, AWW, WAO, AAW, ZW / abuse of social benefits / differences in income, ownership / religious beliefs / role of religion / knowledge of and affinity with several religious-philosophic movements / opinions on: working mothers, divorce, ideal number of children, intentional childlessness / single parenthood, unmarried parenthood, in vitro fertilisation, parent-child relations, permissiveness / advice in case of problems of friend or neighbours / alternative medical treatment / superstition / alternative spiritual movements / criminality / justice / safety / victim of vandalism, theft, assault / fear / punishment / opinions on: punishment versus re-socialization, social benefits, gender roles, treatment of drug addicts, social equality, soft drugs, death penalty, women's emancipation, income differences / left-right self rating / conservatism versus progressiveness / sense of political efficacy / political activities, protest / opinion leadership / environment / pollution / separate collection of waste / ecology / environment mindedness / role of industry, agriculture, private households and government in ecological problems / discrimination / foreigners / immigrants / racism /immigrants / asylum seekers / social integration of foreigners / evaluation of importance of public services / evaluation of several domains of government policy / satisfaction with government / most important domestic problems. International part ( self administered questionnaire ): women, work and children / gender roles within the family / marriage /parenthood / maternity leave / day-care / legal abortion / sexuality: premarital, extramarital, at young age, homosexuality, sexual harassment at work.

The data- and documentation files of this dataset can be downloaded via the option Data Files.</dct:description>
       
       
       <dcx-dai:creatorDetails><dcx-dai:author>
        
        <dcx-dai:initials>J.W.</dcx-dai:initials>
        
        <dcx-dai:surname>Becker</dcx-dai:surname>
        
        
        <dcx-dai:DAI>info:eu-repo/dai/nl/068409176</dcx-dai:DAI>
        
        <dcx-dai:organization>
        <dcx-dai:name>Sociaal en Cultureel Planbureau (SCP) (primary investigator)</dcx-dai:name>
        
      </dcx-dai:organization>
      </dcx-dai:author> </dcx-dai:creatorDetails>
       <ddm:created>1995-01-09</ddm:created>
       <ddm:available>2009-05-25</ddm:available>
       <ddm:audience>D60000</ddm:audience><ddm:audience>D61000</ddm:audience>
       <ddm:accessRights>OPEN_ACCESS</ddm:accessRights>
     
        <ddm:personalData present="Unknown"/>
      </ddm:profile>
     <ddm:dcmiMetadata><dc:title>Cultural changes in the Netherlands 1994 - CV'94</dc:title>
       <dct:identifier xsi:type="id-type:EASY1">twips.dans.knaw.nl--7043518518554362859-1174313171943</dct:identifier><dct:identifier xsi:type="id-type:URN">urn:nbn:nl:ui:13-twm-9k8</dct:identifier><dct:identifier xsi:type="id-type:DOI">10.17026/dans-xmn-d4k6</dct:identifier><dct:identifier>STAR: P1290</dct:identifier><dct:identifier xsi:type="id-type:EASY2">easy-dataset:33075</dct:identifier>
       
       
       
       
       
       
       <ddm:relation href="http://nesstar.dans.knaw.nl">DANS EASY Online analysis tool</ddm:relation><ddm:relation>Gesthuizen, Maurice; Peer Scheepers; Mieke Verloo; Support for the discrimination of women on the labour market in the Netherlands: : Individual and contextual characteristics; 2002; The Netherlands' Journal Of Social Sciences; 38; 1; pages p.48-64</ddm:relation><ddm:relation>Scheepers, Peer; Jacques Janssen; Informal aspects of social capital: developments in the Netherlands' Journal 1970-1998; 2003; The Netherlands'Journal of Social Sciences; 39; 2</ddm:relation><ddm:relation>Scheepers, Peer; Jacques Janssen; Informele aspecten van sociaal kapitaal. Ontwikkelingen in Nederland 1970-1998; 2001; Mens en Maatschappij; 76; 3; pages p. 183-201</ddm:relation><ddm:relation>Nas, M; Dekker, P.; Hemmers, C.; Maatschappelijke organisaties, publieke opinie en milieu; 1997; Den Haag; VUGA; 90 5250 927 1; pages 160</ddm:relation><ddm:relation>Sociaal en Cultureel Planbureau; Sociale en culturele verkenningen 1997; 1997; Den Haag; VUGA; 90 5749 103 6; pages 168</ddm:relation><ddm:relation>Becker, J.W.; Hart, J. de; Mens, J.; Secularisatie en alternatieve zingeving in Nederland; 1997; Rijswijk; Sociaal en Cultureel Planbureau; 90 5250 930 1; pages 192</ddm:relation><ddm:relation>Dorant, H.; Culturele Veranderingen in Nederland 1994 : Steekproefbeschrijving; 1996; Amsterdam; NIPO; pages 37</ddm:relation><ddm:relation>Sociaal en Cultureel Planbureau; Sociaal en cultureel rapport 1996; September 1996; Den Haag; VUGA; 90 5250 920 4; pages 609</ddm:relation><ddm:relation>Grotenhuis, M. te; Ontkerkelijking : Oorzaken en gevolgen van sociaal-culturele ontwikkelingenin Nederland; 1999; Nijmegen; Katholieke Universiteit Nijmegen\; Vakgroep Sociologie; 90 373 0472 9; pages 177</ddm:relation><ddm:relation>Sociaal en Cultureel Planbureau; Sociale en culturele verkenningen 1998 Cahier; 1998; Den Haag; VUGA; 90 5749 113 3; pages 190</ddm:relation><ddm:relation>Maas-de Waal, C.; Dekker, P.; De publieke opinie over resocialisatie : Een actualisering en relativering; Tijdschrift voor criminologie; 41; 1</ddm:relation><ddm:relation>Portegijs, Wil; Annemarie Boelens; Saskia Keuzekamp; Emancipatiemonitor 2002; Den Haag, Voorburg; SCP, CBS; 90-377-0110-8; SCP-publikatie 2002/13; 1569-4674</ddm:relation><ddm:relation href="http://dx.doi.org/10.17026/dans-zpa-9uwp">Thematische collectie: Culturele Veranderingen in Nederland (CV) en SCP Leefsituatie Index (SLI)</ddm:relation>
       
       <dcx-dai:contributorDetails><dcx-dai:author>
        
        <dcx-dai:initials>I.A.L.</dcx-dai:initials>
        
        <dcx-dai:surname>Stoop</dcx-dai:surname>
        
        
        
        
        <dcx-dai:organization>
        <dcx-dai:name>Sociaal en Cultureel Planbureau, SCP * Den Haag (depositor)</dcx-dai:name>
        
      </dcx-dai:organization>
      </dcx-dai:author> </dcx-dai:contributorDetails><dcx-dai:contributorDetails><dcx-dai:organization>
        <dcx-dai:name>Sociaal en Cultureel Planbureau, SCP * Den Haag (research initiator)</dcx-dai:name>
        
      </dcx-dai:organization> </dcx-dai:contributorDetails><dcx-dai:contributorDetails><dcx-dai:organization>
        <dcx-dai:name>Nederlands Instituut voor Publieke Opinie en marktonderzoek, NIPO * Amsterdam (data collector)</dcx-dai:name>
        
      </dcx-dai:organization> </dcx-dai:contributorDetails><dcx-dai:contributorDetails><dcx-dai:organization>
        <dcx-dai:name>Radboud Universiteit Nijmegen</dcx-dai:name>
        
      </dcx-dai:organization> </dcx-dai:contributorDetails>
       <dct:rightsHolder>Sociaal en Cultureel Planbureau (SCP)</dct:rightsHolder>
       
       
       
       
       
       
       <dct:subject>employment</dct:subject><dct:subject>conservatism</dct:subject><dct:subject>economics</dct:subject><dct:subject>family life</dct:subject><dct:subject>gender roles</dct:subject><dct:subject>values and beliefs</dct:subject><dct:subject>politics</dct:subject><dct:subject>social welfare</dct:subject><dct:subject>crime</dct:subject><dct:subject>ethnic minorities</dct:subject>
       
       <dct:spatial>Netherlands</dct:spatial><dct:spatial>Nederland</dct:spatial>
       <dct:temporal>1994</dct:temporal>
       <ddm:datesOfCollection>1994-10-01/1995-01-09</ddm:datesOfCollection>
       
       <dct:license xsi:type="dct:URI">http://creativecommons.org/licenses/by/4.0</dct:license>
       <ddm:language code="dut" encodingScheme="ISO639-2">nld</ddm:language>
       <dct:created>1994</dct:created>
     <ddm:inCollection subjectScheme="DANS Collection" valueURI="https://vocabularies.dans.knaw.nl/collections/ssh/7f899692-90b4-49d0-8a5f-891e73ae84c1" schemeURI="https://vocabularies.dans.knaw.nl/collections">Culturele Veranderingen in Nederland (CV) en SCP Leefsituatie Index (SLI)</ddm:inCollection><ddm:description descriptionType="SeriesInformation">
    Het Sociaal en Cultureel Planbureau (SCP) voert sinds 1975 (twee)jaarlijks het onderzoek Culturele Veranderingen in Nederland uit. De reeks bestaat inmiddels uit 30 onderzoeken en bevat zo’n 3500 variabelen en gegevens over meer dan 50.000 respondenten.

De onderzoeken Culturele Veranderingen in Nederland (CV) en SCP Leefsituatie Index (SLI) worden sinds 2004 tweejaarlijks gecombineerd uitgevoerd in samenwerking door het Sociaal Cultureel Planbureau (SCP) en het Centraal Bureau voor de Statistiek (CBS).

Doel van CV is vaststellen welke opvattingen “de Nederlander” heeft over samenleving en cultuur en hoe deze in de loop van de tijd zijn veranderd. Doel van SLI is het ontwikkelen van een indicator om de sociale leefsituatie van Nederland in kaart te brengen en het monitoren van de ontwikkeling van de sociale leefsituatie van de Nederlandse bevolking.

De onderzoeken liggen aan de basis van veel onderzoek uit het werkprogramma van het SCP. Door het CBS zullen de data vooral worden gebruikt ten behoeve van het speerpunt Sociale Samenhang.
  </ddm:description></ddm:dcmiMetadata>
   </ddm:DDM>