<?xml version='1.0' encoding='UTF-8'?>
<emd:easymetadata emd:version="0.1" xmlns:emd="http://easy.dans.knaw.nl/easy/easymetadata/" xmlns:eas="http://easy.dans.knaw.nl/easy/easymetadata/eas/" xmlns:dct="http://purl.org/dc/terms/" xmlns:dc="http://purl.org/dc/elements/1.1/" xmlns:xsi="http://www.w3.org/2001/XMLSchema-instance" xmlns:foxml="info:fedora/fedora-system:def/foxml#">
  <emd:title>
    <dc:title>Culturele Veranderingen in Nederland 1994 - CV'94</dc:title>
    <dc:title>Cultural changes in the Netherlands 1994 - CV'94</dc:title>
  </emd:title>
  <emd:creator>
    <eas:creator>
      <eas:initials>J.W.</eas:initials>
      <eas:surname>Becker</eas:surname>
      <eas:organization>Sociaal en Cultureel Planbureau (SCP) (primary investigator)</eas:organization>
      <eas:entityId eas:scheme="DAI">068409176</eas:entityId>
    </eas:creator>
  </emd:creator>
  <emd:subject>
    <dc:subject>employment</dc:subject>
    <dc:subject>conservatism</dc:subject>
    <dc:subject>economics</dc:subject>
    <dc:subject>family life</dc:subject>
    <dc:subject>gender roles</dc:subject>
    <dc:subject>values and beliefs</dc:subject>
    <dc:subject>politics</dc:subject>
    <dc:subject>social welfare</dc:subject>
    <dc:subject>crime</dc:subject>
    <dc:subject>ethnic minorities</dc:subject>
  </emd:subject>
  <emd:description>
    <dc:description>Trend study on changes in general opinions and attitudes of the Dutch population regarding a wide range of topics. The international part of the survey is part of the International Social Survey Programme (ISSP).

National part (oral interview): time spent on voluntary work or helping sick, handicapped / social contacts / egoism - altruism / life satisfaction / prosperity: in this country, in own family, in future, government cares enough / economic change / unemployment change / economic crisis / most important political issues / role of government: economic planning, government intervention, public services / tax system / level of government spending / evaluation of private income / expected and preferred changes in levels of income and of social benefits /satisfaction with social benefits system / evaluation of laws regarding welfare provisions: AOW, ABW, WW, AWW, WAO, AAW, ZW / abuse of social benefits / differences in income, ownership / religious beliefs / role of religion / knowledge of and affinity with several religious-philosophic movements / opinions on: working mothers, divorce, ideal number of children, intentional childlessness / single parenthood, unmarried parenthood, in vitro fertilisation, parent-child relations, permissiveness / advice in case of problems of friend or neighbours / alternative medical treatment / superstition / alternative spiritual movements / criminality / justice / safety / victim of vandalism, theft, assault / fear / punishment / opinions on: punishment versus re-socialization, social benefits, gender roles, treatment of drug addicts, social equality, soft drugs, death penalty, women's emancipation, income differences / left-right self rating / conservatism versus progressiveness / sense of political efficacy / political activities, protest / opinion leadership / environment / pollution / separate collection of waste / ecology / environment mindedness / role of industry, agriculture, private households and government in ecological problems / discrimination / foreigners / immigrants / racism /immigrants / asylum seekers / social integration of foreigners / evaluation of importance of public services / evaluation of several domains of government policy / satisfaction with government / most important domestic problems. International part ( self administered questionnaire ): women, work and children / gender roles within the family / marriage /parenthood / maternity leave / day-care / legal abortion / sexuality: premarital, extramarital, at young age, homosexuality, sexual harassment at work.

The data- and documentation files of this dataset can be downloaded via the option Data Files.</dc:description>
  </emd:description>
  <emd:contributor>
    <eas:contributor>
      <eas:initials>I.A.L.</eas:initials>
      <eas:surname>Stoop</eas:surname>
      <eas:organization>Sociaal en Cultureel Planbureau, SCP * Den Haag (depositor)</eas:organization>
      <eas:entityId eas:scheme="DAI"/>
    </eas:contributor>
    <eas:contributor>
      <eas:organization>Sociaal en Cultureel Planbureau, SCP * Den Haag (research initiator)</eas:organization>
      <eas:entityId eas:scheme="DAI"/>
    </eas:contributor>
    <eas:contributor>
      <eas:organization>Nederlands Instituut voor Publieke Opinie en marktonderzoek, NIPO * Amsterdam (data collector)</eas:organization>
      <eas:entityId eas:scheme="DAI"/>
    </eas:contributor>
    <eas:contributor>
      <eas:organization>Radboud Universiteit Nijmegen</eas:organization>
      <eas:entityId eas:scheme="DAI"/>
    </eas:contributor>
  </emd:contributor>
  <emd:date>
    <dct:created>1994-10-01 to 1995-01-09</dct:created>
    <eas:created eas:scheme="W3CDTF" eas:format="YEAR">1994-01-01T00:00:00.000+01:00</eas:created>
    <eas:available eas:scheme="W3CDTF" eas:format="DAY">2009-05-25T00:00:00.000+02:00</eas:available>
  </emd:date>
  <emd:format/>
  <emd:identifier>
    <dc:identifier eas:scheme="AIP_ID">twips.dans.knaw.nl--7043518518554362859-1174313171943</dc:identifier>
    <dc:identifier eas:scheme="PID" eas:identification-system="http://www.persistent-identifier.nl">urn:nbn:nl:ui:13-twm-9k8</dc:identifier>
    <dc:identifier eas:scheme="DOI" eas:identification-system="http://dx.doi.org">10.17026/dans-xmn-d4k6</dc:identifier>
    <dc:identifier>STAR: P1290</dc:identifier>
    <dc:identifier eas:scheme="DMO_ID">easy-dataset:33075</dc:identifier>
  </emd:identifier>
  <emd:source/>
  <emd:language>
    <dc:language eas:schemeId="common.dc.language" eas:scheme="ISO 639">dut/nld</dc:language>
  </emd:language>
  <emd:relation>
    <eas:relation eas:emphasis="true">
      <eas:subject-title>DANS EASY Online analysis tool</eas:subject-title>
      <eas:subject-link>http://nesstar.dans.knaw.nl</eas:subject-link>
    </eas:relation>
    <eas:relation>
      <eas:subject-title>Gesthuizen, Maurice; Peer Scheepers; Mieke Verloo; Support for the discrimination of women on the labour market in the Netherlands: : Individual and contextual characteristics; 2002; The Netherlands' Journal Of Social Sciences; 38; 1; pages p.48-64</eas:subject-title>
    </eas:relation>
    <eas:relation>
      <eas:subject-title>Scheepers, Peer; Jacques Janssen; Informal aspects of social capital: developments in the Netherlands' Journal 1970-1998; 2003; The Netherlands'Journal of Social Sciences; 39; 2</eas:subject-title>
    </eas:relation>
    <eas:relation>
      <eas:subject-title>Scheepers, Peer; Jacques Janssen; Informele aspecten van sociaal kapitaal. Ontwikkelingen in Nederland 1970-1998; 2001; Mens en Maatschappij; 76; 3; pages p. 183-201</eas:subject-title>
    </eas:relation>
    <eas:relation>
      <eas:subject-title>Nas, M; Dekker, P.; Hemmers, C.; Maatschappelijke organisaties, publieke opinie en milieu; 1997; Den Haag; VUGA; 90 5250 927 1; pages 160</eas:subject-title>
    </eas:relation>
    <eas:relation>
      <eas:subject-title>Sociaal en Cultureel Planbureau; Sociale en culturele verkenningen 1997; 1997; Den Haag; VUGA; 90 5749 103 6; pages 168</eas:subject-title>
    </eas:relation>
    <eas:relation>
      <eas:subject-title>Becker, J.W.; Hart, J. de; Mens, J.; Secularisatie en alternatieve zingeving in Nederland; 1997; Rijswijk; Sociaal en Cultureel Planbureau; 90 5250 930 1; pages 192</eas:subject-title>
    </eas:relation>
    <eas:relation>
      <eas:subject-title>Dorant, H.; Culturele Veranderingen in Nederland 1994 : Steekproefbeschrijving; 1996; Amsterdam; NIPO; pages 37</eas:subject-title>
    </eas:relation>
    <eas:relation>
      <eas:subject-title>Sociaal en Cultureel Planbureau; Sociaal en cultureel rapport 1996; September 1996; Den Haag; VUGA; 90 5250 920 4; pages 609</eas:subject-title>
    </eas:relation>
    <eas:relation>
      <eas:subject-title>Grotenhuis, M. te; Ontkerkelijking : Oorzaken en gevolgen van sociaal-culturele ontwikkelingenin Nederland; 1999; Nijmegen; Katholieke Universiteit Nijmegen\; Vakgroep Sociologie; 90 373 0472 9; pages 177</eas:subject-title>
    </eas:relation>
    <eas:relation>
      <eas:subject-title>Sociaal en Cultureel Planbureau; Sociale en culturele verkenningen 1998 Cahier; 1998; Den Haag; VUGA; 90 5749 113 3; pages 190</eas:subject-title>
    </eas:relation>
    <eas:relation>
      <eas:subject-title>Maas-de Waal, C.; Dekker, P.; De publieke opinie over resocialisatie : Een actualisering en relativering; Tijdschrift voor criminologie; 41; 1</eas:subject-title>
    </eas:relation>
    <eas:relation>
      <eas:subject-title>Portegijs, Wil; Annemarie Boelens; Saskia Keuzekamp; Emancipatiemonitor 2002; Den Haag, Voorburg; SCP, CBS; 90-377-0110-8; SCP-publikatie 2002/13; 1569-4674</eas:subject-title>
    </eas:relation>
    <eas:relation eas:emphasis="true">
      <eas:subject-title>Thematische collectie: Culturele Veranderingen in Nederland (CV) en SCP Leefsituatie Index (SLI)</eas:subject-title>
      <eas:subject-link>http://dx.doi.org/10.17026/dans-zpa-9uwp</eas:subject-link>
    </eas:relation>
  </emd:relation>
  <emd:coverage>
    <dct:spatial>Netherlands</dct:spatial>
    <dct:spatial>Nederland</dct:spatial>
    <dct:temporal>1994</dct:temporal>
  </emd:coverage>
  <emd:rights>
    <dct:accessRights eas:schemeId="common.dcterms.accessrights">OPEN_ACCESS</dct:accessRights>
    <dct:license eas:scheme="EASY version 1">accept</dct:license>
    <dct:license>http://creativecommons.org/licenses/by/4.0</dct:license>
    <dct:rightsHolder>Sociaal en Cultureel Planbureau (SCP)</dct:rightsHolder>
  </emd:rights>
  <emd:audience>
    <dct:audience eas:schemeId="custom.disciplines">easy-discipline:42</dct:audience>
    <dct:audience eas:schemeId="custom.disciplines">easy-discipline:51</dct:audience>
  </emd:audience>
  <emd:other>
    <eas:application-specific>
      <eas:metadataformat>SOCIOLOGY</eas:metadataformat>
    </eas:application-specific>
    <eas:etc>
      <property-list>
        <comment>Synchronization of EasyII</comment>
        <entry key="conversion.date">2011-05-20T01:16:10.895Z</entry>
        <entry key="previous.collection-id">twips.dans.knaw.nl--7043518518554362859-1174313171943</entry>
        <entry key="nl.knaw.dans.easy.tools.task.am.dataset.AudienceCorrectorTask">2011-07-20T19:03:33.425+02:00</entry>
      </property-list>
    </eas:etc>
  </emd:other>
</emd:easymetadata>