<?xml version='1.0' encoding='UTF-8'?>
<files xsi:schemaLocation="http://easy.dans.knaw.nl/schemas/bag/metadata/files/ http://easy.dans.knaw.nl/schemas/bag/metadata/files/files.xsd" xmlns:xsi="http://www.w3.org/2001/XMLSchema-instance" xmlns="http://easy.dans.knaw.nl/schemas/bag/metadata/files/" xmlns:afm="http://easy.dans.knaw.nl/schemas/bag/metadata/afm/" xmlns:dct="http://purl.org/dc/terms/">
    <file filepath="data/dat/p1290.dic">
        <!--original/dat/p1290.dic-->
        <dct:identifier>easy-file:1461484</dct:identifier>
        <dct:title>p1290.dic</dct:title>
        <dct:format>application/octet-stream</dct:format>
        <dct:extent>0.4MB</dct:extent>
        
        <accessibleToRights>ANONYMOUS</accessibleToRights>
        <visibleToRights>ANONYMOUS</visibleToRights>
        
        
      </file><file filepath="data/dat/p1290.frq">
        <!--original/dat/p1290.frq-->
        <dct:identifier>easy-file:1461489</dct:identifier>
        <dct:title>p1290.frq</dct:title>
        <dct:format>text/plain</dct:format>
        <dct:extent>0.8MB</dct:extent>
        
        <accessibleToRights>ANONYMOUS</accessibleToRights>
        <visibleToRights>ANONYMOUS</visibleToRights>
        
        
      </file><file filepath="data/additional-metadata-P1290.xml">
        <!--original/additional-metadata-P1290.xml-->
        <dct:identifier>easy-file:3934515</dct:identifier>
        <dct:title>additional-metadata-P1290.xml</dct:title>
        <dct:format>text/xml</dct:format>
        <dct:extent>0.0MB</dct:extent>
        
        <accessibleToRights>ANONYMOUS</accessibleToRights>
        <visibleToRights>ANONYMOUS</visibleToRights>
        
        
      </file><file filepath="data/dat/p1290.por">
        <!--original/dat/p1290.por-->
        <dct:identifier>easy-file:1461485</dct:identifier>
        <dct:title>p1290.por</dct:title>
        <dct:format>application/octet-stream</dct:format>
        <dct:extent>3.8MB</dct:extent>
        
        <accessibleToRights>ANONYMOUS</accessibleToRights>
        <visibleToRights>ANONYMOUS</visibleToRights>
        
        
      </file><file filepath="data/dat/p1290.pdf">
        <!--original/dat/p1290.pdf-->
        <dct:identifier>easy-file:1461487</dct:identifier>
        <dct:title>p1290.pdf</dct:title>
        <dct:format>application/pdf</dct:format>
        <dct:extent>3.5MB</dct:extent>
        
        <accessibleToRights>ANONYMOUS</accessibleToRights>
        <visibleToRights>ANONYMOUS</visibleToRights>
        
        
      </file><file filepath="data/dat/p1290.lab">
        <!--original/dat/p1290.lab-->
        <dct:identifier>easy-file:1461486</dct:identifier>
        <dct:title>p1290.lab</dct:title>
        <dct:format>application/octet-stream</dct:format>
        <dct:extent>0.0MB</dct:extent>
        
        <accessibleToRights>ANONYMOUS</accessibleToRights>
        <visibleToRights>ANONYMOUS</visibleToRights>
        
        
      </file>
    </files>