<?xml version="1.0" encoding="UTF-8"?>
<ddm:DDM xsi:schemaLocation="http://schemas.dans.knaw.nl/dataset/ddm-v2/ https://schemas.dans.knaw.nl/md/ddm/v2/ddm.xsd" xmlns:id-type="http://easy.dans.knaw.nl/schemas/vocab/identifier-type/" xmlns:ddm="http://schemas.dans.knaw.nl/dataset/ddm-v2/" xmlns:abr="http://www.den.nl/standaard/166/Archeologisch-Basisregister/" xmlns:gml="http://www.opengis.net/gml" xmlns:dcx-gml="http://easy.dans.knaw.nl/schemas/dcx/gml/" xmlns:dcx-dai="http://easy.dans.knaw.nl/schemas/dcx/dai/" xmlns:dct="http://purl.org/dc/terms/" xmlns:xsi="http://www.w3.org/2001/XMLSchema-instance" xmlns:dc="http://purl.org/dc/elements/1.1/">
     <ddm:profile>
        
       <dc:title>Culturele Veranderingen in Nederland 1974 - CV'74</dc:title>
       <dct:description>Political freedom of expression / civil liberties / family traditionalism / pre-, extra-marital sexual permissiveness / attitude to activism / civil disobedience. Background variables: basic characteristics/ residence/ income/ capital assets/ education/ politics/ religion</dct:description>
       
       <dc:creator>Lagendijk, P., Bureau Lagendijk * Apeldoorn (primary investigator)</dc:creator>
       
       <ddm:created>1974-06-30</ddm:created>
       <ddm:available>2010-08-11</ddm:available>
       <ddm:audience>D60000</ddm:audience><ddm:audience>D61000</ddm:audience>
       <ddm:accessRights>OPEN_ACCESS</ddm:accessRights>
     
        <ddm:personalData present="Unknown"/>
      </ddm:profile>
     <ddm:dcmiMetadata><dc:title>Cultural changes in the Netherlands - CV'74 1974</dc:title>
       <dct:identifier xsi:type="id-type:EASY1">twips.dans.knaw.nl-4675018296300688319-1172753244331</dct:identifier><dct:identifier xsi:type="id-type:URN">urn:nbn:nl:ui:13-527-7r0</dct:identifier><dct:identifier xsi:type="id-type:DOI">10.17026/dans-zpf-p54s</dct:identifier><dct:identifier>STAR: P0140</dct:identifier><dct:identifier xsi:type="id-type:EASY2">easy-dataset:33278</dct:identifier>
       
       
       
       
       
       
       <ddm:relation>Nas, M; Dekker, P.; Hemmers, C.; Maatschappelijke organisaties, publieke opinie en milieu; 1997; Den Haag; VUGA; 90 5250 927 1; pages 160</ddm:relation><ddm:relation>Sociaal en Cultureel Planbureau; Sociale en culturele verkenningen 1997; 1997; Den Haag; VUGA; 90 5749 103 6; pages 168</ddm:relation><ddm:relation>Sociaal en Cultureel Planbureau; Sociaal en cultureel rapport 1996; September 1996; Den Haag; VUGA; 90 5250 920 4; pages 609 pp.</ddm:relation><ddm:relation href="http://dx.doi.org/10.17026/dans-zpa-9uwp">Thematische collectie: Culturele Veranderingen in Nederland (CV) en SCP Leefsituatie Index (SLI)</ddm:relation>
       <dc:contributor>Bureau Lagendijk * Apeldoorn (data collector)</dc:contributor>
       
       <dct:rightsHolder>Sociaal en Cultureel Planbureau (SCP)</dct:rightsHolder>
       
       
       
       
       
       
       <dct:subject>public opinion</dct:subject><dct:subject>law</dct:subject><dct:subject>family life</dct:subject><dct:subject>sexuality</dct:subject><dct:subject>politics, internal</dct:subject>
       
       <dct:spatial>Netherlands</dct:spatial>
       <dct:temporal>1974</dct:temporal>
       <dct:dateSubmitted xsi:type="dct:W3CDTF">1974-01-01</dct:dateSubmitted><dct:dateSubmitted xsi:type="dct:W3CDTF">2007-06-01</dct:dateSubmitted><ddm:datesOfCollection>1970-05-01/1974-06-30</ddm:datesOfCollection>
       
       <dct:license xsi:type="dct:URI">http://creativecommons.org/licenses/by/4.0</dct:license>
       <ddm:language code="dut" encodingScheme="ISO639-2">nld</ddm:language>
       <dct:created>1974</dct:created>
     <ddm:inCollection subjectScheme="DANS Collection" valueURI="https://vocabularies.dans.knaw.nl/collections/ssh/7f899692-90b4-49d0-8a5f-891e73ae84c1" schemeURI="https://vocabularies.dans.knaw.nl/collections">Culturele Veranderingen in Nederland (CV) en SCP Leefsituatie Index (SLI)</ddm:inCollection><ddm:description descriptionType="SeriesInformation">
    Het Sociaal en Cultureel Planbureau (SCP) voert sinds 1975 (twee)jaarlijks het onderzoek Culturele Veranderingen in Nederland uit. De reeks bestaat inmiddels uit 30 onderzoeken en bevat zo’n 3500 variabelen en gegevens over meer dan 50.000 respondenten.

De onderzoeken Culturele Veranderingen in Nederland (CV) en SCP Leefsituatie Index (SLI) worden sinds 2004 tweejaarlijks gecombineerd uitgevoerd in samenwerking door het Sociaal Cultureel Planbureau (SCP) en het Centraal Bureau voor de Statistiek (CBS).

Doel van CV is vaststellen welke opvattingen “de Nederlander” heeft over samenleving en cultuur en hoe deze in de loop van de tijd zijn veranderd. Doel van SLI is het ontwikkelen van een indicator om de sociale leefsituatie van Nederland in kaart te brengen en het monitoren van de ontwikkeling van de sociale leefsituatie van de Nederlandse bevolking.

De onderzoeken liggen aan de basis van veel onderzoek uit het werkprogramma van het SCP. Door het CBS zullen de data vooral worden gebruikt ten behoeve van het speerpunt Sociale Samenhang.
  </ddm:description></ddm:dcmiMetadata>
   </ddm:DDM>