<?xml version='1.0' encoding='UTF-8'?>
<emd:easymetadata emd:version="0.1" xmlns:emd="http://easy.dans.knaw.nl/easy/easymetadata/" xmlns:eas="http://easy.dans.knaw.nl/easy/easymetadata/eas/" xmlns:dct="http://purl.org/dc/terms/" xmlns:dc="http://purl.org/dc/elements/1.1/" xmlns:xsi="http://www.w3.org/2001/XMLSchema-instance" xmlns:foxml="info:fedora/fedora-system:def/foxml#">
  <emd:title>
    <dc:title>Culturele Veranderingen in Nederland 1974 - CV'74</dc:title>
    <dc:title>Cultural changes in the Netherlands - CV'74 1974</dc:title>
  </emd:title>
  <emd:creator>
    <dc:creator>Lagendijk, P., Bureau Lagendijk * Apeldoorn (primary investigator)</dc:creator>
  </emd:creator>
  <emd:subject>
    <dc:subject>public opinion</dc:subject>
    <dc:subject>law</dc:subject>
    <dc:subject>family life</dc:subject>
    <dc:subject>sexuality</dc:subject>
    <dc:subject>politics, internal</dc:subject>
  </emd:subject>
  <emd:description>
    <dc:description>Political freedom of expression / civil liberties / family traditionalism / pre-, extra-marital sexual permissiveness / attitude to activism / civil disobedience. Background variables: basic characteristics/ residence/ income/ capital assets/ education/ politics/ religion</dc:description>
  </emd:description>
  <emd:contributor>
    <dc:contributor>Bureau Lagendijk * Apeldoorn (data collector)</dc:contributor>
  </emd:contributor>
  <emd:date>
    <dct:created>1970-05-01 to 1974-06-30</dct:created>
    <eas:created eas:scheme="W3CDTF" eas:format="YEAR">1974-01-01T00:00:00.000+01:00</eas:created>
    <eas:available eas:scheme="W3CDTF" eas:format="DAY">2010-08-11T00:00:00.000+02:00</eas:available>
    <eas:dateSubmitted eas:scheme="W3CDTF" eas:format="DAY">1974-01-01T00:00:00.000+01:00</eas:dateSubmitted>
    <eas:dateSubmitted eas:scheme="W3CDTF" eas:format="DAY">2007-06-01T00:00:00.000+02:00</eas:dateSubmitted>
  </emd:date>
  <emd:format/>
  <emd:identifier>
    <dc:identifier eas:scheme="AIP_ID">twips.dans.knaw.nl-4675018296300688319-1172753244331</dc:identifier>
    <dc:identifier eas:scheme="PID" eas:identification-system="http://www.persistent-identifier.nl">urn:nbn:nl:ui:13-527-7r0</dc:identifier>
    <dc:identifier eas:scheme="DOI" eas:identification-system="http://dx.doi.org">10.17026/dans-zpf-p54s</dc:identifier>
    <dc:identifier>STAR: P0140</dc:identifier>
    <dc:identifier eas:scheme="DMO_ID">easy-dataset:33278</dc:identifier>
  </emd:identifier>
  <emd:source/>
  <emd:language>
    <dc:language eas:schemeId="common.dc.language" eas:scheme="ISO 639">dut/nld</dc:language>
  </emd:language>
  <emd:relation>
    <eas:relation>
      <eas:subject-title>Nas, M; Dekker, P.; Hemmers, C.; Maatschappelijke organisaties, publieke opinie en milieu; 1997; Den Haag; VUGA; 90 5250 927 1; pages 160</eas:subject-title>
    </eas:relation>
    <eas:relation>
      <eas:subject-title>Sociaal en Cultureel Planbureau; Sociale en culturele verkenningen 1997; 1997; Den Haag; VUGA; 90 5749 103 6; pages 168</eas:subject-title>
    </eas:relation>
    <eas:relation>
      <eas:subject-title>Sociaal en Cultureel Planbureau; Sociaal en cultureel rapport 1996; September 1996; Den Haag; VUGA; 90 5250 920 4; pages 609 pp.</eas:subject-title>
    </eas:relation>
    <eas:relation eas:emphasis="true">
      <eas:subject-title>Thematische collectie: Culturele Veranderingen in Nederland (CV) en SCP Leefsituatie Index (SLI)</eas:subject-title>
      <eas:subject-link>http://dx.doi.org/10.17026/dans-zpa-9uwp</eas:subject-link>
    </eas:relation>
  </emd:relation>
  <emd:coverage>
    <dct:spatial>Netherlands</dct:spatial>
    <dct:temporal>1974</dct:temporal>
  </emd:coverage>
  <emd:rights>
    <dct:accessRights eas:schemeId="common.dcterms.accessrights">OPEN_ACCESS</dct:accessRights>
    <dct:license eas:scheme="EASY version 1">accept</dct:license>
    <dct:license>http://creativecommons.org/licenses/by/4.0</dct:license>
    <dct:rightsHolder>Sociaal en Cultureel Planbureau (SCP)</dct:rightsHolder>
  </emd:rights>
  <emd:audience>
    <dct:audience eas:schemeId="custom.disciplines">easy-discipline:42</dct:audience>
    <dct:audience eas:schemeId="custom.disciplines">easy-discipline:51</dct:audience> 
 </emd:audience>
  <emd:other>  
  <eas:application-specific>
      <eas:metadataformat>SOCIOLOGY</eas:metadataformat>
    </eas:application-specific>
    <eas:etc>
      <property-list>
        <comment>Synchronization of EasyII</comment>
        <entry key="conversion.date">2011-05-20T02:37:07.954Z</entry>
        <entry key="previous.collection-id">twips.dans.knaw.nl-4675018296300688319-1172753244331</entry>
        <entry key="nl.knaw.dans.easy.tools.task.am.dataset.AudienceCorrectorTask">2011-07-20T19:05:01.740+02:00</entry>
      </property-list>
    </eas:etc>
  </emd:other>
</emd:easymetadata>