<?xml version="1.0" encoding="UTF-8"?>
<ddm:DDM xsi:schemaLocation="http://schemas.dans.knaw.nl/dataset/ddm-v2/ https://schemas.dans.knaw.nl/md/ddm/v2/ddm.xsd" xmlns:id-type="http://easy.dans.knaw.nl/schemas/vocab/identifier-type/" xmlns:ddm="http://schemas.dans.knaw.nl/dataset/ddm-v2/" xmlns:abr="http://www.den.nl/standaard/166/Archeologisch-Basisregister/" xmlns:gml="http://www.opengis.net/gml" xmlns:dcx-gml="http://easy.dans.knaw.nl/schemas/dcx/gml/" xmlns:dcx-dai="http://easy.dans.knaw.nl/schemas/dcx/dai/" xmlns:dct="http://purl.org/dc/terms/" xmlns:xsi="http://www.w3.org/2001/XMLSchema-instance" xmlns:dc="http://purl.org/dc/elements/1.1/">
     <ddm:profile>
        
       <dc:title>Culturele Veranderingen in Nederland 1979 - CV'79</dc:title>
       <dct:description>Trend study of changes in general opinions and attitudes of ( parts of ) the Dutch population / willingness to offer income for a shorter working week / job satisfaction, worries, future/ satisfaction with education / satisfaction with present life / importance of and satisfaction with work and leisure / media exposure concerning news and politics / average time of watching tv / subscription to a national newspaper / idea of what welfare means / present welfare in the Netherlands and in own family / opinion about borrowing money from a bank and about payment by instalments / satisfaction with present society in the Netherlands / government should have more or less money to finance public facilities / measures of government concerning facilities for pupils who have difficulties making their homework at home/ study grants for children from low income groups / good and cheap housing / minimum wages / free education until 18 / pollution / compulsory education until 18 / subsidies for art / day nurseries for children from working mothers / various taxes / government spendings should increase or decrease / personal life worries/ fears/ enough leisure/ feelings of loneliness and senselessness / measures for commercial organizations making losses / firing personnel/ firing management/ cutting down wages/ state aid / satisfaction with housing/ health/ happiness/ marriage/ education/ income/ social securities / opinions about maximum wages/ abuse of social benefits/ income differences/ property differences/ participation of labourers in management / not being entitled to financial aid/ work with future/ as much education as wanted/ comfortable housing situation / one has to be free to demonstrate/ criticize royal family/ strike for wages/ refuse military service/ squat buildings for a just cause/ freedom of speech and press / view of life / religion and political and social organizations / most important things in life / society transparency/ information about duties and rights/ just treatment / most important problems in society / energy problem and measures for economization / participation in educational system and in local and provincial politics / opinions on differences in social status/ emancipation of labour class/ abortion/ emancipation of women/ work, leisure/ forced measures of government concerning energy economization/ taxes/ ways of protesting / type of person that should get a house first, should be fired first, should be promoted first: married, unmarried/ foreigner, Dutch/ young, old/ man, woman/ someone from Surinam or Holland/ white, non-white/ big family, small family / attitudes on man and society / political interest, preference, participation / membership of union / working mothers / euthanasia / non-whites as neighbours / politics mainly a man's business / again personal feelings and behaviour worries, happiness, temper, nightmares, coping with problems, decision making/ boasting, being polite, gossiping, talking about something without knowledge, opinions about other people, answering personal letters, declaring goods at border. Background variables: basic characteristics/ place of birth/ residence/ household characteristics/ occupation/employment/ income/capital assets/ education/ social class/ politics/ religion/ readership, mass media, and 'cultural' exposure/ organizational membership.   

The data- and documentation files of this dataset can be downloaded via the option Data Files.</dct:description>
       
       
       <dcx-dai:creatorDetails><dcx-dai:author>
        
        <dcx-dai:initials>J.W.</dcx-dai:initials>
        
        <dcx-dai:surname>Becker</dcx-dai:surname>
        
        
        <dcx-dai:DAI>info:eu-repo/dai/nl/068364121</dcx-dai:DAI>
        
        <dcx-dai:organization>
        <dcx-dai:name>Sociaal en Cultureel Planbureau, SCP * Den Haag (primary investigator)</dcx-dai:name>
        
      </dcx-dai:organization>
      </dcx-dai:author> </dcx-dai:creatorDetails>
       <ddm:created>1979-12-31</ddm:created>
       <ddm:available>2009-10-02</ddm:available>
       <ddm:audience>D60000</ddm:audience><ddm:audience>D61000</ddm:audience>
       <ddm:accessRights>OPEN_ACCESS</ddm:accessRights>
     
        <ddm:personalData present="Unknown"/>
      </ddm:profile>
     <ddm:dcmiMetadata><dc:title>Cultural changes in the Netherlands 1979 - CV'79</dc:title>
       <dct:identifier xsi:type="id-type:EASY1">twips.dans.knaw.nl--5940095930985874276-1173098389909</dct:identifier><dct:identifier xsi:type="id-type:URN">urn:nbn:nl:ui:13-3yn-jyj</dct:identifier><dct:identifier xsi:type="id-type:DOI">10.17026/dans-x9n-vht6</dct:identifier><dct:identifier>STAR: P0740</dct:identifier><dct:identifier xsi:type="id-type:EASY2">easy-dataset:33228</dct:identifier>
       
       
       
       
       
       
       <ddm:relation href="http://194.171.144.69/webview/?v=2&amp;mode=documentation&amp;submode=abstract&amp;study=http%3A%2F%2Fnesstar01.dans.knaw.nl%3A80%2Fobj%2FfStudy%2FP0740&amp;top=yes">DANS EASY Online analysis tool</ddm:relation><ddm:relation>Scheepers, Peer; Jacques Janssen; Informele aspecten van sociaal kapitaal. Ontwikkelingen in Nederland 1970-1998; 2001; Mens en Maatschappij; 76; 3; pages p. 183-201</ddm:relation><ddm:relation>Nas, M; Dekker, P.; Hemmers, C.; Maatschappelijke organisaties, publieke opinie en milieu; 1997; Den Haag; VUGA; 90 5250 927 1; pages 160</ddm:relation><ddm:relation>Sociaal en Cultureel Planbureau; Sociale en culturele verkenningen 1997; 1997; Den Haag; VUGA; 90 5749 103 6; pages 168</ddm:relation><ddm:relation>Gijsberts, M.; Culturele Veranderingen : Het wegen waard; 1993; Rijswijk; Sociaal en Cultureel Planbureau, SCP; pages 100 pp.</ddm:relation><ddm:relation>Praag, C.S. van; Vooroordeel tegenover etnische minderheden : Resultaten van Nederlands opinieonderzoek; 1983; Rijswijk; Sociaal en Cultureel Planbureau, SCP; 90 346 0199 4; pages 106 pp.</ddm:relation><ddm:relation>Michels, A.M.B.; Nederlandse politieke partijen en hun kiezers, 1970-1989; 1993; Enschede; TUT, Faculteit Bestuurskunde; 90-365-0616-6; pages 257 pp.</ddm:relation><ddm:relation>Dekker, P.; Ester, P.; Social and political attitudes in Dutch society; 1993; Rijswijk\; Den Haag; Sociaal en Cultureel Planbureau, SCP\; VUGA; 90-5250-337-0; pages 245 pp.</ddm:relation><ddm:relation>Sociaal en Cultureel Planbureau, SCP; Sociaal en cultureel rapport 1994; 1994; Rijswijk\; Den Haag; Sociaal en Cultureel Planbureau, SCP\; VUGA; 90-5250-617-5; 0922-8772; pages 644 pp.</ddm:relation><ddm:relation>Sociaal en Cultureel Planbureau; Sociaal en cultureel rapport 1996; September 1996; Den Haag; VUGA; 90 5250 920 4; pages 609 pp.</ddm:relation><ddm:relation>Sociaal en Cultureel Planbureau; Sociale en culturele verkenningen 1998 Cahier; 1998; Den Haag; VUGA; 90 5749 113 3; pages 190</ddm:relation><ddm:relation>Gesthuizen, Maurice; Peer Scheepers; Mieke Verloo; Support for the discrimination of women on the labour market in the Netherlands: : Individual and contextual characteristics; 2002; The Netherlands' Journal Of Social Sciences; 38; 1; pages p.48-64</ddm:relation><ddm:relation href="http://dx.doi.org/10.17026/dans-zpa-9uwp">Thematische collectie: Culturele Veranderingen in Nederland (CV) en SCP Leefsituatie Index (SLI)</ddm:relation>
       
       <dcx-dai:contributorDetails><dcx-dai:organization>
        <dcx-dai:name>Sociaal en Cultureel Planbureau, SCP * Den Haag (research initiator)</dcx-dai:name>
        
      </dcx-dai:organization> </dcx-dai:contributorDetails><dcx-dai:contributorDetails><dcx-dai:organization>
        <dcx-dai:name>Nederlands Instituut voor Publieke Opinie en marktonderzoek, NIPO * Amsterdam, the Netherlands (data collector)</dcx-dai:name>
        
      </dcx-dai:organization> </dcx-dai:contributorDetails>
       <dct:rightsHolder>Sociaal en Cultureel Planbureau (SCP)</dct:rightsHolder>
       
       
       
       
       
       
       <dct:subject>political science</dct:subject><dct:subject>living conditions</dct:subject><dct:subject>politics, internal</dct:subject><dct:subject>massmedia</dct:subject><dct:subject>economy</dct:subject><dct:subject>education</dct:subject><dct:subject>environment</dct:subject><dct:subject>women</dct:subject><dct:subject>welfare</dct:subject><dct:subject>stratification</dct:subject><dct:subject>participation</dct:subject><dct:subject>energy</dct:subject><dct:subject>discrimination</dct:subject><dct:subject>health</dct:subject><dct:subject>interpersonal relations</dct:subject>
       
       <dct:spatial>Netherlands</dct:spatial>
       <dct:temporal>1979</dct:temporal>
       <ddm:datesOfCollection>1979-10-01/1979-12-31</ddm:datesOfCollection>
       
       <dct:license xsi:type="dct:URI">http://creativecommons.org/licenses/by/4.0</dct:license>
       <ddm:language code="dut" encodingScheme="ISO639-2">nld</ddm:language>
       <dct:created>1979</dct:created>
     <ddm:inCollection subjectScheme="DANS Collection" valueURI="https://vocabularies.dans.knaw.nl/collections/ssh/7f899692-90b4-49d0-8a5f-891e73ae84c1" schemeURI="https://vocabularies.dans.knaw.nl/collections">Culturele Veranderingen in Nederland (CV) en SCP Leefsituatie Index (SLI)</ddm:inCollection><ddm:description descriptionType="SeriesInformation">
    Het Sociaal en Cultureel Planbureau (SCP) voert sinds 1975 (twee)jaarlijks het onderzoek Culturele Veranderingen in Nederland uit. De reeks bestaat inmiddels uit 30 onderzoeken en bevat zo’n 3500 variabelen en gegevens over meer dan 50.000 respondenten.

De onderzoeken Culturele Veranderingen in Nederland (CV) en SCP Leefsituatie Index (SLI) worden sinds 2004 tweejaarlijks gecombineerd uitgevoerd in samenwerking door het Sociaal Cultureel Planbureau (SCP) en het Centraal Bureau voor de Statistiek (CBS).

Doel van CV is vaststellen welke opvattingen “de Nederlander” heeft over samenleving en cultuur en hoe deze in de loop van de tijd zijn veranderd. Doel van SLI is het ontwikkelen van een indicator om de sociale leefsituatie van Nederland in kaart te brengen en het monitoren van de ontwikkeling van de sociale leefsituatie van de Nederlandse bevolking.

De onderzoeken liggen aan de basis van veel onderzoek uit het werkprogramma van het SCP. Door het CBS zullen de data vooral worden gebruikt ten behoeve van het speerpunt Sociale Samenhang.
  </ddm:description></ddm:dcmiMetadata>
   </ddm:DDM>