<?xml version='1.0' encoding='UTF-8'?>
<emd:easymetadata emd:version="0.1" xmlns:emd="http://easy.dans.knaw.nl/easy/easymetadata/" xmlns:eas="http://easy.dans.knaw.nl/easy/easymetadata/eas/" xmlns:dct="http://purl.org/dc/terms/" xmlns:dc="http://purl.org/dc/elements/1.1/" xmlns:xsi="http://www.w3.org/2001/XMLSchema-instance" xmlns:foxml="info:fedora/fedora-system:def/foxml#">
  <emd:title>
    <dc:title>Culturele Veranderingen in Nederland 1979 - CV'79</dc:title>
    <dc:title>Cultural changes in the Netherlands 1979 - CV'79</dc:title>
  </emd:title>
  <emd:creator>
    <eas:creator>
      <eas:initials>J.W.</eas:initials>
      <eas:surname>Becker</eas:surname>
      <eas:organization>Sociaal en Cultureel Planbureau, SCP * Den Haag (primary investigator)</eas:organization>
      <eas:entityId eas:scheme="DAI">068364121</eas:entityId>
    </eas:creator>
  </emd:creator>
  <emd:subject>
    <dc:subject>political science</dc:subject>
    <dc:subject>living conditions</dc:subject>
    <dc:subject>politics, internal</dc:subject>
    <dc:subject>massmedia</dc:subject>
    <dc:subject>economy</dc:subject>
    <dc:subject>education</dc:subject>
    <dc:subject>environment</dc:subject>
    <dc:subject>women</dc:subject>
    <dc:subject>welfare</dc:subject>
    <dc:subject>stratification</dc:subject>
    <dc:subject>participation</dc:subject>
    <dc:subject>energy</dc:subject>
    <dc:subject>discrimination</dc:subject>
    <dc:subject>health</dc:subject>
    <dc:subject>interpersonal relations</dc:subject>
  </emd:subject>
  <emd:description>
    <dc:description>Trend study of changes in general opinions and attitudes of ( parts of ) the Dutch population / willingness to offer income for a shorter working week / job satisfaction, worries, future/ satisfaction with education / satisfaction with present life / importance of and satisfaction with work and leisure / media exposure concerning news and politics / average time of watching tv / subscription to a national newspaper / idea of what welfare means / present welfare in the Netherlands and in own family / opinion about borrowing money from a bank and about payment by instalments / satisfaction with present society in the Netherlands / government should have more or less money to finance public facilities / measures of government concerning facilities for pupils who have difficulties making their homework at home/ study grants for children from low income groups / good and cheap housing / minimum wages / free education until 18 / pollution / compulsory education until 18 / subsidies for art / day nurseries for children from working mothers / various taxes / government spendings should increase or decrease / personal life worries/ fears/ enough leisure/ feelings of loneliness and senselessness / measures for commercial organizations making losses / firing personnel/ firing management/ cutting down wages/ state aid / satisfaction with housing/ health/ happiness/ marriage/ education/ income/ social securities / opinions about maximum wages/ abuse of social benefits/ income differences/ property differences/ participation of labourers in management / not being entitled to financial aid/ work with future/ as much education as wanted/ comfortable housing situation / one has to be free to demonstrate/ criticize royal family/ strike for wages/ refuse military service/ squat buildings for a just cause/ freedom of speech and press / view of life / religion and political and social organizations / most important things in life / society transparency/ information about duties and rights/ just treatment / most important problems in society / energy problem and measures for economization / participation in educational system and in local and provincial politics / opinions on differences in social status/ emancipation of labour class/ abortion/ emancipation of women/ work, leisure/ forced measures of government concerning energy economization/ taxes/ ways of protesting / type of person that should get a house first, should be fired first, should be promoted first: married, unmarried/ foreigner, Dutch/ young, old/ man, woman/ someone from Surinam or Holland/ white, non-white/ big family, small family / attitudes on man and society / political interest, preference, participation / membership of union / working mothers / euthanasia / non-whites as neighbours / politics mainly a man's business / again personal feelings and behaviour worries, happiness, temper, nightmares, coping with problems, decision making/ boasting, being polite, gossiping, talking about something without knowledge, opinions about other people, answering personal letters, declaring goods at border. Background variables: basic characteristics/ place of birth/ residence/ household characteristics/ occupation/employment/ income/capital assets/ education/ social class/ politics/ religion/ readership, mass media, and 'cultural' exposure/ organizational membership.   

The data- and documentation files of this dataset can be downloaded via the option Data Files.</dc:description>
  </emd:description>
  <emd:contributor>
    <eas:contributor>
      <eas:organization>Sociaal en Cultureel Planbureau, SCP * Den Haag (research initiator)</eas:organization>
      <eas:entityId eas:scheme="DAI"/>
    </eas:contributor>
    <eas:contributor>
      <eas:organization>Nederlands Instituut voor Publieke Opinie en marktonderzoek, NIPO * Amsterdam, the Netherlands (data collector)</eas:organization>
      <eas:entityId eas:scheme="DAI"/>
    </eas:contributor>
  </emd:contributor>
  <emd:date>
    <dct:created>1979-10-01 to 1979-12-31</dct:created>
    <eas:created eas:scheme="W3CDTF" eas:format="YEAR">1979-01-01T00:00:00.000+01:00</eas:created>
    <eas:available eas:scheme="W3CDTF" eas:format="DAY">2009-10-02T00:00:00.000+02:00</eas:available>
  </emd:date>
  <emd:format/>
  <emd:identifier>
    <dc:identifier eas:scheme="AIP_ID">twips.dans.knaw.nl--5940095930985874276-1173098389909</dc:identifier>
    <dc:identifier eas:scheme="PID" eas:identification-system="http://www.persistent-identifier.nl">urn:nbn:nl:ui:13-3yn-jyj</dc:identifier>
    <dc:identifier eas:scheme="DOI" eas:identification-system="http://dx.doi.org">10.17026/dans-x9n-vht6</dc:identifier>
    <dc:identifier>STAR: P0740</dc:identifier>
    <dc:identifier eas:scheme="DMO_ID">easy-dataset:33228</dc:identifier>
  </emd:identifier>
  <emd:source/>
  <emd:language>
    <dc:language eas:schemeId="common.dc.language" eas:scheme="ISO 639">dut/nld</dc:language>
  </emd:language>
  <emd:relation>
    <eas:relation>
      <eas:subject-title>DANS EASY Online analysis tool</eas:subject-title>
      <eas:subject-link>http://194.171.144.69/webview/?v=2&amp;mode=documentation&amp;submode=abstract&amp;study=http%3A%2F%2Fnesstar01.dans.knaw.nl%3A80%2Fobj%2FfStudy%2FP0740&amp;top=yes</eas:subject-link>
    </eas:relation>
    <eas:relation>
      <eas:subject-title>Scheepers, Peer; Jacques Janssen; Informele aspecten van sociaal kapitaal. Ontwikkelingen in Nederland 1970-1998; 2001; Mens en Maatschappij; 76; 3; pages p. 183-201</eas:subject-title>
    </eas:relation>
    <eas:relation>
      <eas:subject-title>Nas, M; Dekker, P.; Hemmers, C.; Maatschappelijke organisaties, publieke opinie en milieu; 1997; Den Haag; VUGA; 90 5250 927 1; pages 160</eas:subject-title>
    </eas:relation>
    <eas:relation>
      <eas:subject-title>Sociaal en Cultureel Planbureau; Sociale en culturele verkenningen 1997; 1997; Den Haag; VUGA; 90 5749 103 6; pages 168</eas:subject-title>
    </eas:relation>
    <eas:relation>
      <eas:subject-title>Gijsberts, M.; Culturele Veranderingen : Het wegen waard; 1993; Rijswijk; Sociaal en Cultureel Planbureau, SCP; pages 100 pp.</eas:subject-title>
    </eas:relation>
    <eas:relation>
      <eas:subject-title>Praag, C.S. van; Vooroordeel tegenover etnische minderheden : Resultaten van Nederlands opinieonderzoek; 1983; Rijswijk; Sociaal en Cultureel Planbureau, SCP; 90 346 0199 4; pages 106 pp.</eas:subject-title>
    </eas:relation>
    <eas:relation>
      <eas:subject-title>Michels, A.M.B.; Nederlandse politieke partijen en hun kiezers, 1970-1989; 1993; Enschede; TUT, Faculteit Bestuurskunde; 90-365-0616-6; pages 257 pp.</eas:subject-title>
    </eas:relation>
    <eas:relation>
      <eas:subject-title>Dekker, P.; Ester, P.; Social and political attitudes in Dutch society; 1993; Rijswijk\; Den Haag; Sociaal en Cultureel Planbureau, SCP\; VUGA; 90-5250-337-0; pages 245 pp.</eas:subject-title>
    </eas:relation>
    <eas:relation>
      <eas:subject-title>Sociaal en Cultureel Planbureau, SCP; Sociaal en cultureel rapport 1994; 1994; Rijswijk\; Den Haag; Sociaal en Cultureel Planbureau, SCP\; VUGA; 90-5250-617-5; 0922-8772; pages 644 pp.</eas:subject-title>
    </eas:relation>
    <eas:relation>
      <eas:subject-title>Sociaal en Cultureel Planbureau; Sociaal en cultureel rapport 1996; September 1996; Den Haag; VUGA; 90 5250 920 4; pages 609 pp.</eas:subject-title>
    </eas:relation>
    <eas:relation>
      <eas:subject-title>Sociaal en Cultureel Planbureau; Sociale en culturele verkenningen 1998 Cahier; 1998; Den Haag; VUGA; 90 5749 113 3; pages 190</eas:subject-title>
    </eas:relation>
    <eas:relation>
      <eas:subject-title>Gesthuizen, Maurice; Peer Scheepers; Mieke Verloo; Support for the discrimination of women on the labour market in the Netherlands: : Individual and contextual characteristics; 2002; The Netherlands' Journal Of Social Sciences; 38; 1; pages p.48-64</eas:subject-title>
    </eas:relation>
    <eas:relation eas:emphasis="true">
      <eas:subject-title>Thematische collectie: Culturele Veranderingen in Nederland (CV) en SCP Leefsituatie Index (SLI)</eas:subject-title>
      <eas:subject-link>http://dx.doi.org/10.17026/dans-zpa-9uwp</eas:subject-link>
    </eas:relation>
  </emd:relation>
  <emd:coverage>
    <dct:spatial>Netherlands</dct:spatial>
    <dct:temporal>1979</dct:temporal>
  </emd:coverage>
  <emd:rights>
    <dct:accessRights eas:schemeId="common.dcterms.accessrights">OPEN_ACCESS</dct:accessRights>
    <dct:license eas:scheme="EASY version 1">accept</dct:license>
    <dct:license>http://creativecommons.org/licenses/by/4.0</dct:license>
    <dct:rightsHolder>Sociaal en Cultureel Planbureau (SCP)</dct:rightsHolder>
  </emd:rights>
  <emd:audience>
    <dct:audience eas:schemeId="custom.disciplines">easy-discipline:42</dct:audience>
    <dct:audience eas:schemeId="custom.disciplines">easy-discipline:51</dct:audience>
  </emd:audience>
  <emd:other>
    <eas:application-specific>
      <eas:metadataformat>SOCIOLOGY</eas:metadataformat>
    </eas:application-specific>
    <eas:etc>
      <property-list>
        <comment>Synchronization of EasyII</comment>
        <entry key="conversion.date">2011-05-20T02:11:54.244Z</entry>
        <entry key="previous.collection-id">twips.dans.knaw.nl--5940095930985874276-1173098389909</entry>
        <entry key="nl.knaw.dans.easy.tools.task.am.dataset.AudienceCorrectorTask">2011-07-20T19:04:58.219+02:00</entry>
      </property-list>
    </eas:etc>
  </emd:other>
</emd:easymetadata>