<?xml version='1.0' encoding='UTF-8'?>
<files xsi:schemaLocation="http://easy.dans.knaw.nl/schemas/bag/metadata/files/ http://easy.dans.knaw.nl/schemas/bag/metadata/files/files.xsd" xmlns:xsi="http://www.w3.org/2001/XMLSchema-instance" xmlns="http://easy.dans.knaw.nl/schemas/bag/metadata/files/" xmlns:afm="http://easy.dans.knaw.nl/schemas/bag/metadata/afm/" xmlns:dct="http://purl.org/dc/terms/">
    <file filepath="data/additional-metadata-P0740.xml">
        <!--original/additional-metadata-P0740.xml-->
        <dct:identifier>easy-file:3933979</dct:identifier>
        <dct:title>additional-metadata-P0740.xml</dct:title>
        <dct:format>text/xml</dct:format>
        <dct:extent>0.0MB</dct:extent>
        
        <accessibleToRights>ANONYMOUS</accessibleToRights>
        <visibleToRights>ANONYMOUS</visibleToRights>
        
        
      </file><file filepath="data/dat/p0740.cmd">
        <!--original/dat/p0740.cmd-->
        <dct:identifier>easy-file:1469043</dct:identifier>
        <dct:title>p0740.cmd</dct:title>
        <dct:format>text/plain</dct:format>
        <dct:extent>0.1MB</dct:extent>
        
        <accessibleToRights>ANONYMOUS</accessibleToRights>
        <visibleToRights>ANONYMOUS</visibleToRights>
        
        
      </file><file filepath="data/dat/p0740.pdf">
        <!--original/dat/p0740.pdf-->
        <dct:identifier>easy-file:1469045</dct:identifier>
        <dct:title>p0740.pdf</dct:title>
        <dct:format>application/pdf</dct:format>
        <dct:extent>1.2MB</dct:extent>
        
        <accessibleToRights>ANONYMOUS</accessibleToRights>
        <visibleToRights>ANONYMOUS</visibleToRights>
        
        
      </file><file filepath="data/dat/p0740.dat">
        <!--original/dat/p0740.dat-->
        <dct:identifier>easy-file:1469044</dct:identifier>
        <dct:title>p0740.dat</dct:title>
        <dct:format>text/plain</dct:format>
        <dct:extent>1.2MB</dct:extent>
        
        <accessibleToRights>ANONYMOUS</accessibleToRights>
        <visibleToRights>ANONYMOUS</visibleToRights>
        
        
      </file><file filepath="data/dat/p0740.por">
        <!--original/dat/p0740.por-->
        <dct:identifier>easy-file:1469047</dct:identifier>
        <dct:title>p0740.por</dct:title>
        <dct:format>text/plain</dct:format>
        <dct:extent>1.3MB</dct:extent>
        
        <accessibleToRights>ANONYMOUS</accessibleToRights>
        <visibleToRights>ANONYMOUS</visibleToRights>
        
        
      </file><file filepath="data/dat/p0740.frq">
        <!--original/dat/p0740.frq-->
        <dct:identifier>easy-file:1469048</dct:identifier>
        <dct:title>p0740.frq</dct:title>
        <dct:format>text/plain</dct:format>
        <dct:extent>0.3MB</dct:extent>
        
        <accessibleToRights>ANONYMOUS</accessibleToRights>
        <visibleToRights>ANONYMOUS</visibleToRights>
        
        
      </file><file filepath="data/dat/p0740.dic">
        <!--original/dat/p0740.dic-->
        <dct:identifier>easy-file:1469046</dct:identifier>
        <dct:title>p0740.dic</dct:title>
        <dct:format>text/plain</dct:format>
        <dct:extent>0.1MB</dct:extent>
        
        <accessibleToRights>ANONYMOUS</accessibleToRights>
        <visibleToRights>ANONYMOUS</visibleToRights>
        
        
      </file>
    </files>