<?xml version='1.0' encoding='UTF-8'?>
<emd:easymetadata emd:version="0.1" xmlns:emd="http://easy.dans.knaw.nl/easy/easymetadata/" xmlns:eas="http://easy.dans.knaw.nl/easy/easymetadata/eas/" xmlns:dct="http://purl.org/dc/terms/" xmlns:dc="http://purl.org/dc/elements/1.1/" xmlns:xsi="http://www.w3.org/2001/XMLSchema-instance" xmlns:foxml="info:fedora/fedora-system:def/foxml#">
  <emd:title>
    <dc:title>Culturele Veranderingen in Nederland 1992 - CV'92</dc:title>
    <dc:title>Cultural changes in the Netherlands 1992 - CV'92</dc:title>
  </emd:title>
  <emd:creator>
    <eas:creator>
      <eas:initials>J.W.</eas:initials>
      <eas:surname>Becker</eas:surname>
      <eas:organization>Sociaal en Cultureel Planbureau, SCP * Den Haag</eas:organization>
      <eas:entityId eas:scheme="DAI">068409176</eas:entityId>
    </eas:creator>
    <eas:creator>
      <eas:initials>C.P.</eas:initials>
      <eas:surname>Middendorp</eas:surname>
      <eas:organization>Erasmus Universiteit Rotterdam * Rotterdam, Fac. sociale wetenschappen (primary investigator)</eas:organization>
      <eas:entityId eas:scheme="DAI">068364121</eas:entityId>
    </eas:creator>
  </emd:creator>
  <emd:subject>
    <dc:subject>sociology</dc:subject>
    <dc:subject>discrimination</dc:subject>
    <dc:subject>education</dc:subject>
    <dc:subject>family life</dc:subject>
    <dc:subject>finance</dc:subject>
    <dc:subject>values and beliefs</dc:subject>
    <dc:subject>politics</dc:subject>
    <dc:subject>religion</dc:subject>
    <dc:subject>technology</dc:subject>
    <dc:subject>welfare</dc:subject>
  </emd:subject>
  <emd:description>
    <dc:description>Trend study on changes in general opinions and attitudes of the Dutch population. The survey contains questions about (actual) political topics, many aspects of  values and beliefs and philosophy of life. Oral questionnaire belongs to SCP, written questionnaire belongs to Middendorp (EUR).

Subjective left-right orientation of political parties / effectiveness of governmental policy / quality of municipal expenditures / importance of political scopes: maintain order, political participation, freedom of speech, economical development, strong army, crime, unemployment, environment, social security, immigrants / standpoint of political parties concerning: abortion, euthanasia, differences in income, nuclear power station / membership of european community / enough education to do present job well / satisfied with (personal) life / welfare: country, family, in future, economical situation / governmental expenditures and measures: less differences in income, possessions and chances in society, public facilities, education, inexpensive housing, environment, child care, benefits for arts, housing for young people, taxes, development aid, defence budget / expenses of parents for education of their children / satisfied about income / expectations about income and social benefits in future / misuse of social benefits / (reason) for- against plans of government to decrease social benefits / differences between incomes and social benefits, in incomes (low-high), in possessions and in incomes of employees in governmental institutions and employees in business / specific educational goals for schools / several aspects of education / philosophy of life, in broad sense, also religion, humankind, important things in life / participation / influence on governmental policy / activities of protest against governmental or municipal measures / respondents activities for trade union, their influence on government / first actions in case of illness / respondents advise on personal, social and financial problems of acquaintances / young children and working mother, child care / importance of public or governmental facilities / persons in household with own income / detailed questions about technology / priority housing in case of housing shortage / priority dismissal / priority promotional opportunities / immigrants / respondents decreasing of governmental expenditures and perceived difficulty of this question / date and duration of interview / residence in youth / readership of daily newspapers / governmental measures for taxes / perceived and desirable influence on political decisions by: ministers, lower chamber, voters, political parties, trade unions, employers' organizations, enterprises, important public servants, press, demonstrators / statements about society / pollution of environment / development aid / nationalism / family and sexuality

Background variables: basic characteristics/ residence / household characteristics / occupation / employment / income / capital assets / education/ social class / politics / religion / readership, mass media, and 'cultural' exposure / organizational membership.  

The data- and documentation files of this dataset can be downloaded via the option Data Files.</dc:description>
  </emd:description>
  <emd:contributor>
    <eas:contributor>
      <eas:organization>Sociaal en Cultureel Planbureau (depositor)</eas:organization>
      <eas:entityId eas:scheme="DAI"/>
    </eas:contributor>
    <eas:contributor>
      <eas:organization>Sociaal en Cultureel Planbureau, SCP * Den Haag (research initiator)</eas:organization>
      <eas:entityId eas:scheme="DAI"/>
    </eas:contributor>
    <eas:contributor>
      <eas:organization>NIPO * Amsterdam (data collector)</eas:organization>
      <eas:entityId eas:scheme="DAI"/>
    </eas:contributor>
  </emd:contributor>
  <emd:date>
    <dct:created>1992-09-01 to 1992-12-01</dct:created>
    <eas:created eas:scheme="W3CDTF" eas:format="YEAR">1992-01-01T00:00:00.000+01:00</eas:created>
    <eas:available eas:scheme="W3CDTF" eas:format="DAY">2009-10-04T00:00:00.000+02:00</eas:available>
  </emd:date>
  <emd:format/>
  <emd:identifier>
    <dc:identifier eas:scheme="AIP_ID">twips.dans.knaw.nl-5163863437796345053-1174310261549</dc:identifier>
    <dc:identifier eas:scheme="PID" eas:identification-system="http://www.persistent-identifier.nl">urn:nbn:nl:ui:13-qpx-fsk</dc:identifier>
    <dc:identifier eas:scheme="DOI" eas:identification-system="http://dx.doi.org">10.17026/dans-zyj-aq6b</dc:identifier>
    <dc:identifier>STAR: P1152</dc:identifier>
    <dc:identifier eas:scheme="DMO_ID">easy-dataset:32934</dc:identifier>
  </emd:identifier>
  <emd:source/>
  <emd:language>
    <dc:language eas:schemeId="common.dc.language" eas:scheme="ISO 639">dut/nld</dc:language>
  </emd:language>
  <emd:relation>
    <eas:relation eas:emphasis="true">
      <eas:subject-title>DANS EASY Online analysis tool</eas:subject-title>
      <eas:subject-link>http://nesstar.dans.knaw.nl</eas:subject-link>
    </eas:relation>
    <eas:relation>
      <eas:subject-title>Portegijs, Wil; Annemarie Boelens; Saskia Keuzekamp; Emancipatiemonitor 2002; Den Haag, Voorburg; SCP, CBS; 90-377-0110-8; SCP-publikatie 2002/13; 1569-4674</eas:subject-title>
    </eas:relation>
    <eas:relation>
      <eas:subject-title>Gesthuizen, Maurice; Peer Scheepers; Mieke Verloo; Support for the discrimination of women on the labour market in the Netherlands: : Individual and contextual characteristics; 2002; The Netherlands' Journal Of Social Sciences; 38; 1; pages p.48-64</eas:subject-title>
    </eas:relation>
    <eas:relation>
      <eas:subject-title>Scheepers, Peer; Jacques Janssen; Informele aspecten van sociaal kapitaal. Ontwikkelingen in Nederland 1970-1998; 2001; Mens en Maatschappij; 76; 3; pages p. 183-201</eas:subject-title>
    </eas:relation>
    <eas:relation>
      <eas:subject-title>Nas, M; Dekker, P.; Hemmers, C.; Maatschappelijke organisaties, publieke opinie en milieu; 1997; Den Haag; VUGA; 90 5250 927 1; pages 160</eas:subject-title>
    </eas:relation>
    <eas:relation>
      <eas:subject-title>Sociaal en Cultureel Planbureau; Sociale en culturele verkenningen 1997; 1997; Den Haag; VUGA; 90 5749 103 6; pages 168</eas:subject-title>
    </eas:relation>
    <eas:relation>
      <eas:subject-title>Dekker, P.; Ester, P.; Political attitudes in a generational perspective : The Netherlands, 1970-1992; Meppel; Boom; Acta Politica; 0001-6810; 30; 1</eas:subject-title>
    </eas:relation>
    <eas:relation>
      <eas:subject-title>Scheepers, P.; Coenders, M.; Trends in etnische discriminatie in Nederland 1980-1993; Justitiele Verkenningen; 22; 3</eas:subject-title>
    </eas:relation>
    <eas:relation>
      <eas:subject-title>Sociaal en Cultureel Planbureau; Sociale en Culturele Verkenningen 1993; 1993; Rijswijk; Sociaal en Cultureel Planbureau; 90 5250 339 7; pages 147 pp.</eas:subject-title>
    </eas:relation>
    <eas:relation>
      <eas:subject-title>Middendorp, C.P.; De ideologische cultuur van de arbeidersklasse : Evolutie van hun positie op de dimensies 'libertair-autoritair'en'links-rechts'in Nederland tussen 1970 en 1992; 1994; Leuven, Amersfoort; ACCO; ISBN 90-334-2931-4; pages 119-138 pp.</eas:subject-title>
    </eas:relation>
    <eas:relation>
      <eas:subject-title>NIPO; Mosaic kent de consument achter elk adres : Informatie; Januari 1989; Amsterdam; NIPO; pages 43 pp.</eas:subject-title>
    </eas:relation>
    <eas:relation>
      <eas:subject-title>Bronneman-Helmers, H.M.; Opinies over onderwijs : Opvattingen van de bevolking en van opinieleiders over onderwijs(-beleid); 1993; Rijswijk\; Den Haag; Sociaal en Cultureel Planbureau, SCP\; VUGA; 90-5250-602-7; pages 167 pp.</eas:subject-title>
    </eas:relation>
    <eas:relation>
      <eas:subject-title>Geleijnse, L.\; Vrooman, J.C.\; Muffels, R.J.A.; Tussen ministelsel en participatiemodel : Een verkennende studie naar stelselvarianten in de socialezekerheid; 1993; Rijswijk\; Den Haag; Sociaal en Cultureel Planbureau, SCP\; VUGA; 90-5250-606-x; pages 140 pp.</eas:subject-title>
    </eas:relation>
    <eas:relation>
      <eas:subject-title>Sociaal en Cultureel Planbureau; Sociale en culturele verkenningen 1996; 1996; Den Haag; VUGA; 90 5250 918 2</eas:subject-title>
    </eas:relation>
    <eas:relation>
      <eas:subject-title>Vlaardingen, F. van; Culturele veranderingen in Nederland 1992 : Steimetzarchief Codeboek P1152; 1994; Amsterdam; Steinmetzarchief / SWIDOC; 90-71684-35-0; pages 229 pp. (+ bijl.)</eas:subject-title>
    </eas:relation>
    <eas:relation>
      <eas:subject-title>Sociaal en Cultureel Planbureau, SCP; Sociaal en cultureel rapport 1994; 1994; Rijswijk\; Den Haag; Sociaal en Cultureel Planbureau, SCP\; VUGA; 90-5250-617-5; 0922-8772; pages 644 pp.</eas:subject-title>
    </eas:relation>
    <eas:relation>
      <eas:subject-title>Sociaal en Cultureel Planbureau; Sociaal en cultureel rapport 1996; September 1996; Den Haag; VUGA; 90 5250 920 4; pages 609 pp.</eas:subject-title>
    </eas:relation>
    <eas:relation>
      <eas:subject-title>Grotenhuis, M. te; Ontkerkelijking : Oorzaken en gevolgen van sociaal-culturele ontwikkelingenin Nederland; 1999; Nijmegen; Katholieke Universiteit Nijmegen\; Vakgroep Sociologie; 90 373 0472 9; pages 177</eas:subject-title>
    </eas:relation>
    <eas:relation>
      <eas:subject-title>Sociaal en Cultureel Planbureau; Sociale en culturele verkenningen 1998 Cahier; 1998; Den Haag; VUGA; 90 5749 113 3; pages 190</eas:subject-title>
    </eas:relation>
    <eas:relation>
      <eas:subject-title>Maas-de Waal, C.; Dekker, P.; De publieke opinie over resocialisatie : Een actualisering en relativering; Tijdschrift voor criminologie; 41; 1</eas:subject-title>
    </eas:relation>
    <eas:relation>
      <eas:subject-title>Konink, M. de; Scheepers, P.; De publieke opinie over resocialisatie van misdadigers : De trend tussen 1970 en 1992; Tijdschrift voor Criminologie; 0165-182X; 40; 3</eas:subject-title>
    </eas:relation>
    <eas:relation>
      <eas:subject-title>Becker, Jos; Het sociale draagvlak voor de quartaire sector, 1970-2000 :  http://www.scp.nl/boeken/werkdocumenten/doc91/nl/metainfo.htm; 2003; Den Haag; Sociaal en Cultureel Planbureau (SCP)</eas:subject-title>
    </eas:relation>
    <eas:relation eas:emphasis="true">
      <eas:subject-title>Thematische collectie: Culturele Veranderingen in Nederland (CV) en SCP Leefsituatie Index (SLI)</eas:subject-title>
      <eas:subject-link>http://dx.doi.org/10.17026/dans-zpa-9uwp</eas:subject-link>
    </eas:relation>
  </emd:relation>
  <emd:coverage>
    <dct:spatial>Netherlands</dct:spatial>
    <dct:spatial>Nederland</dct:spatial>
    <dct:temporal>1992</dct:temporal>
  </emd:coverage>
  <emd:rights>
    <dct:accessRights eas:schemeId="common.dcterms.accessrights">OPEN_ACCESS</dct:accessRights>
    <dct:license eas:scheme="EASY version 1">accept</dct:license>
    <dct:license>http://creativecommons.org/licenses/by/4.0</dct:license>
    <dct:rightsHolder>Sociaal en Cultureel Planbureau (SCP)</dct:rightsHolder>
  </emd:rights>
  <emd:audience>
    <dct:audience eas:schemeId="custom.disciplines">easy-discipline:42</dct:audience>
    <dct:audience eas:schemeId="custom.disciplines">easy-discipline:51</dct:audience>
  </emd:audience>
  <emd:other>
    <eas:application-specific>
      <eas:metadataformat>SOCIOLOGY</eas:metadataformat>
    </eas:application-specific>
    <eas:etc>
      <property-list>
        <comment>Synchronization of EasyII</comment>
        <entry key="conversion.date">2011-05-19T23:53:17.84Z</entry>
        <entry key="previous.collection-id">twips.dans.knaw.nl-5163863437796345053-1174310261549</entry>
        <entry key="nl.knaw.dans.easy.tools.task.am.dataset.AudienceCorrectorTask">2011-07-20T19:01:40.271+02:00</entry>
      </property-list>
    </eas:etc>
  </emd:other>
</emd:easymetadata>