<?xml version='1.0' encoding='UTF-8'?>
<files xsi:schemaLocation="http://easy.dans.knaw.nl/schemas/bag/metadata/files/ http://easy.dans.knaw.nl/schemas/bag/metadata/files/files.xsd" xmlns:xsi="http://www.w3.org/2001/XMLSchema-instance" xmlns="http://easy.dans.knaw.nl/schemas/bag/metadata/files/" xmlns:afm="http://easy.dans.knaw.nl/schemas/bag/metadata/afm/" xmlns:dct="http://purl.org/dc/terms/">
    <file filepath="data/dat/p1152.frq">
        <!--original/dat/p1152.frq-->
        <dct:identifier>easy-file:1448287</dct:identifier>
        <dct:title>p1152.frq</dct:title>
        <dct:format>application/octet-stream</dct:format>
        <dct:extent>0.7MB</dct:extent>
        
        <accessibleToRights>ANONYMOUS</accessibleToRights>
        <visibleToRights>ANONYMOUS</visibleToRights>
        
        
      </file><file filepath="data/dat/p1152.doc">
        <!--original/dat/p1152.doc-->
        <dct:identifier>easy-file:1448291</dct:identifier>
        <dct:title>p1152.doc</dct:title>
        <dct:format>application/octet-stream</dct:format>
        <dct:extent>0.1MB</dct:extent>
        
        <accessibleToRights>ANONYMOUS</accessibleToRights>
        <visibleToRights>ANONYMOUS</visibleToRights>
        
        
      </file><file filepath="data/dat/p1152.lab">
        <!--original/dat/p1152.lab-->
        <dct:identifier>easy-file:1448290</dct:identifier>
        <dct:title>p1152.lab</dct:title>
        <dct:format>application/octet-stream</dct:format>
        <dct:extent>0.0MB</dct:extent>
        
        <accessibleToRights>ANONYMOUS</accessibleToRights>
        <visibleToRights>ANONYMOUS</visibleToRights>
        
        
      </file><file filepath="data/dat/p1152.dic">
        <!--original/dat/p1152.dic-->
        <dct:identifier>easy-file:1448288</dct:identifier>
        <dct:title>p1152.dic</dct:title>
        <dct:format>application/octet-stream</dct:format>
        <dct:extent>0.3MB</dct:extent>
        
        <accessibleToRights>ANONYMOUS</accessibleToRights>
        <visibleToRights>ANONYMOUS</visibleToRights>
        
        
      </file><file filepath="data/dat/p1152.por">
        <!--original/dat/p1152.por-->
        <dct:identifier>easy-file:1448286</dct:identifier>
        <dct:title>p1152.por</dct:title>
        <dct:format>application/octet-stream</dct:format>
        <dct:extent>3.3MB</dct:extent>
        
        <accessibleToRights>ANONYMOUS</accessibleToRights>
        <visibleToRights>ANONYMOUS</visibleToRights>
        
        
      </file><file filepath="data/dat/p1152.pdf">
        <!--original/dat/p1152.pdf-->
        <dct:identifier>easy-file:1448289</dct:identifier>
        <dct:title>p1152.pdf</dct:title>
        <dct:format>application/pdf</dct:format>
        <dct:extent>2.2MB</dct:extent>
        
        <accessibleToRights>ANONYMOUS</accessibleToRights>
        <visibleToRights>ANONYMOUS</visibleToRights>
        
        
      </file><file filepath="data/additional-metadata-P1152.xml">
        <!--original/additional-metadata-P1152.xml-->
        <dct:identifier>easy-file:3934523</dct:identifier>
        <dct:title>additional-metadata-P1152.xml</dct:title>
        <dct:format>text/xml</dct:format>
        <dct:extent>0.0MB</dct:extent>
        
        <accessibleToRights>ANONYMOUS</accessibleToRights>
        <visibleToRights>ANONYMOUS</visibleToRights>
        
        
      </file>
    </files>