<?xml version="1.0" encoding="UTF-8"?>
<ddm:DDM xsi:schemaLocation="http://schemas.dans.knaw.nl/dataset/ddm-v2/ https://schemas.dans.knaw.nl/md/ddm/v2/ddm.xsd" xmlns:id-type="http://easy.dans.knaw.nl/schemas/vocab/identifier-type/" xmlns:ddm="http://schemas.dans.knaw.nl/dataset/ddm-v2/" xmlns:abr="http://www.den.nl/standaard/166/Archeologisch-Basisregister/" xmlns:gml="http://www.opengis.net/gml" xmlns:dcx-gml="http://easy.dans.knaw.nl/schemas/dcx/gml/" xmlns:dcx-dai="http://easy.dans.knaw.nl/schemas/dcx/dai/" xmlns:dct="http://purl.org/dc/terms/" xmlns:xsi="http://www.w3.org/2001/XMLSchema-instance" xmlns:dc="http://purl.org/dc/elements/1.1/">
     <ddm:profile>
        
       <dc:title>Culturele Veranderingen in Nederland 1997 - CV'97</dc:title>
       <dct:description>Trend study on changes in general opinions and attitudes of the Dutch population regarding a wide range of topics. Part of the survey contains also variables from the replication of the International Social Survey Program concerning work orientation topics. Preferences concerning spending time: work, domestic work, family, friends, leisure activities / general attitude to work / work orientation / most important in the Netherlands / environmental issues / public facilities / social security system / class differences / abortion / taxes / adultery /  euthanasia / homosexuality / tolerance in matters of religion / participation / foreigners / crime / daycare / treatment of drug addicts / cohabitation /  volunteer work / income differences / philosophy of life and society in  general / gender roles / divorce / opinion leadership / residence permits. Background variables: basic characteristics/ place of birth / residence / household characteristics / occupation / employment / income / capital assets / education / politics / religion/ readership, mass media, and 'cultural' exposure / organizational membership. The data- and documentation files of this dataset can be downloaded via the option Data Files.</dct:description>
       
       
       <dcx-dai:creatorDetails><dcx-dai:author>
        
        <dcx-dai:initials>J.W.</dcx-dai:initials>
        
        <dcx-dai:surname>Becker</dcx-dai:surname>
        
        
        <dcx-dai:DAI>info:eu-repo/dai/nl/068409176</dcx-dai:DAI>
        
        <dcx-dai:organization>
        <dcx-dai:name>Sociaal en Cultureel Planbureau, SCP * Den Haag (primary investigator)</dcx-dai:name>
        
      </dcx-dai:organization>
      </dcx-dai:author> </dcx-dai:creatorDetails>
       <ddm:created>1997-12-31</ddm:created>
       <ddm:available>2009-10-04</ddm:available>
       <ddm:audience>D60000</ddm:audience><ddm:audience>D61000</ddm:audience>
       <ddm:accessRights>OPEN_ACCESS</ddm:accessRights>
     
        <ddm:personalData present="Unknown"/>
      </ddm:profile>
     <ddm:dcmiMetadata><dc:title>Cultural changes in the Netherlands 1997 - CV'97</dc:title>
       <dct:identifier xsi:type="id-type:EASY1">twips.dans.knaw.nl--2547736886410940459-1174312774514</dct:identifier><dct:identifier xsi:type="id-type:URN">urn:nbn:nl:ui:13-ksm-ulm</dct:identifier><dct:identifier xsi:type="id-type:DOI">10.17026/dans-xv5-7gvs</dct:identifier><dct:identifier>STAR: P1417</dct:identifier><dct:identifier xsi:type="id-type:EASY2">easy-dataset:33274</dct:identifier>
       
       
       
       
       
       
       <ddm:relation href="http://nesstar.dans.knaw.nl">DANS EASY Online analysis tool</ddm:relation><ddm:relation>Portegijs, Wil; Annemarie Boelens; Saskia Keuzekamp; Emancipatiemonitor 2002; Den Haag, Voorburg; SCP, CBS; 90-377-0110-8; SCP-publikatie 2002/13; 1569-4674</ddm:relation><ddm:relation>Scheepers, Peer; Jacques Janssen; Informele aspecten van sociaal kapitaal. Ontwikkelingen in Nederland 1970-1998; 2001; Mens en Maatschappij; 76; 3; pages p. 183-201</ddm:relation><ddm:relation>Sociaal en Cultureel Planbureau; Sociale en culturele verkenningen 1998 Cahier; 1998; Den Haag; VUGA; 90 5749 113 3; pages 190</ddm:relation><ddm:relation>Keuzenkamp, S.; Mertens, N.; De kunst van het combineren : Taakverdeling onder partners; 2000; Den Haag; SCP; pages 179</ddm:relation><ddm:relation>Becker, Jos; Het sociale draagvlak voor de quartaire sector, 1970-2000 :  http://www.scp.nl/boeken/werkdocumenten/doc91/nl/metainfo.htm; 2003; Den Haag; Sociaal en Cultureel Planbureau (SCP)</ddm:relation><ddm:relation href="http://dx.doi.org/10.17026/dans-zpa-9uwp">Thematische collectie: Culturele Veranderingen in Nederland (CV) en SCP Leefsituatie Index (SLI)</ddm:relation>
       
       <dcx-dai:contributorDetails><dcx-dai:author>
        
        <dcx-dai:initials>I.A.L.</dcx-dai:initials>
        
        <dcx-dai:surname>Stoop</dcx-dai:surname>
        
        
        
        
        <dcx-dai:organization>
        <dcx-dai:name>SCP (depositor)</dcx-dai:name>
        
      </dcx-dai:organization>
      </dcx-dai:author> </dcx-dai:contributorDetails><dcx-dai:contributorDetails><dcx-dai:organization>
        <dcx-dai:name>Sociaal en Cultureel Planbureau * Den Haag (research initiator)</dcx-dai:name>
        
      </dcx-dai:organization> </dcx-dai:contributorDetails><dcx-dai:contributorDetails><dcx-dai:organization>
        <dcx-dai:name>Nederlands Instituut voor Publieke Opinie en marktonderzoek, NIPO * Amsterdam (data collector)</dcx-dai:name>
        
      </dcx-dai:organization> </dcx-dai:contributorDetails>
       <dct:rightsHolder>Sociaal en Cultureel Planbureau (SCP)</dct:rightsHolder>
       
       
       
       
       
       
       <dct:subject>crime</dct:subject><dct:subject>discrimination</dct:subject><dct:subject>drugs</dct:subject><dct:subject>employment</dct:subject><dct:subject>environment</dct:subject><dct:subject>gender roles</dct:subject><dct:subject>migration</dct:subject><dct:subject>minorities</dct:subject><dct:subject>values and beliefs</dct:subject><dct:subject>occupations</dct:subject><dct:subject>participation</dct:subject><dct:subject>politics</dct:subject><dct:subject>religion</dct:subject><dct:subject>technology</dct:subject><dct:subject>time budgets</dct:subject><dct:subject>social welfare</dct:subject><dct:subject>leisure time</dct:subject><dct:subject>family life</dct:subject><dct:subject>social security</dct:subject><dct:subject>social issues</dct:subject>
       
       <dct:spatial>Netherlands</dct:spatial><dct:spatial>Nederland</dct:spatial>
       <dct:temporal>1997</dct:temporal>
       <ddm:datesOfCollection>1997-01-01/1997-12-31</ddm:datesOfCollection>
       
       <dct:license xsi:type="dct:URI">http://creativecommons.org/licenses/by/4.0</dct:license>
       <ddm:language code="dut" encodingScheme="ISO639-2">nld</ddm:language>
       <dct:created>1997</dct:created>
     <ddm:inCollection subjectScheme="DANS Collection" valueURI="https://vocabularies.dans.knaw.nl/collections/ssh/7f899692-90b4-49d0-8a5f-891e73ae84c1" schemeURI="https://vocabularies.dans.knaw.nl/collections">Culturele Veranderingen in Nederland (CV) en SCP Leefsituatie Index (SLI)</ddm:inCollection><ddm:description descriptionType="SeriesInformation">
    Het Sociaal en Cultureel Planbureau (SCP) voert sinds 1975 (twee)jaarlijks het onderzoek Culturele Veranderingen in Nederland uit. De reeks bestaat inmiddels uit 30 onderzoeken en bevat zo’n 3500 variabelen en gegevens over meer dan 50.000 respondenten.

De onderzoeken Culturele Veranderingen in Nederland (CV) en SCP Leefsituatie Index (SLI) worden sinds 2004 tweejaarlijks gecombineerd uitgevoerd in samenwerking door het Sociaal Cultureel Planbureau (SCP) en het Centraal Bureau voor de Statistiek (CBS).

Doel van CV is vaststellen welke opvattingen “de Nederlander” heeft over samenleving en cultuur en hoe deze in de loop van de tijd zijn veranderd. Doel van SLI is het ontwikkelen van een indicator om de sociale leefsituatie van Nederland in kaart te brengen en het monitoren van de ontwikkeling van de sociale leefsituatie van de Nederlandse bevolking.

De onderzoeken liggen aan de basis van veel onderzoek uit het werkprogramma van het SCP. Door het CBS zullen de data vooral worden gebruikt ten behoeve van het speerpunt Sociale Samenhang.
  </ddm:description></ddm:dcmiMetadata>
   </ddm:DDM>