<?xml version='1.0' encoding='UTF-8'?>
<emd:easymetadata emd:version="0.1" xmlns:emd="http://easy.dans.knaw.nl/easy/easymetadata/" xmlns:eas="http://easy.dans.knaw.nl/easy/easymetadata/eas/" xmlns:dct="http://purl.org/dc/terms/" xmlns:dc="http://purl.org/dc/elements/1.1/" xmlns:xsi="http://www.w3.org/2001/XMLSchema-instance" xmlns:foxml="info:fedora/fedora-system:def/foxml#">
  <emd:title>
    <dc:title>Culturele Veranderingen in Nederland 1997 - CV'97</dc:title>
    <dc:title>Cultural changes in the Netherlands 1997 - CV'97</dc:title>
  </emd:title>
  <emd:creator>
    <eas:creator>
      <eas:initials>J.W.</eas:initials>
      <eas:surname>Becker</eas:surname>
      <eas:organization>Sociaal en Cultureel Planbureau, SCP * Den Haag (primary investigator)</eas:organization>
      <eas:entityId eas:scheme="DAI">068409176</eas:entityId>
    </eas:creator>
  </emd:creator>
  <emd:subject>
    <dc:subject>crime</dc:subject>
    <dc:subject>discrimination</dc:subject>
    <dc:subject>drugs</dc:subject>
    <dc:subject>employment</dc:subject>
    <dc:subject>environment</dc:subject>
    <dc:subject>gender roles</dc:subject>
    <dc:subject>migration</dc:subject>
    <dc:subject>minorities</dc:subject>
    <dc:subject>values and beliefs</dc:subject>
    <dc:subject>occupations</dc:subject>
    <dc:subject>participation</dc:subject>
    <dc:subject>politics</dc:subject>
    <dc:subject>religion</dc:subject>
    <dc:subject>technology</dc:subject>
    <dc:subject>time budgets</dc:subject>
    <dc:subject>social welfare</dc:subject>
    <dc:subject>leisure time</dc:subject>
    <dc:subject>family life</dc:subject>
    <dc:subject>social security</dc:subject>
    <dc:subject>social issues</dc:subject>
  </emd:subject>
  <emd:description>
    <dc:description>Trend study on changes in general opinions and attitudes of the Dutch population regarding a wide range of topics. Part of the survey contains also variables from the replication of the International Social Survey Program concerning work orientation topics. Preferences concerning spending time: work, domestic work, family, friends, leisure activities / general attitude to work / work orientation / most important in the Netherlands / environmental issues / public facilities / social security system / class differences / abortion / taxes / adultery /  euthanasia / homosexuality / tolerance in matters of religion / participation / foreigners / crime / daycare / treatment of drug addicts / cohabitation /  volunteer work / income differences / philosophy of life and society in  general / gender roles / divorce / opinion leadership / residence permits. Background variables: basic characteristics/ place of birth / residence / household characteristics / occupation / employment / income / capital assets / education / politics / religion/ readership, mass media, and 'cultural' exposure / organizational membership. The data- and documentation files of this dataset can be downloaded via the option Data Files.</dc:description>
  </emd:description>
  <emd:contributor>
    <eas:contributor>
      <eas:initials>I.A.L.</eas:initials>
      <eas:surname>Stoop</eas:surname>
      <eas:organization>SCP (depositor)</eas:organization>
      <eas:entityId eas:scheme="DAI"/>
    </eas:contributor>
    <eas:contributor>
      <eas:organization>Sociaal en Cultureel Planbureau * Den Haag (research initiator)</eas:organization>
      <eas:entityId eas:scheme="DAI"/>
    </eas:contributor>
    <eas:contributor>
      <eas:organization>Nederlands Instituut voor Publieke Opinie en marktonderzoek, NIPO * Amsterdam (data collector)</eas:organization>
      <eas:entityId eas:scheme="DAI"/>
    </eas:contributor>
  </emd:contributor>
  <emd:date>
    <dct:created>1997-01-01 to 1997-12-31</dct:created>
    <eas:created eas:scheme="W3CDTF" eas:format="YEAR">1997-01-01T00:00:00.000+01:00</eas:created>
    <eas:available eas:scheme="W3CDTF" eas:format="DAY">2009-10-04T00:00:00.000+02:00</eas:available>
  </emd:date>
  <emd:format/>
  <emd:identifier>
    <dc:identifier eas:scheme="AIP_ID">twips.dans.knaw.nl--2547736886410940459-1174312774514</dc:identifier>
    <dc:identifier eas:scheme="PID" eas:identification-system="http://www.persistent-identifier.nl">urn:nbn:nl:ui:13-ksm-ulm</dc:identifier>
    <dc:identifier eas:scheme="DOI" eas:identification-system="http://dx.doi.org">10.17026/dans-xv5-7gvs</dc:identifier>
    <dc:identifier>STAR: P1417</dc:identifier>
    <dc:identifier eas:scheme="DMO_ID">easy-dataset:33274</dc:identifier>
  </emd:identifier>
  <emd:source/>
  <emd:language>
    <dc:language eas:schemeId="common.dc.language" eas:scheme="ISO 639">dut/nld</dc:language>
  </emd:language>
  <emd:relation>
    <eas:relation eas:emphasis="true">
      <eas:subject-title>DANS EASY Online analysis tool</eas:subject-title>
      <eas:subject-link>http://nesstar.dans.knaw.nl</eas:subject-link>
    </eas:relation>
    <eas:relation>
      <eas:subject-title>Portegijs, Wil; Annemarie Boelens; Saskia Keuzekamp; Emancipatiemonitor 2002; Den Haag, Voorburg; SCP, CBS; 90-377-0110-8; SCP-publikatie 2002/13; 1569-4674</eas:subject-title>
    </eas:relation>
    <eas:relation>
      <eas:subject-title>Scheepers, Peer; Jacques Janssen; Informele aspecten van sociaal kapitaal. Ontwikkelingen in Nederland 1970-1998; 2001; Mens en Maatschappij; 76; 3; pages p. 183-201</eas:subject-title>
    </eas:relation>
    <eas:relation>
      <eas:subject-title>Sociaal en Cultureel Planbureau; Sociale en culturele verkenningen 1998 Cahier; 1998; Den Haag; VUGA; 90 5749 113 3; pages 190</eas:subject-title>
    </eas:relation>
    <eas:relation>
      <eas:subject-title>Keuzenkamp, S.; Mertens, N.; De kunst van het combineren : Taakverdeling onder partners; 2000; Den Haag; SCP; pages 179</eas:subject-title>
    </eas:relation>
    <eas:relation>
      <eas:subject-title>Becker, Jos; Het sociale draagvlak voor de quartaire sector, 1970-2000 :  http://www.scp.nl/boeken/werkdocumenten/doc91/nl/metainfo.htm; 2003; Den Haag; Sociaal en Cultureel Planbureau (SCP)</eas:subject-title>
    </eas:relation>
    <eas:relation eas:emphasis="true">
      <eas:subject-title>Thematische collectie: Culturele Veranderingen in Nederland (CV) en SCP Leefsituatie Index (SLI)</eas:subject-title>
      <eas:subject-link>http://dx.doi.org/10.17026/dans-zpa-9uwp</eas:subject-link>
    </eas:relation>
  </emd:relation>
  <emd:coverage>
    <dct:spatial>Netherlands</dct:spatial>
    <dct:spatial>Nederland</dct:spatial>
    <dct:temporal>1997</dct:temporal>
  </emd:coverage>
  <emd:rights>
    <dct:accessRights eas:schemeId="common.dcterms.accessrights">OPEN_ACCESS</dct:accessRights>
    <dct:license eas:scheme="EASY version 1">accept</dct:license>
    <dct:license>http://creativecommons.org/licenses/by/4.0</dct:license>
    <dct:rightsHolder>Sociaal en Cultureel Planbureau (SCP)</dct:rightsHolder>
  </emd:rights>
  <emd:audience>
    <dct:audience eas:schemeId="custom.disciplines">easy-discipline:42</dct:audience>
    <dct:audience eas:schemeId="custom.disciplines">easy-discipline:51</dct:audience>
  </emd:audience>
  <emd:other>
    <eas:application-specific>
      <eas:metadataformat>SOCIOLOGY</eas:metadataformat>
    </eas:application-specific>
    <eas:etc>
      <property-list>
        <comment>Synchronization of EasyII</comment>
        <entry key="conversion.date">2011-05-20T02:35:28.406Z</entry>
        <entry key="previous.collection-id">twips.dans.knaw.nl--2547736886410940459-1174312774514</entry>
        <entry key="nl.knaw.dans.easy.tools.task.am.dataset.AudienceCorrectorTask">2011-07-20T19:05:20.863+02:00</entry>
      </property-list>
    </eas:etc>
  </emd:other>
</emd:easymetadata>