<?xml version='1.0' encoding='UTF-8'?>
<files xsi:schemaLocation="http://easy.dans.knaw.nl/schemas/bag/metadata/files/ http://easy.dans.knaw.nl/schemas/bag/metadata/files/files.xsd" xmlns:xsi="http://www.w3.org/2001/XMLSchema-instance" xmlns="http://easy.dans.knaw.nl/schemas/bag/metadata/files/" xmlns:afm="http://easy.dans.knaw.nl/schemas/bag/metadata/afm/" xmlns:dct="http://purl.org/dc/terms/">
    <file filepath="data/dat/p1417.lab">
        <!--original/dat/p1417.lab-->
        <dct:identifier>easy-file:1473080</dct:identifier>
        <dct:title>p1417.lab</dct:title>
        <dct:format>application/octet-stream</dct:format>
        <dct:extent>0.0MB</dct:extent>
        
        <accessibleToRights>ANONYMOUS</accessibleToRights>
        <visibleToRights>ANONYMOUS</visibleToRights>
        
        
      </file><file filepath="data/additional-metadata-P1417.xml">
        <!--original/additional-metadata-P1417.xml-->
        <dct:identifier>easy-file:3934516</dct:identifier>
        <dct:title>additional-metadata-P1417.xml</dct:title>
        <dct:format>text/xml</dct:format>
        <dct:extent>0.0MB</dct:extent>
        
        <accessibleToRights>ANONYMOUS</accessibleToRights>
        <visibleToRights>ANONYMOUS</visibleToRights>
        
        
      </file><file filepath="data/dat/p1417.por">
        <!--original/dat/p1417.por-->
        <dct:identifier>easy-file:1473076</dct:identifier>
        <dct:title>p1417.por</dct:title>
        <dct:format>application/octet-stream</dct:format>
        <dct:extent>1.8MB</dct:extent>
        
        <accessibleToRights>ANONYMOUS</accessibleToRights>
        <visibleToRights>ANONYMOUS</visibleToRights>
        
        
      </file><file filepath="data/dat/p1417.doc">
        <!--original/dat/p1417.doc-->
        <dct:identifier>easy-file:1473075</dct:identifier>
        <dct:title>p1417.doc</dct:title>
        <dct:format>application/octet-stream</dct:format>
        <dct:extent>0.0MB</dct:extent>
        
        <accessibleToRights>ANONYMOUS</accessibleToRights>
        <visibleToRights>ANONYMOUS</visibleToRights>
        
        
      </file><file filepath="data/dat/p1417.dic">
        <!--original/dat/p1417.dic-->
        <dct:identifier>easy-file:1473079</dct:identifier>
        <dct:title>p1417.dic</dct:title>
        <dct:format>application/octet-stream</dct:format>
        <dct:extent>0.2MB</dct:extent>
        
        <accessibleToRights>ANONYMOUS</accessibleToRights>
        <visibleToRights>ANONYMOUS</visibleToRights>
        
        
      </file><file filepath="data/dat/p1417.frq">
        <!--original/dat/p1417.frq-->
        <dct:identifier>easy-file:1473077</dct:identifier>
        <dct:title>p1417.frq</dct:title>
        <dct:format>application/octet-stream</dct:format>
        <dct:extent>0.4MB</dct:extent>
        
        <accessibleToRights>ANONYMOUS</accessibleToRights>
        <visibleToRights>ANONYMOUS</visibleToRights>
        
        
      </file><file filepath="data/dat/p1417.pdf">
        <!--original/dat/p1417.pdf-->
        <dct:identifier>easy-file:1473078</dct:identifier>
        <dct:title>p1417.pdf</dct:title>
        <dct:format>application/pdf</dct:format>
        <dct:extent>3.2MB</dct:extent>
        
        <accessibleToRights>ANONYMOUS</accessibleToRights>
        <visibleToRights>ANONYMOUS</visibleToRights>
        
        
      </file>
    </files>