<?xml version='1.0' encoding='UTF-8'?>
<emd:easymetadata emd:version="0.1" xmlns:emd="http://easy.dans.knaw.nl/easy/easymetadata/" xmlns:eas="http://easy.dans.knaw.nl/easy/easymetadata/eas/" xmlns:dct="http://purl.org/dc/terms/" xmlns:dc="http://purl.org/dc/elements/1.1/" xmlns:xsi="http://www.w3.org/2001/XMLSchema-instance" xmlns:foxml="info:fedora/fedora-system:def/foxml#">
  <emd:title>
    <dc:title>Culturele Veranderingen in Nederland 2010 - CV'10</dc:title>
  </emd:title>
  <emd:creator>
    <eas:creator>
      <eas:organization>Centraal Bureau voor de Statistiek - CBS</eas:organization>
      <eas:entityId eas:scheme="DAI" eas:identification-system="info:eu-repo/dai/nl/"/>
    </eas:creator>
    <eas:creator>
      <eas:organization>Sociaal en Cultureel Planbureau - SCP</eas:organization>
      <eas:entityId eas:scheme="DAI" eas:identification-system="info:eu-repo/dai/nl/"/>
    </eas:creator>
  </emd:creator>
  <emd:subject>
    <dc:subject>Democratie</dc:subject>
    <dc:subject>Emancipatie</dc:subject>
    <dc:subject>Etnocentrisme</dc:subject>
    <dc:subject>Gender</dc:subject>
    <dc:subject>Generaties</dc:subject>
    <dc:subject>Leefomstandigheden</dc:subject>
    <dc:subject>Minderheden</dc:subject>
    <dc:subject>Onderwijs</dc:subject>
    <dc:subject>Ouderen</dc:subject>
    <dc:subject>Overheidsbeleid</dc:subject>
    <dc:subject>Politiek</dc:subject>
    <dc:subject>Publieke opinie</dc:subject>
    <dc:subject>Religie</dc:subject>
    <dc:subject>Sociale zekerheid</dc:subject>
    <dc:subject>Vertrouwen</dc:subject>
    <dc:subject>Vrijheid van meningsuiting</dc:subject>
    <dc:subject>Welzijn</dc:subject>
    <dc:subject>Werk</dc:subject>
    <dc:subject>Culturele veranderingen</dc:subject>
    <dc:subject>Welvaart</dc:subject>
    <dc:subject>Misdaad</dc:subject>
    <dc:subject>Morele kwesties</dc:subject>
    <dc:subject>CBS BMB</dc:subject>
  </emd:subject>
  <emd:description>
    <dc:description>Het onderzoek Culturele Veranderingen in Nederland (CV) is een 2-jaarlijks onderzoek dat in 2010 in een samenwerkingsproject werd uitgevoerd door het Sociaal en Cultureel Planbureau (SCP) en het Centraal Bureau voor de Statistiek (CBS). Doel van het onderzoek is vaststellen welke opvattingen 'de Nederlander' heeft over samenleving en cultuur en hoe deze in de loop van de tijd zijn veranderd. Het onderzoek is sinds 1975 bijna jaarlijks en vanaf 2000 tweejaarlijks uitgevoerd. Voor het onderzoek worden personen van 16 jaar en ouder in particuliere huishoudens ondervraagd. Dit bestand is vergelijkbaar met de voorgaande versies van de SCP onderzoeken over culturele veranderingen (ook beschikbaar via DANS).

Het volledige bestand incl. aanvullende variabelen uit diverse CBS registers, kan 'onsite' of via 'remote access' bij het Centrum voor Beleidsstatistiek van het CBS geraadpleegd worden. Deze microversie bevat een deelverzameling van de variabelen uit het volledige onderzoeksbestand.

Inhoud van de vragenlijst: 
Eigen leven, Welvaart en Sociale zekerheid / Geloof / Vertrouwen en Samenleving /  Politiek en Democratie / Misdaad /
Verlenen van Hulp en Morele Kwesties / Positie van de vrouw / Positie van allochtonen.</dc:description>
  </emd:description>
  <emd:publisher/>
  <emd:contributor/>
  <emd:date>
    <eas:created eas:scheme="W3CDTF" eas:format="YEAR">2011-01-01T00:00:00.000+01:00</eas:created>
    <eas:available eas:scheme="W3CDTF" eas:format="DAY">2013-12-30T00:00:00.000+01:00</eas:available>
    <eas:dateSubmitted eas:scheme="W3CDTF" eas:format="DAY">2013-12-30T13:28:23.638+01:00</eas:dateSubmitted>
  </emd:date>
  <emd:type/>
  <emd:format>
    <dc:format>SPSS</dc:format>
    <dc:format>PDF</dc:format>
  </emd:format>
  <emd:identifier>
    <dc:identifier eas:scheme="PID" eas:identification-system="http://www.persistent-identifier.nl">urn:nbn:nl:ui:13-xzam-fy</dc:identifier>
    <dc:identifier eas:scheme="DOI" eas:identification-system="http://dx.doi.org">10.17026/dans-xcw-4x4c</dc:identifier>
    <dc:identifier eas:scheme="DMO_ID">easy-dataset:56447</dc:identifier>
  </emd:identifier>
  <emd:source/>
  <emd:language>  
  <dc:language eas:schemeId="common.dc.language" eas:scheme="ISO 639">dut/nld</dc:language>
    <dc:language>Nederlands</dc:language>
  </emd:language>
  <emd:relation>
    <eas:relation eas:emphasis="true">
      <eas:subject-title>Thematische collectie: Beveiligde microbestanden CBS en over de toegang tot CBS data</eas:subject-title>
      <eas:subject-link>http://www.persistent-identifier.nl?identifier=urn:nbn:nl:ui:13-4m5u-z7</eas:subject-link>
    </eas:relation>
  </emd:relation>
  <emd:coverage>
    <dct:spatial>Nederland</dct:spatial>
    <dct:temporal>2010</dct:temporal>
  </emd:coverage>
  <emd:rights>
    <dct:accessRights eas:schemeId="common.dcterms.accessrights">REQUEST_PERMISSION</dct:accessRights>
    <dct:license>accept</dct:license>
  </emd:rights>
  <emd:audience>
    <dct:audience eas:schemeId="custom.disciplines">easy-discipline:42</dct:audience>
    <dct:audience eas:schemeId="custom.disciplines">easy-discipline:51</dct:audience>
  </emd:audience>
  <emd:other>
    <eas:application-specific>
      <eas:metadataformat>SOCIOLOGY</eas:metadataformat>
    </eas:application-specific>
    <eas:etc/>
  </emd:other>
</emd:easymetadata>