<?xml version='1.0' encoding='UTF-8'?>
<files xsi:schemaLocation="http://easy.dans.knaw.nl/schemas/bag/metadata/files/ http://easy.dans.knaw.nl/schemas/bag/metadata/files/files.xsd" xmlns:xsi="http://www.w3.org/2001/XMLSchema-instance" xmlns="http://easy.dans.knaw.nl/schemas/bag/metadata/files/" xmlns:afm="http://easy.dans.knaw.nl/schemas/bag/metadata/afm/" xmlns:dct="http://purl.org/dc/terms/">
    <file filepath="data/SCP_CV2010_2011.Onderzoeksdocumentatie_20110829.pdf">
        
        <dct:identifier>easy-file:4179358</dct:identifier>
        <dct:title>SCP_CV2010_2011.Onderzoeksdocumentatie_20110829.pdf</dct:title>
        <dct:format>application/pdf</dct:format>
        <dct:extent>3.4MB</dct:extent>
        
        <accessibleToRights>RESTRICTED_REQUEST</accessibleToRights>
        <visibleToRights>ANONYMOUS</visibleToRights>
        
        
      </file><file filepath="data/CV_2010.sav">
        
        <dct:identifier>easy-file:4179357</dct:identifier>
        <dct:title>CV_2010.sav</dct:title>
        <dct:format>application/octet-stream</dct:format>
        <dct:extent>1.4MB</dct:extent>
        
        <accessibleToRights>RESTRICTED_REQUEST</accessibleToRights>
        <visibleToRights>ANONYMOUS</visibleToRights>
        
        
      </file>
    </files>