<?xml version='1.0' encoding='UTF-8'?>
<files xsi:schemaLocation="http://easy.dans.knaw.nl/schemas/bag/metadata/files/ http://easy.dans.knaw.nl/schemas/bag/metadata/files/files.xsd" xmlns:xsi="http://www.w3.org/2001/XMLSchema-instance" xmlns="http://easy.dans.knaw.nl/schemas/bag/metadata/files/" xmlns:afm="http://easy.dans.knaw.nl/schemas/bag/metadata/afm/" xmlns:dct="http://purl.org/dc/terms/">
    <file filepath="data/additional-metadata-P0946.xml">
        <!--original/additional-metadata-P0946.xml-->
        <dct:identifier>easy-file:3934518</dct:identifier>
        <dct:title>additional-metadata-P0946.xml</dct:title>
        <dct:format>text/xml</dct:format>
        <dct:extent>0.0MB</dct:extent>
        
        <accessibleToRights>ANONYMOUS</accessibleToRights>
        <visibleToRights>ANONYMOUS</visibleToRights>
        
        
      </file><file filepath="data/dat/p0946.cmd">
        <!--original/dat/p0946.cmd-->
        <dct:identifier>easy-file:1492072</dct:identifier>
        <dct:title>p0946.cmd</dct:title>
        <dct:format>text/plain</dct:format>
        <dct:extent>0.2MB</dct:extent>
        
        <accessibleToRights>ANONYMOUS</accessibleToRights>
        <visibleToRights>ANONYMOUS</visibleToRights>
        
        
      </file><file filepath="data/dat/p0946.dat">
        <!--original/dat/p0946.dat-->
        <dct:identifier>easy-file:1492071</dct:identifier>
        <dct:title>p0946.dat</dct:title>
        <dct:format>text/plain</dct:format>
        <dct:extent>2.2MB</dct:extent>
        
        <accessibleToRights>ANONYMOUS</accessibleToRights>
        <visibleToRights>ANONYMOUS</visibleToRights>
        
        
      </file><file filepath="data/dat/p0946.por">
        <!--original/dat/p0946.por-->
        <dct:identifier>easy-file:1492074</dct:identifier>
        <dct:title>p0946.por</dct:title>
        <dct:format>text/plain</dct:format>
        <dct:extent>2.5MB</dct:extent>
        
        <accessibleToRights>ANONYMOUS</accessibleToRights>
        <visibleToRights>ANONYMOUS</visibleToRights>
        
        
      </file><file filepath="data/dat/p0946.pdf">
        <!--original/dat/p0946.pdf-->
        <dct:identifier>easy-file:1492073</dct:identifier>
        <dct:title>p0946.pdf</dct:title>
        <dct:format>application/pdf</dct:format>
        <dct:extent>2.4MB</dct:extent>
        
        <accessibleToRights>ANONYMOUS</accessibleToRights>
        <visibleToRights>ANONYMOUS</visibleToRights>
        
        
      </file>
    </files>