<?xml version="1.0" encoding="UTF-8"?>
<ddm:DDM xsi:schemaLocation="http://schemas.dans.knaw.nl/dataset/ddm-v2/ https://schemas.dans.knaw.nl/md/ddm/v2/ddm.xsd" xmlns:id-type="http://easy.dans.knaw.nl/schemas/vocab/identifier-type/" xmlns:ddm="http://schemas.dans.knaw.nl/dataset/ddm-v2/" xmlns:abr="http://www.den.nl/standaard/166/Archeologisch-Basisregister/" xmlns:gml="http://www.opengis.net/gml" xmlns:dcx-gml="http://easy.dans.knaw.nl/schemas/dcx/gml/" xmlns:dcx-dai="http://easy.dans.knaw.nl/schemas/dcx/dai/" xmlns:dct="http://purl.org/dc/terms/" xmlns:xsi="http://www.w3.org/2001/XMLSchema-instance" xmlns:dc="http://purl.org/dc/elements/1.1/">
     <ddm:profile>
        
       <dc:title>Culturele Veranderingen in Nederland 1987 - CV'87</dc:title>
       <dct:description>Trend study on changes in general opinions and attitudes of ( parts of ) the Dutch population.

Work, income versus leisure / job satisfaction, pressure of work / satisfaction with life, prosperity / social contacts / mass-media, exposure to news and politics / prosperity, materialism / attitude towards consumer credit / expected developments in society / conservatism / need for higher tax-rates, higher public spendings / personal feelings, worries about life, health, politics, housing, family income / expected and desired development of personal incomes and social benefits / abuse of social securities / image of the unemployed and recipients of disablement insurance benefits, moonlighting / level of benefits, inequality of incomes / employee participation / fundamental rights of citizens / structure and aims of school system / freedom of speech, strike, demonstration etc. / religious dogmatism, conservatism, permissiveness / religion and politics, social life, organizations / perception of crime, alternative punishment / student participation / political left, right items, political efficacy, political interest, trust in politics / concern with environment, who is responsible / energy problem/ nuclear power / confidence in future of society / permissiveness towards various ways of social protest and counteractions from authorities / social contrasts / expected changes in society next 15 years / influence of unions and employers on national policy / doing domestic work, problems with it / perception of marriage: working women with young children, divorce, adoption, fidelity, education, standards and values / judgement of various forms of cohabitation / most appreciated qualities of men and women / image of the elderly / knowledge of aids, expected development, measures to stop aids / euthanasia / advices to friends with domestic problems / rights of homosexuals / equal rights for different social groups to housing, job, career / discrimination of ethnic groups / ( dis- )advantages of being unemployed / public versus individual spendings, responsibilities for education, social services, public transport, museums, health services / attitude towards ex-psychiatric patients / written questionnaire: most important personal qualities for success in life / relation between performance and payment, necessity of income differences, desired re-allocation of incomes, evaluation of tax rates / knowledge of actual incomes of different occupational groups / desired income levels for these groups / incompatible interests between different social groups / occupational career, comparison to father's career. Background variables: basic characteristics/ residence/ household characteristics/ occupation/employment/ income/capital assets/ education/ social class/ politics/ religion/ readership, mass media, and 'cultural' exposure/ organizational membership.  

The data- and documentation files of this dataset can be downloaded via the option Data Files.</dct:description>
       
       <dc:creator>Becker, J.W., Nauta, A.N., Sociaal en Cultureel Planbureau, SCP * Den Haag (primary investigator)</dc:creator>
       <dcx-dai:creatorDetails><dcx-dai:author>
        
        <dcx-dai:initials>J.W.</dcx-dai:initials>
        
        <dcx-dai:surname>Becker</dcx-dai:surname>
        
        
        <dcx-dai:DAI>info:eu-repo/dai/nl/068409176</dcx-dai:DAI>
        
        <dcx-dai:organization>
        <dcx-dai:name>Sociaal en Cultureel Planbureau, SCP * Den Haag</dcx-dai:name>
        
      </dcx-dai:organization>
      </dcx-dai:author> </dcx-dai:creatorDetails><dcx-dai:creatorDetails><dcx-dai:author>
        
        <dcx-dai:initials>A.N.</dcx-dai:initials>
        
        <dcx-dai:surname>Nauta</dcx-dai:surname>
        
        
        
        
        <dcx-dai:organization>
        <dcx-dai:name>Sociaal en Cultureel Planbureau, SCP * Den Haag (primary investigator)</dcx-dai:name>
        
      </dcx-dai:organization>
      </dcx-dai:author> </dcx-dai:creatorDetails>
       <ddm:created>1987-12-31</ddm:created>
       <ddm:available>2009-10-04</ddm:available>
       <ddm:audience>D60000</ddm:audience><ddm:audience>D61000</ddm:audience>
       <ddm:accessRights>OPEN_ACCESS</ddm:accessRights>
     
        <ddm:personalData present="Unknown"/>
      </ddm:profile>
     <ddm:dcmiMetadata><dc:title>Cultural changes in the Netherlands 1987 - CV'87</dc:title>
       <dct:identifier xsi:type="id-type:EASY1">twips.dans.knaw.nl-2519670642645086684-1173099382531</dct:identifier><dct:identifier xsi:type="id-type:URN">urn:nbn:nl:ui:13-w6j-cf7</dct:identifier><dct:identifier xsi:type="id-type:DOI">10.17026/dans-xjh-9b4e</dct:identifier><dct:identifier>STAR: P0947</dct:identifier><dct:identifier xsi:type="id-type:EASY2">easy-dataset:32242</dct:identifier>
       
       
       
       
       
       
       <ddm:relation href="http://194.171.144.69/webview/?v=2&amp;mode=documentation&amp;submode=abstract&amp;study=http%3A%2F%2Fnesstar01.dans.knaw.nl%3A80%2Fobj%2FfStudy%2FP0947&amp;top=yes">DANS EASY Online analysis tool</ddm:relation><ddm:relation>Gesthuizen, Maurice; Peer Scheepers; Mieke Verloo; Support for the discrimination of women on the labour market in the Netherlands: : Individual and contextual characteristics; 2002; The Netherlands' Journal Of Social Sciences; 38; 1; pages p.48-64</ddm:relation><ddm:relation>Scheepers, Peer; Jacques Janssen; Informele aspecten van sociaal kapitaal. Ontwikkelingen in Nederland 1970-1998; 2001; Mens en Maatschappij; 76; 3; pages p. 183-201</ddm:relation><ddm:relation>Nas, M; Dekker, P.; Hemmers, C.; Maatschappelijke organisaties, publieke opinie en milieu; 1997; Den Haag; VUGA; 90 5250 927 1; pages 160</ddm:relation><ddm:relation>Sociaal en Cultureel Planbureau; Sociale en culturele verkenningen 1997; 1997; Den Haag; VUGA; 90 5749 103 6; pages 168</ddm:relation><ddm:relation>Gijsberts, M.; Culturele Veranderingen : Het wegen waard; 1993; Rijswijk; Sociaal en Cultureel Planbureau, SCP; pages 100 pp.</ddm:relation><ddm:relation>Knulst, W.P.; Van vaudeville tot video; 1989; Rijswijk; SCP</ddm:relation><ddm:relation>Sociaal en Cultureel Planbureau; Sociale en Culturele Verkenningen 1993; 1993; Rijswijk; Sociaal en Cultureel Planbureau; 90 5250 339 7; pages 147 pp.</ddm:relation><ddm:relation>Bootsma, H.G.; The influence of a work oriented lifestyle on residential locationchoice of couples; 1994; Amsterdam; Postdoctorale Onderzoeksopleiding Demografie ( PDOD ); pages 16 pp.</ddm:relation><ddm:relation>Bootsma, H.G.; Influence of a work-oriented life style on residential locationchoice of couples; Delft; Delft University Press; Netherlands Journal of Housing and the Built Environment; 0920-1580; 10; 1</ddm:relation><ddm:relation>Bogt, T.F.M. ter\; Praag, C.S. van\; Krabbe, P.F.M.; Jongeren op de drempel van de jaren negentig; 1992; Rijswijk; SCP; ISBN 90 5250 313 3</ddm:relation><ddm:relation>Dekker, P.\; Ester, P.; Wederzijdse beeldvorming van ouderen en jongeren; Tijdschrift voor Gerontologie en Geriatrie; 20; 6</ddm:relation><ddm:relation>Dekker, P.; Publieke acceptatie van AIDS patiënten; Sociologische Gids; 34; 1</ddm:relation><ddm:relation>Groot, H. de\; Pommer, E.; Individuele voorkeuren voor collectieve voorzieningen; 1987; Rijswijk; Sociaal en Cultureel Planbureau, SCP; 90 346 1120 5; pages 95 pp.</ddm:relation><ddm:relation>Sociaal en Cultureel Planbureau - SCP; Sociale en Culturele Verkenningen 1987; 1986; Rijswijk; Sociaal en Cultureel Planbureau, SCP; 90 346 0931 6; pages 61 pp.</ddm:relation><ddm:relation>Dekker, P.; Ester, P.; Social and political attitudes in Dutch society; 1993; Rijswijk\; Den Haag; Sociaal en Cultureel Planbureau, SCP\; VUGA; 90-5250-337-0; pages 245 pp.</ddm:relation><ddm:relation>Sociaal en Cultureel Planbureau, SCP; Sociaal en cultureel rapport 1994; 1994; Rijswijk\; Den Haag; Sociaal en Cultureel Planbureau, SCP\; VUGA; 90-5250-617-5; 0922-8772; pages 644 pp.</ddm:relation><ddm:relation>Sociaal en Cultureel Planbureau; Sociaal en cultureel rapport 1996; September 1996; Den Haag; VUGA; 90 5250 920 4; pages 609 pp.</ddm:relation><ddm:relation>Grotenhuis, M. te; Ontkerkelijking : Oorzaken en gevolgen van sociaal-culturele ontwikkelingenin Nederland; 1999; Nijmegen; Katholieke Universiteit Nijmegen\; Vakgroep Sociologie; 90 373 0472 9; pages 177</ddm:relation><ddm:relation>Sociaal en Cultureel Planbureau; Sociale en culturele verkenningen 1998 Cahier; 1998; Den Haag; VUGA; 90 5749 113 3; pages 190</ddm:relation><ddm:relation>Portegijs, Wil; Annemarie Boelens; Saskia Keuzekamp; Emancipatiemonitor 2002; Den Haag, Voorburg; SCP, CBS; 90-377-0110-8; SCP-publikatie 2002/13; 1569-4674</ddm:relation><ddm:relation href="http://dx.doi.org/10.17026/dans-zpa-9uwp">Thematische collectie: Culturele Veranderingen in Nederland (CV) en SCP Leefsituatie Index (SLI)</ddm:relation>
       
       <dcx-dai:contributorDetails><dcx-dai:organization>
        <dcx-dai:name>Sociaal en cultureel planbureau, SCP * Den Haag (research initiator)</dcx-dai:name>
        
      </dcx-dai:organization> </dcx-dai:contributorDetails><dcx-dai:contributorDetails><dcx-dai:organization>
        <dcx-dai:name>Nederlands Instituut voor Publieke Opinie en marktonderzoek, NIPO * Amsterdam, the Netherlands (data collector)</dcx-dai:name>
        
      </dcx-dai:organization> </dcx-dai:contributorDetails>
       <dct:rightsHolder>Sociaal en Cultureel Planbureau (SCP)</dct:rightsHolder>
       
       
       
       
       
       
       <dct:subject>sociology</dct:subject><dct:subject>work</dct:subject><dct:subject>massmedia</dct:subject><dct:subject>religion</dct:subject><dct:subject>politics, internal</dct:subject><dct:subject>economy</dct:subject><dct:subject>discrimination</dct:subject><dct:subject>education</dct:subject><dct:subject>childrearing</dct:subject><dct:subject>welfare</dct:subject><dct:subject>sexuality</dct:subject><dct:subject>employment</dct:subject><dct:subject>family life</dct:subject><dct:subject>finance</dct:subject><dct:subject>crime</dct:subject><dct:subject>environment</dct:subject><dct:subject>health</dct:subject>
       
       <dct:spatial>Netherlands</dct:spatial>
       <dct:temporal>1987</dct:temporal>
       <ddm:datesOfCollection>1987-09-01/1987-12-31</ddm:datesOfCollection>
       
       <dct:license xsi:type="dct:URI">http://creativecommons.org/licenses/by/4.0</dct:license>
       <ddm:language code="dut" encodingScheme="ISO639-2">nld</ddm:language>
       <dct:created>1987</dct:created>
     <ddm:inCollection subjectScheme="DANS Collection" valueURI="https://vocabularies.dans.knaw.nl/collections/ssh/7f899692-90b4-49d0-8a5f-891e73ae84c1" schemeURI="https://vocabularies.dans.knaw.nl/collections">Culturele Veranderingen in Nederland (CV) en SCP Leefsituatie Index (SLI)</ddm:inCollection><ddm:description descriptionType="SeriesInformation">
    Het Sociaal en Cultureel Planbureau (SCP) voert sinds 1975 (twee)jaarlijks het onderzoek Culturele Veranderingen in Nederland uit. De reeks bestaat inmiddels uit 30 onderzoeken en bevat zo’n 3500 variabelen en gegevens over meer dan 50.000 respondenten.

De onderzoeken Culturele Veranderingen in Nederland (CV) en SCP Leefsituatie Index (SLI) worden sinds 2004 tweejaarlijks gecombineerd uitgevoerd in samenwerking door het Sociaal Cultureel Planbureau (SCP) en het Centraal Bureau voor de Statistiek (CBS).

Doel van CV is vaststellen welke opvattingen “de Nederlander” heeft over samenleving en cultuur en hoe deze in de loop van de tijd zijn veranderd. Doel van SLI is het ontwikkelen van een indicator om de sociale leefsituatie van Nederland in kaart te brengen en het monitoren van de ontwikkeling van de sociale leefsituatie van de Nederlandse bevolking.

De onderzoeken liggen aan de basis van veel onderzoek uit het werkprogramma van het SCP. Door het CBS zullen de data vooral worden gebruikt ten behoeve van het speerpunt Sociale Samenhang.
  </ddm:description></ddm:dcmiMetadata>
   </ddm:DDM>