<?xml version='1.0' encoding='UTF-8'?>
<emd:easymetadata emd:version="0.1" xmlns:emd="http://easy.dans.knaw.nl/easy/easymetadata/" xmlns:eas="http://easy.dans.knaw.nl/easy/easymetadata/eas/" xmlns:dct="http://purl.org/dc/terms/" xmlns:dc="http://purl.org/dc/elements/1.1/" xmlns:xsi="http://www.w3.org/2001/XMLSchema-instance" xmlns:foxml="info:fedora/fedora-system:def/foxml#">
  <emd:title>
    <dc:title>Culturele Veranderingen in Nederland 1987 - CV'87</dc:title>
    <dc:title>Cultural changes in the Netherlands 1987 - CV'87</dc:title>
  </emd:title>
  <emd:creator>
    <dc:creator>Becker, J.W., Nauta, A.N., Sociaal en Cultureel Planbureau, SCP * Den Haag (primary investigator)</dc:creator>
    <eas:creator>
      <eas:initials>J.W.</eas:initials>
      <eas:surname>Becker</eas:surname>
      <eas:organization>Sociaal en Cultureel Planbureau, SCP * Den Haag</eas:organization>
      <eas:entityId eas:scheme="DAI">068409176</eas:entityId>
    </eas:creator>
    <eas:creator>
      <eas:initials>A.N.</eas:initials>
      <eas:surname>Nauta</eas:surname>
      <eas:organization>Sociaal en Cultureel Planbureau, SCP * Den Haag (primary investigator)</eas:organization>
      <eas:entityId eas:scheme="DAI"/>
    </eas:creator>
  </emd:creator>
  <emd:subject>
    <dc:subject>sociology</dc:subject>
    <dc:subject>work</dc:subject>
    <dc:subject>massmedia</dc:subject>
    <dc:subject>religion</dc:subject>
    <dc:subject>politics, internal</dc:subject>
    <dc:subject>economy</dc:subject>
    <dc:subject>discrimination</dc:subject>
    <dc:subject>education</dc:subject>
    <dc:subject>childrearing</dc:subject>
    <dc:subject>welfare</dc:subject>
    <dc:subject>sexuality</dc:subject>
    <dc:subject>employment</dc:subject>
    <dc:subject>family life</dc:subject>
    <dc:subject>finance</dc:subject>
    <dc:subject>crime</dc:subject>
    <dc:subject>environment</dc:subject>
    <dc:subject>health</dc:subject>
  </emd:subject>
  <emd:description>
    <dc:description>Trend study on changes in general opinions and attitudes of ( parts of ) the Dutch population.

Work, income versus leisure / job satisfaction, pressure of work / satisfaction with life, prosperity / social contacts / mass-media, exposure to news and politics / prosperity, materialism / attitude towards consumer credit / expected developments in society / conservatism / need for higher tax-rates, higher public spendings / personal feelings, worries about life, health, politics, housing, family income / expected and desired development of personal incomes and social benefits / abuse of social securities / image of the unemployed and recipients of disablement insurance benefits, moonlighting / level of benefits, inequality of incomes / employee participation / fundamental rights of citizens / structure and aims of school system / freedom of speech, strike, demonstration etc. / religious dogmatism, conservatism, permissiveness / religion and politics, social life, organizations / perception of crime, alternative punishment / student participation / political left, right items, political efficacy, political interest, trust in politics / concern with environment, who is responsible / energy problem/ nuclear power / confidence in future of society / permissiveness towards various ways of social protest and counteractions from authorities / social contrasts / expected changes in society next 15 years / influence of unions and employers on national policy / doing domestic work, problems with it / perception of marriage: working women with young children, divorce, adoption, fidelity, education, standards and values / judgement of various forms of cohabitation / most appreciated qualities of men and women / image of the elderly / knowledge of aids, expected development, measures to stop aids / euthanasia / advices to friends with domestic problems / rights of homosexuals / equal rights for different social groups to housing, job, career / discrimination of ethnic groups / ( dis- )advantages of being unemployed / public versus individual spendings, responsibilities for education, social services, public transport, museums, health services / attitude towards ex-psychiatric patients / written questionnaire: most important personal qualities for success in life / relation between performance and payment, necessity of income differences, desired re-allocation of incomes, evaluation of tax rates / knowledge of actual incomes of different occupational groups / desired income levels for these groups / incompatible interests between different social groups / occupational career, comparison to father's career. Background variables: basic characteristics/ residence/ household characteristics/ occupation/employment/ income/capital assets/ education/ social class/ politics/ religion/ readership, mass media, and 'cultural' exposure/ organizational membership.  

The data- and documentation files of this dataset can be downloaded via the option Data Files.</dc:description>
  </emd:description>
  <emd:contributor>
    <eas:contributor>
      <eas:organization>Sociaal en cultureel planbureau, SCP * Den Haag (research initiator)</eas:organization>
      <eas:entityId eas:scheme="DAI"/>
    </eas:contributor>
    <eas:contributor>
      <eas:organization>Nederlands Instituut voor Publieke Opinie en marktonderzoek, NIPO * Amsterdam, the Netherlands (data collector)</eas:organization>
      <eas:entityId eas:scheme="DAI"/>
    </eas:contributor>
  </emd:contributor>
  <emd:date>
    <dct:created>1987-09-01 to 1987-12-31</dct:created>
    <eas:created eas:scheme="W3CDTF" eas:format="YEAR">1987-01-01T00:00:00.000+01:00</eas:created>
    <eas:available eas:scheme="W3CDTF" eas:format="DAY">2009-10-04T00:00:00.000+02:00</eas:available>
  </emd:date>
  <emd:format/>
  <emd:identifier>
    <dc:identifier eas:scheme="AIP_ID">twips.dans.knaw.nl-2519670642645086684-1173099382531</dc:identifier>
    <dc:identifier eas:scheme="PID" eas:identification-system="http://www.persistent-identifier.nl">urn:nbn:nl:ui:13-w6j-cf7</dc:identifier>
    <dc:identifier eas:scheme="DOI" eas:identification-system="http://dx.doi.org">10.17026/dans-xjh-9b4e</dc:identifier>
    <dc:identifier>STAR: P0947</dc:identifier>
    <dc:identifier eas:scheme="DMO_ID">easy-dataset:32242</dc:identifier>
  </emd:identifier>
  <emd:source/>
  <emd:language>
    <dc:language eas:schemeId="common.dc.language" eas:scheme="ISO 639">dut/nld</dc:language>
  </emd:language>
  <emd:relation>
    <eas:relation>
      <eas:subject-title>DANS EASY Online analysis tool</eas:subject-title>
      <eas:subject-link>http://194.171.144.69/webview/?v=2&amp;mode=documentation&amp;submode=abstract&amp;study=http%3A%2F%2Fnesstar01.dans.knaw.nl%3A80%2Fobj%2FfStudy%2FP0947&amp;top=yes</eas:subject-link>
    </eas:relation>
    <eas:relation>
      <eas:subject-title>Gesthuizen, Maurice; Peer Scheepers; Mieke Verloo; Support for the discrimination of women on the labour market in the Netherlands: : Individual and contextual characteristics; 2002; The Netherlands' Journal Of Social Sciences; 38; 1; pages p.48-64</eas:subject-title>
    </eas:relation>
    <eas:relation>
      <eas:subject-title>Scheepers, Peer; Jacques Janssen; Informele aspecten van sociaal kapitaal. Ontwikkelingen in Nederland 1970-1998; 2001; Mens en Maatschappij; 76; 3; pages p. 183-201</eas:subject-title>
    </eas:relation>
    <eas:relation>
      <eas:subject-title>Nas, M; Dekker, P.; Hemmers, C.; Maatschappelijke organisaties, publieke opinie en milieu; 1997; Den Haag; VUGA; 90 5250 927 1; pages 160</eas:subject-title>
    </eas:relation>
    <eas:relation>
      <eas:subject-title>Sociaal en Cultureel Planbureau; Sociale en culturele verkenningen 1997; 1997; Den Haag; VUGA; 90 5749 103 6; pages 168</eas:subject-title>
    </eas:relation>
    <eas:relation>
      <eas:subject-title>Gijsberts, M.; Culturele Veranderingen : Het wegen waard; 1993; Rijswijk; Sociaal en Cultureel Planbureau, SCP; pages 100 pp.</eas:subject-title>
    </eas:relation>
    <eas:relation>
      <eas:subject-title>Knulst, W.P.; Van vaudeville tot video; 1989; Rijswijk; SCP</eas:subject-title>
    </eas:relation>
    <eas:relation>
      <eas:subject-title>Sociaal en Cultureel Planbureau; Sociale en Culturele Verkenningen 1993; 1993; Rijswijk; Sociaal en Cultureel Planbureau; 90 5250 339 7; pages 147 pp.</eas:subject-title>
    </eas:relation>
    <eas:relation>
      <eas:subject-title>Bootsma, H.G.; The influence of a work oriented lifestyle on residential locationchoice of couples; 1994; Amsterdam; Postdoctorale Onderzoeksopleiding Demografie ( PDOD ); pages 16 pp.</eas:subject-title>
    </eas:relation>
    <eas:relation>
      <eas:subject-title>Bootsma, H.G.; Influence of a work-oriented life style on residential locationchoice of couples; Delft; Delft University Press; Netherlands Journal of Housing and the Built Environment; 0920-1580; 10; 1</eas:subject-title>
    </eas:relation>
    <eas:relation>
      <eas:subject-title>Bogt, T.F.M. ter\; Praag, C.S. van\; Krabbe, P.F.M.; Jongeren op de drempel van de jaren negentig; 1992; Rijswijk; SCP; ISBN 90 5250 313 3</eas:subject-title>
    </eas:relation>
    <eas:relation>
      <eas:subject-title>Dekker, P.\; Ester, P.; Wederzijdse beeldvorming van ouderen en jongeren; Tijdschrift voor Gerontologie en Geriatrie; 20; 6</eas:subject-title>
    </eas:relation>
    <eas:relation>
      <eas:subject-title>Dekker, P.; Publieke acceptatie van AIDS patiënten; Sociologische Gids; 34; 1</eas:subject-title>
    </eas:relation>
    <eas:relation>
      <eas:subject-title>Groot, H. de\; Pommer, E.; Individuele voorkeuren voor collectieve voorzieningen; 1987; Rijswijk; Sociaal en Cultureel Planbureau, SCP; 90 346 1120 5; pages 95 pp.</eas:subject-title>
    </eas:relation>
    <eas:relation>
      <eas:subject-title>Sociaal en Cultureel Planbureau - SCP; Sociale en Culturele Verkenningen 1987; 1986; Rijswijk; Sociaal en Cultureel Planbureau, SCP; 90 346 0931 6; pages 61 pp.</eas:subject-title>
    </eas:relation>
    <eas:relation>
      <eas:subject-title>Dekker, P.; Ester, P.; Social and political attitudes in Dutch society; 1993; Rijswijk\; Den Haag; Sociaal en Cultureel Planbureau, SCP\; VUGA; 90-5250-337-0; pages 245 pp.</eas:subject-title>
    </eas:relation>
    <eas:relation>
      <eas:subject-title>Sociaal en Cultureel Planbureau, SCP; Sociaal en cultureel rapport 1994; 1994; Rijswijk\; Den Haag; Sociaal en Cultureel Planbureau, SCP\; VUGA; 90-5250-617-5; 0922-8772; pages 644 pp.</eas:subject-title>
    </eas:relation>
    <eas:relation>
      <eas:subject-title>Sociaal en Cultureel Planbureau; Sociaal en cultureel rapport 1996; September 1996; Den Haag; VUGA; 90 5250 920 4; pages 609 pp.</eas:subject-title>
    </eas:relation>
    <eas:relation>
      <eas:subject-title>Grotenhuis, M. te; Ontkerkelijking : Oorzaken en gevolgen van sociaal-culturele ontwikkelingenin Nederland; 1999; Nijmegen; Katholieke Universiteit Nijmegen\; Vakgroep Sociologie; 90 373 0472 9; pages 177</eas:subject-title>
    </eas:relation>
    <eas:relation>
      <eas:subject-title>Sociaal en Cultureel Planbureau; Sociale en culturele verkenningen 1998 Cahier; 1998; Den Haag; VUGA; 90 5749 113 3; pages 190</eas:subject-title>
    </eas:relation>
    <eas:relation>
      <eas:subject-title>Portegijs, Wil; Annemarie Boelens; Saskia Keuzekamp; Emancipatiemonitor 2002; Den Haag, Voorburg; SCP, CBS; 90-377-0110-8; SCP-publikatie 2002/13; 1569-4674</eas:subject-title>
    </eas:relation>
    <eas:relation eas:emphasis="true">
      <eas:subject-title>Thematische collectie: Culturele Veranderingen in Nederland (CV) en SCP Leefsituatie Index (SLI)</eas:subject-title>
      <eas:subject-link>http://dx.doi.org/10.17026/dans-zpa-9uwp</eas:subject-link>
    </eas:relation>
  </emd:relation>
  <emd:coverage>
    <dct:spatial>Netherlands</dct:spatial>
    <dct:temporal>1987</dct:temporal>
  </emd:coverage>
  <emd:rights>
    <dct:accessRights eas:schemeId="common.dcterms.accessrights">OPEN_ACCESS</dct:accessRights>
    <dct:license eas:scheme="EASY version 1">accept</dct:license>
    <dct:license>http://creativecommons.org/licenses/by/4.0</dct:license>
    <dct:rightsHolder>Sociaal en Cultureel Planbureau (SCP)</dct:rightsHolder>
  </emd:rights>
  <emd:audience>
    <dct:audience eas:schemeId="custom.disciplines">easy-discipline:42</dct:audience>
    <dct:audience eas:schemeId="custom.disciplines">easy-discipline:51</dct:audience>
  </emd:audience>
  <emd:other>
    <eas:application-specific>
      <eas:metadataformat>SOCIOLOGY</eas:metadataformat>
    </eas:application-specific>
    <eas:etc>
      <property-list>
        <comment>Synchronization of EasyII</comment>
        <entry key="conversion.date">2011-05-19T16:19:18.128Z</entry>
        <entry key="previous.collection-id">twips.dans.knaw.nl-2519670642645086684-1173099382531</entry>
        <entry key="nl.knaw.dans.easy.tools.task.am.dataset.AudienceCorrectorTask">2011-07-20T18:57:50.641+02:00</entry>
      </property-list>
    </eas:etc>
  </emd:other>
</emd:easymetadata>