<?xml version='1.0' encoding='UTF-8'?>
<files xsi:schemaLocation="http://easy.dans.knaw.nl/schemas/bag/metadata/files/ http://easy.dans.knaw.nl/schemas/bag/metadata/files/files.xsd" xmlns:xsi="http://www.w3.org/2001/XMLSchema-instance" xmlns="http://easy.dans.knaw.nl/schemas/bag/metadata/files/" xmlns:afm="http://easy.dans.knaw.nl/schemas/bag/metadata/afm/" xmlns:dct="http://purl.org/dc/terms/">
    <file filepath="data/dat/p0947ms.frq">
        <!--original/dat/p0947ms.frq-->
        <dct:identifier>easy-file:1375053</dct:identifier>
        <dct:title>p0947ms.frq</dct:title>
        <dct:format>application/octet-stream</dct:format>
        <dct:extent>0.6MB</dct:extent>
        
        <accessibleToRights>ANONYMOUS</accessibleToRights>
        <visibleToRights>ANONYMOUS</visibleToRights>
        
        
      </file><file filepath="data/dat/p0947m.frq">
        <!--original/dat/p0947m.frq-->
        <dct:identifier>easy-file:1375050</dct:identifier>
        <dct:title>p0947m.frq</dct:title>
        <dct:format>application/octet-stream</dct:format>
        <dct:extent>0.5MB</dct:extent>
        
        <accessibleToRights>ANONYMOUS</accessibleToRights>
        <visibleToRights>ANONYMOUS</visibleToRights>
        
        
      </file><file filepath="data/dat/p0947s.dic">
        <!--original/dat/p0947s.dic-->
        <dct:identifier>easy-file:1375049</dct:identifier>
        <dct:title>p0947s.dic</dct:title>
        <dct:format>application/octet-stream</dct:format>
        <dct:extent>0.0MB</dct:extent>
        
        <accessibleToRights>ANONYMOUS</accessibleToRights>
        <visibleToRights>ANONYMOUS</visibleToRights>
        
        
      </file><file filepath="data/dat/p0947ms.lab">
        <!--original/dat/p0947ms.lab-->
        <dct:identifier>easy-file:1375047</dct:identifier>
        <dct:title>p0947ms.lab</dct:title>
        <dct:format>application/octet-stream</dct:format>
        <dct:extent>0.0MB</dct:extent>
        
        <accessibleToRights>ANONYMOUS</accessibleToRights>
        <visibleToRights>ANONYMOUS</visibleToRights>
        
        
      </file><file filepath="data/dat/p0947ms.dic">
        <!--original/dat/p0947ms.dic-->
        <dct:identifier>easy-file:1375058</dct:identifier>
        <dct:title>p0947ms.dic</dct:title>
        <dct:format>application/octet-stream</dct:format>
        <dct:extent>0.2MB</dct:extent>
        
        <accessibleToRights>ANONYMOUS</accessibleToRights>
        <visibleToRights>ANONYMOUS</visibleToRights>
        
        
      </file><file filepath="data/dat/p0947m.lab">
        <!--original/dat/p0947m.lab-->
        <dct:identifier>easy-file:1375054</dct:identifier>
        <dct:title>p0947m.lab</dct:title>
        <dct:format>application/octet-stream</dct:format>
        <dct:extent>0.0MB</dct:extent>
        
        <accessibleToRights>ANONYMOUS</accessibleToRights>
        <visibleToRights>ANONYMOUS</visibleToRights>
        
        
      </file><file filepath="data/dat/p0947m.por">
        <!--original/dat/p0947m.por-->
        <dct:identifier>easy-file:1375046</dct:identifier>
        <dct:title>p0947m.por</dct:title>
        <dct:format>application/octet-stream</dct:format>
        <dct:extent>2.3MB</dct:extent>
        
        <accessibleToRights>ANONYMOUS</accessibleToRights>
        <visibleToRights>ANONYMOUS</visibleToRights>
        
        
      </file><file filepath="data/dat/p0947ms.por">
        <!--original/dat/p0947ms.por-->
        <dct:identifier>easy-file:1375060</dct:identifier>
        <dct:title>p0947ms.por</dct:title>
        <dct:format>application/octet-stream</dct:format>
        <dct:extent>2.7MB</dct:extent>
        
        <accessibleToRights>ANONYMOUS</accessibleToRights>
        <visibleToRights>ANONYMOUS</visibleToRights>
        
        
      </file><file filepath="data/dat/p0947m.dic">
        <!--original/dat/p0947m.dic-->
        <dct:identifier>easy-file:1375052</dct:identifier>
        <dct:title>p0947m.dic</dct:title>
        <dct:format>application/octet-stream</dct:format>
        <dct:extent>0.2MB</dct:extent>
        
        <accessibleToRights>ANONYMOUS</accessibleToRights>
        <visibleToRights>ANONYMOUS</visibleToRights>
        
        
      </file><file filepath="data/dat/p0947s.doc">
        <!--original/dat/p0947s.doc-->
        <dct:identifier>easy-file:1375045</dct:identifier>
        <dct:title>p0947s.doc</dct:title>
        <dct:format>application/octet-stream</dct:format>
        <dct:extent>0.0MB</dct:extent>
        
        <accessibleToRights>ANONYMOUS</accessibleToRights>
        <visibleToRights>ANONYMOUS</visibleToRights>
        
        
      </file><file filepath="data/additional-metadata-P0947.xml">
        <!--original/additional-metadata-P0947.xml-->
        <dct:identifier>easy-file:3933980</dct:identifier>
        <dct:title>additional-metadata-P0947.xml</dct:title>
        <dct:format>text/xml</dct:format>
        <dct:extent>0.0MB</dct:extent>
        
        <accessibleToRights>ANONYMOUS</accessibleToRights>
        <visibleToRights>ANONYMOUS</visibleToRights>
        
        
      </file><file filepath="data/dat/p0947ms.doc">
        <!--original/dat/p0947ms.doc-->
        <dct:identifier>easy-file:1375057</dct:identifier>
        <dct:title>p0947ms.doc</dct:title>
        <dct:format>application/octet-stream</dct:format>
        <dct:extent>0.0MB</dct:extent>
        
        <accessibleToRights>ANONYMOUS</accessibleToRights>
        <visibleToRights>ANONYMOUS</visibleToRights>
        
        
      </file><file filepath="data/dat/p0947.ovz">
        <!--original/dat/p0947.ovz-->
        <dct:identifier>easy-file:1375048</dct:identifier>
        <dct:title>p0947.ovz</dct:title>
        <dct:format>text/plain</dct:format>
        <dct:extent>0.0MB</dct:extent>
        
        <accessibleToRights>ANONYMOUS</accessibleToRights>
        <visibleToRights>ANONYMOUS</visibleToRights>
        
        
      </file><file filepath="data/dat/p0947s.por">
        <!--original/dat/p0947s.por-->
        <dct:identifier>easy-file:1375059</dct:identifier>
        <dct:title>p0947s.por</dct:title>
        <dct:format>application/octet-stream</dct:format>
        <dct:extent>0.4MB</dct:extent>
        
        <accessibleToRights>ANONYMOUS</accessibleToRights>
        <visibleToRights>ANONYMOUS</visibleToRights>
        
        
      </file><file filepath="data/dat/p0947.pdf">
        <!--original/dat/p0947.pdf-->
        <dct:identifier>easy-file:1375051</dct:identifier>
        <dct:title>p0947.pdf</dct:title>
        <dct:format>application/pdf</dct:format>
        <dct:extent>2.8MB</dct:extent>
        
        <accessibleToRights>ANONYMOUS</accessibleToRights>
        <visibleToRights>ANONYMOUS</visibleToRights>
        
        
      </file><file filepath="data/dat/p0947s.lab">
        <!--original/dat/p0947s.lab-->
        <dct:identifier>easy-file:1375056</dct:identifier>
        <dct:title>p0947s.lab</dct:title>
        <dct:format>application/octet-stream</dct:format>
        <dct:extent>0.0MB</dct:extent>
        
        <accessibleToRights>ANONYMOUS</accessibleToRights>
        <visibleToRights>ANONYMOUS</visibleToRights>
        
        
      </file><file filepath="data/dat/p0947s.frq">
        <!--original/dat/p0947s.frq-->
        <dct:identifier>easy-file:1375055</dct:identifier>
        <dct:title>p0947s.frq</dct:title>
        <dct:format>application/octet-stream</dct:format>
        <dct:extent>0.1MB</dct:extent>
        
        <accessibleToRights>ANONYMOUS</accessibleToRights>
        <visibleToRights>ANONYMOUS</visibleToRights>
        
        
      </file>
    </files>