<?xml version="1.0" encoding="UTF-8"?>
<ddm:DDM xsi:schemaLocation="http://schemas.dans.knaw.nl/dataset/ddm-v2/ https://schemas.dans.knaw.nl/md/ddm/v2/ddm.xsd" xmlns:id-type="http://easy.dans.knaw.nl/schemas/vocab/identifier-type/" xmlns:ddm="http://schemas.dans.knaw.nl/dataset/ddm-v2/" xmlns:abr="http://www.den.nl/standaard/166/Archeologisch-Basisregister/" xmlns:gml="http://www.opengis.net/gml" xmlns:dcx-gml="http://easy.dans.knaw.nl/schemas/dcx/gml/" xmlns:dcx-dai="http://easy.dans.knaw.nl/schemas/dcx/dai/" xmlns:dct="http://purl.org/dc/terms/" xmlns:xsi="http://www.w3.org/2001/XMLSchema-instance" xmlns:dc="http://purl.org/dc/elements/1.1/">
     <ddm:profile>
        
       <dc:title>Culturele Veranderingen in Nederland 1995 - CV'95</dc:title>
       <dct:description>Trend study on changes in general opinions and attitudes  of the Dutch population. The international part of  the survey has the environment and national versus international orientation as topical focus.

Oral interview: unpaid voluntary job, unpaid social support to others /  willingness to work shorter hours ( in exchange for cut in payment ) / job satisfaction / satisfaction with life / prosperity, private and  national, future expectations / most important national socio-economic  issues / role of government in: socio-economic equality, public services,  education, housing, environment / level of government spending / taxation / personal life: worries, satisfaction with housing, work, health, marriage / satisfaction with income, future expectations / social benefits: expected  future levels, satisfaction in general and with specific benefits: AOW,  ABW, WW, AWW, WAO, AAW, ZW/ estimated abuse in general and for specific  benefits / policy alternatives social security system: minimalization  ( mini-stelsel ) , basic income ( basisinkomen ) , forced public service  for the unemployed / preferred relationship between levels of: social  benefits, wages, cost of living, minimum wage ( koppeling ) / differences  in income and property / worker's say / basic rights / civil rights, freedom	of expression, strike, social action / education: equality of chances, educational policy / elderly: pensions, financial and social position,	work, characteristics compared with youth, discrimination / generation	gap: differences in opinion between generations, their values and beliefs,  tolerance towards other generations / religion: religiousness, involvement  in church activities / most important goal in life / family life: mode of  cohabitation, children, child care, working mothers, gender roles / having  children: acceptance of ( not ) having children in specific situations,  in vitro fertilization, gender selection of baby / euthanasia / freedom and  autonomy for children / extramarital permissiveness / crime, justice, safety: perceived increase in crime rate, punishment, use of drugs / social  participation / politics: exposure to political items on television and in  newspapers, reading about local politics, political preferences, activity and interest, sense of political efficacy, democratic attitude, political  goals, ( acceptance of ) political activism, opinion leadership /  environment, pollution: efficiency of measures, own behaviour and specific  activities, willingness to pay for cleaner environment, energy saving  measures, attitude towards environmental problems / ethnocentrism,  cultural and ethnic minorities, foreigners, racism, discrimination, immigration policy, acculturation / appreciation of big cities /  attitudes towards various topics: social inequality, abortion, role  of government, emancipation of women, income levels, immigration / rating of government policy in several fields, satisfaction with  government. Self administered questionnaire ( International part ): localism,  nationalism, international orientation /   national pride, patriotism / acculturation of minorities / perceived  relation immigrants and: crime rates, economic growth, unemployment,  cultural innovation / immigration level / political refugees / having  lived abroad / home language, mother tongue / other foreign languages	spoken / ethnic background / knowledge of and attitude towards European  Union / opinion on: easier naturalization for immigrants, stricter measures against illegal immigrants. Background variables: basic characteristics/ place of birth/ residence/ household characteristics/ occupation/employment/ income/capital assets/ education/ social class/ politics/ religion/ readership, mass media, and 'cultural' exposure/ organizational membership.

The data- and documentation files of this dataset can be downloaded via the option Data Files.</dct:description>
       
       
       <dcx-dai:creatorDetails><dcx-dai:author>
        
        <dcx-dai:initials>J.W.</dcx-dai:initials>
        
        <dcx-dai:surname>Becker</dcx-dai:surname>
        
        
        <dcx-dai:DAI>info:eu-repo/dai/nl/068409176</dcx-dai:DAI>
        
        <dcx-dai:organization>
        <dcx-dai:name>Sociaal en Cultureel Planbureau, SCP * Den Haag (primary investigator)</dcx-dai:name>
        
      </dcx-dai:organization>
      </dcx-dai:author> </dcx-dai:creatorDetails>
       <ddm:created>1996-01-19</ddm:created>
       <ddm:available>2009-10-04</ddm:available>
       <ddm:audience>D60000</ddm:audience><ddm:audience>D61000</ddm:audience>
       <ddm:accessRights>OPEN_ACCESS</ddm:accessRights>
     
        <ddm:personalData present="Unknown"/>
      </ddm:profile>
     <ddm:dcmiMetadata><dc:title>Cultural changes in the Netherlands 1995 - CV'95</dc:title>
       <dct:identifier xsi:type="id-type:EASY1">twips.dans.knaw.nl--5515214357821389614-1174310969725</dct:identifier><dct:identifier xsi:type="id-type:URN">urn:nbn:nl:ui:13-pay-o8j</dct:identifier><dct:identifier xsi:type="id-type:DOI">10.17026/dans-294-z7gu</dct:identifier><dct:identifier>STAR: P1291</dct:identifier><dct:identifier xsi:type="id-type:EASY2">easy-dataset:33163</dct:identifier>
       
       
       
       
       
       
       <ddm:relation href="http://nesstar.dans.knaw.nl">DANS EASY Online analysis tool</ddm:relation><ddm:relation>Portegijs, Wil; Annemarie Boelens; Saskia Keuzekamp; Emancipatiemonitor 2002; Den Haag, Voorburg; SCP, CBS; 90-377-0110-8; SCP-publikatie 2002/13; 1569-4674</ddm:relation><ddm:relation>Scheepers, Peer; Jacques Janssen; Informal aspects of social capital: developments in the Netherlands' Journal 1970-1998; 2003; The Netherlands'Journal of Social Sciences; 39; 2</ddm:relation><ddm:relation>Scheepers, Peer; Jacques Janssen; Informele aspecten van sociaal kapitaal. Ontwikkelingen in Nederland 1970-1998; 2001; Mens en Maatschappij; 76; 3; pages p. 183-201</ddm:relation><ddm:relation>Nas, M; Dekker, P.; Hemmers, C.; Maatschappelijke organisaties, publieke opinie en milieu; 1997; Den Haag; VUGA; 90 5250 927 1; pages 160</ddm:relation><ddm:relation>Sociaal en Cultureel Planbureau; Sociale en culturele verkenningen 1997; 1997; Den Haag; VUGA; 90 5749 103 6; pages 168</ddm:relation><ddm:relation>Sociaal en Cultureel Planbureau; Sociale en culturele verkenningen 1996; 1996; Den Haag; VUGA; 90 5250 918 2</ddm:relation><ddm:relation>Sociaal en Cultureel Planbureau; Sociaal en cultureel rapport 1996; September 1996; Den Haag; VUGA; 90 5250 920 4; pages 609</ddm:relation><ddm:relation>Grotenhuis, M. te; Ontkerkelijking : Oorzaken en gevolgen van sociaal-culturele ontwikkelingenin Nederland; 1999; Nijmegen; Katholieke Universiteit Nijmegen\; Vakgroep Sociologie; 90 373 0472 9; pages 177</ddm:relation><ddm:relation>Sociaal en Cultureel Planbureau; Sociale en culturele verkenningen 1998 Cahier; 1998; Den Haag; VUGA; 90 5749 113 3; pages 190</ddm:relation><ddm:relation>Becker, Jos; Het sociale draagvlak voor de quartaire sector, 1970-2000 :  http://www.scp.nl/boeken/werkdocumenten/doc91/nl/metainfo.htm; 2003; Den Haag; Sociaal en Cultureel Planbureau (SCP)</ddm:relation><ddm:relation href="http://dx.doi.org/10.17026/dans-zpa-9uwp">Thematische collectie: Culturele Veranderingen in Nederland (CV) en SCP Leefsituatie Index (SLI)</ddm:relation>
       
       <dcx-dai:contributorDetails><dcx-dai:author>
        
        <dcx-dai:initials>I.A.L.</dcx-dai:initials>
        
        <dcx-dai:surname>Stoop</dcx-dai:surname>
        
        
        
        
        <dcx-dai:organization>
        <dcx-dai:name>SCP (depositor)</dcx-dai:name>
        
      </dcx-dai:organization>
      </dcx-dai:author> </dcx-dai:contributorDetails><dcx-dai:contributorDetails><dcx-dai:organization>
        <dcx-dai:name>SCP * Den Haag (research initiator)</dcx-dai:name>
        
      </dcx-dai:organization> </dcx-dai:contributorDetails><dcx-dai:contributorDetails><dcx-dai:organization>
        <dcx-dai:name>NIPO * Amsterdam (data collector)</dcx-dai:name>
        
      </dcx-dai:organization> </dcx-dai:contributorDetails>
       <dct:rightsHolder>Sociaal en Cultureel Planbureau (SCP)</dct:rightsHolder>
       
       
       
       
       
       
       <dct:subject>elderly</dct:subject><dct:subject>environment</dct:subject><dct:subject>ethnic minorities</dct:subject><dct:subject>values and beliefs</dct:subject><dct:subject>politics</dct:subject><dct:subject>social welfare</dct:subject><dct:subject>job satisfaction</dct:subject><dct:subject>employment</dct:subject><dct:subject>family life</dct:subject><dct:subject>crime</dct:subject><dct:subject>job satisfaction</dct:subject><dct:subject>religion</dct:subject>
       
       <dct:spatial>Netherlands</dct:spatial><dct:spatial>Nederland</dct:spatial>
       <dct:temporal>1995</dct:temporal>
       <ddm:datesOfCollection>1995-10-26/1996-01-19</ddm:datesOfCollection>
       
       <dct:license xsi:type="dct:URI">http://creativecommons.org/licenses/by/4.0</dct:license>
       <ddm:language code="dut" encodingScheme="ISO639-2">nld</ddm:language>
       <dct:created>1995</dct:created>
     <ddm:inCollection subjectScheme="DANS Collection" valueURI="https://vocabularies.dans.knaw.nl/collections/ssh/7f899692-90b4-49d0-8a5f-891e73ae84c1" schemeURI="https://vocabularies.dans.knaw.nl/collections">Culturele Veranderingen in Nederland (CV) en SCP Leefsituatie Index (SLI)</ddm:inCollection><ddm:description descriptionType="SeriesInformation">
    Het Sociaal en Cultureel Planbureau (SCP) voert sinds 1975 (twee)jaarlijks het onderzoek Culturele Veranderingen in Nederland uit. De reeks bestaat inmiddels uit 30 onderzoeken en bevat zo’n 3500 variabelen en gegevens over meer dan 50.000 respondenten.

De onderzoeken Culturele Veranderingen in Nederland (CV) en SCP Leefsituatie Index (SLI) worden sinds 2004 tweejaarlijks gecombineerd uitgevoerd in samenwerking door het Sociaal Cultureel Planbureau (SCP) en het Centraal Bureau voor de Statistiek (CBS).

Doel van CV is vaststellen welke opvattingen “de Nederlander” heeft over samenleving en cultuur en hoe deze in de loop van de tijd zijn veranderd. Doel van SLI is het ontwikkelen van een indicator om de sociale leefsituatie van Nederland in kaart te brengen en het monitoren van de ontwikkeling van de sociale leefsituatie van de Nederlandse bevolking.

De onderzoeken liggen aan de basis van veel onderzoek uit het werkprogramma van het SCP. Door het CBS zullen de data vooral worden gebruikt ten behoeve van het speerpunt Sociale Samenhang.
  </ddm:description></ddm:dcmiMetadata>
   </ddm:DDM>