<?xml version='1.0' encoding='UTF-8'?>
<emd:easymetadata emd:version="0.1" xmlns:emd="http://easy.dans.knaw.nl/easy/easymetadata/" xmlns:eas="http://easy.dans.knaw.nl/easy/easymetadata/eas/" xmlns:dct="http://purl.org/dc/terms/" xmlns:dc="http://purl.org/dc/elements/1.1/" xmlns:xsi="http://www.w3.org/2001/XMLSchema-instance" xmlns:foxml="info:fedora/fedora-system:def/foxml#">
  <emd:title>
    <dc:title>Culturele Veranderingen in Nederland 1995 - CV'95</dc:title>
    <dc:title>Cultural changes in the Netherlands 1995 - CV'95</dc:title>
  </emd:title>
  <emd:creator>
    <eas:creator>
      <eas:initials>J.W.</eas:initials>
      <eas:surname>Becker</eas:surname>
      <eas:organization>Sociaal en Cultureel Planbureau, SCP * Den Haag (primary investigator)</eas:organization>
      <eas:entityId eas:scheme="DAI">068409176</eas:entityId>
    </eas:creator>
  </emd:creator>
  <emd:subject>
    <dc:subject>elderly</dc:subject>
    <dc:subject>environment</dc:subject>
    <dc:subject>ethnic minorities</dc:subject>
    <dc:subject>values and beliefs</dc:subject>
    <dc:subject>politics</dc:subject>
    <dc:subject>social welfare</dc:subject>
    <dc:subject>job satisfaction</dc:subject>
    <dc:subject>employment</dc:subject>
    <dc:subject>family life</dc:subject>
    <dc:subject>crime</dc:subject>
    <dc:subject>job satisfaction</dc:subject>
    <dc:subject>religion</dc:subject>
  </emd:subject>
  <emd:description>
    <dc:description>Trend study on changes in general opinions and attitudes  of the Dutch population. The international part of  the survey has the environment and national versus international orientation as topical focus.

Oral interview: unpaid voluntary job, unpaid social support to others /  willingness to work shorter hours ( in exchange for cut in payment ) / job satisfaction / satisfaction with life / prosperity, private and  national, future expectations / most important national socio-economic  issues / role of government in: socio-economic equality, public services,  education, housing, environment / level of government spending / taxation / personal life: worries, satisfaction with housing, work, health, marriage / satisfaction with income, future expectations / social benefits: expected  future levels, satisfaction in general and with specific benefits: AOW,  ABW, WW, AWW, WAO, AAW, ZW/ estimated abuse in general and for specific  benefits / policy alternatives social security system: minimalization  ( mini-stelsel ) , basic income ( basisinkomen ) , forced public service  for the unemployed / preferred relationship between levels of: social  benefits, wages, cost of living, minimum wage ( koppeling ) / differences  in income and property / worker's say / basic rights / civil rights, freedom	of expression, strike, social action / education: equality of chances, educational policy / elderly: pensions, financial and social position,	work, characteristics compared with youth, discrimination / generation	gap: differences in opinion between generations, their values and beliefs,  tolerance towards other generations / religion: religiousness, involvement  in church activities / most important goal in life / family life: mode of  cohabitation, children, child care, working mothers, gender roles / having  children: acceptance of ( not ) having children in specific situations,  in vitro fertilization, gender selection of baby / euthanasia / freedom and  autonomy for children / extramarital permissiveness / crime, justice, safety: perceived increase in crime rate, punishment, use of drugs / social  participation / politics: exposure to political items on television and in  newspapers, reading about local politics, political preferences, activity and interest, sense of political efficacy, democratic attitude, political  goals, ( acceptance of ) political activism, opinion leadership /  environment, pollution: efficiency of measures, own behaviour and specific  activities, willingness to pay for cleaner environment, energy saving  measures, attitude towards environmental problems / ethnocentrism,  cultural and ethnic minorities, foreigners, racism, discrimination, immigration policy, acculturation / appreciation of big cities /  attitudes towards various topics: social inequality, abortion, role  of government, emancipation of women, income levels, immigration / rating of government policy in several fields, satisfaction with  government. Self administered questionnaire ( International part ): localism,  nationalism, international orientation /   national pride, patriotism / acculturation of minorities / perceived  relation immigrants and: crime rates, economic growth, unemployment,  cultural innovation / immigration level / political refugees / having  lived abroad / home language, mother tongue / other foreign languages	spoken / ethnic background / knowledge of and attitude towards European  Union / opinion on: easier naturalization for immigrants, stricter measures against illegal immigrants. Background variables: basic characteristics/ place of birth/ residence/ household characteristics/ occupation/employment/ income/capital assets/ education/ social class/ politics/ religion/ readership, mass media, and 'cultural' exposure/ organizational membership.

The data- and documentation files of this dataset can be downloaded via the option Data Files.</dc:description>
  </emd:description>
  <emd:contributor>
    <eas:contributor>
      <eas:initials>I.A.L.</eas:initials>
      <eas:surname>Stoop</eas:surname>
      <eas:organization>SCP (depositor)</eas:organization>
      <eas:entityId eas:scheme="DAI"/>
    </eas:contributor>
    <eas:contributor>
      <eas:organization>SCP * Den Haag (research initiator)</eas:organization>
      <eas:entityId eas:scheme="DAI"/>
    </eas:contributor>
    <eas:contributor>
      <eas:organization>NIPO * Amsterdam (data collector)</eas:organization>
      <eas:entityId eas:scheme="DAI"/>
    </eas:contributor>
  </emd:contributor>
  <emd:date>
    <dct:created>1995-10-26 to 1996-01-19</dct:created>
    <eas:created eas:scheme="W3CDTF" eas:format="YEAR">1995-01-01T00:00:00.000+01:00</eas:created>
    <eas:available eas:scheme="W3CDTF" eas:format="DAY">2009-10-04T00:00:00.000+02:00</eas:available>
  </emd:date>
  <emd:format/>
  <emd:identifier>
    <dc:identifier eas:scheme="AIP_ID">twips.dans.knaw.nl--5515214357821389614-1174310969725</dc:identifier>
    <dc:identifier eas:scheme="PID" eas:identification-system="http://www.persistent-identifier.nl">urn:nbn:nl:ui:13-pay-o8j</dc:identifier>
    <dc:identifier eas:scheme="DOI" eas:identification-system="http://dx.doi.org">10.17026/dans-294-z7gu</dc:identifier>
    <dc:identifier>STAR: P1291</dc:identifier>
    <dc:identifier eas:scheme="DMO_ID">easy-dataset:33163</dc:identifier>
  </emd:identifier>
  <emd:source/>
  <emd:language>
    <dc:language eas:schemeId="common.dc.language" eas:scheme="ISO 639">dut/nld</dc:language>
  </emd:language>
  <emd:relation>
    <eas:relation eas:emphasis="true">
      <eas:subject-title>DANS EASY Online analysis tool</eas:subject-title>
      <eas:subject-link>http://nesstar.dans.knaw.nl</eas:subject-link>
    </eas:relation>
    <eas:relation>
      <eas:subject-title>Portegijs, Wil; Annemarie Boelens; Saskia Keuzekamp; Emancipatiemonitor 2002; Den Haag, Voorburg; SCP, CBS; 90-377-0110-8; SCP-publikatie 2002/13; 1569-4674</eas:subject-title>
    </eas:relation>
    <eas:relation>
      <eas:subject-title>Scheepers, Peer; Jacques Janssen; Informal aspects of social capital: developments in the Netherlands' Journal 1970-1998; 2003; The Netherlands'Journal of Social Sciences; 39; 2</eas:subject-title>
    </eas:relation>
    <eas:relation>
      <eas:subject-title>Scheepers, Peer; Jacques Janssen; Informele aspecten van sociaal kapitaal. Ontwikkelingen in Nederland 1970-1998; 2001; Mens en Maatschappij; 76; 3; pages p. 183-201</eas:subject-title>
    </eas:relation>
    <eas:relation>
      <eas:subject-title>Nas, M; Dekker, P.; Hemmers, C.; Maatschappelijke organisaties, publieke opinie en milieu; 1997; Den Haag; VUGA; 90 5250 927 1; pages 160</eas:subject-title>
    </eas:relation>
    <eas:relation>
      <eas:subject-title>Sociaal en Cultureel Planbureau; Sociale en culturele verkenningen 1997; 1997; Den Haag; VUGA; 90 5749 103 6; pages 168</eas:subject-title>
    </eas:relation>
    <eas:relation>
      <eas:subject-title>Sociaal en Cultureel Planbureau; Sociale en culturele verkenningen 1996; 1996; Den Haag; VUGA; 90 5250 918 2</eas:subject-title>
    </eas:relation>
    <eas:relation>
      <eas:subject-title>Sociaal en Cultureel Planbureau; Sociaal en cultureel rapport 1996; September 1996; Den Haag; VUGA; 90 5250 920 4; pages 609</eas:subject-title>
    </eas:relation>
    <eas:relation>
      <eas:subject-title>Grotenhuis, M. te; Ontkerkelijking : Oorzaken en gevolgen van sociaal-culturele ontwikkelingenin Nederland; 1999; Nijmegen; Katholieke Universiteit Nijmegen\; Vakgroep Sociologie; 90 373 0472 9; pages 177</eas:subject-title>
    </eas:relation>
    <eas:relation>
      <eas:subject-title>Sociaal en Cultureel Planbureau; Sociale en culturele verkenningen 1998 Cahier; 1998; Den Haag; VUGA; 90 5749 113 3; pages 190</eas:subject-title>
    </eas:relation>
    <eas:relation>
      <eas:subject-title>Becker, Jos; Het sociale draagvlak voor de quartaire sector, 1970-2000 :  http://www.scp.nl/boeken/werkdocumenten/doc91/nl/metainfo.htm; 2003; Den Haag; Sociaal en Cultureel Planbureau (SCP)</eas:subject-title>
    </eas:relation>
    <eas:relation eas:emphasis="true">
      <eas:subject-title>Thematische collectie: Culturele Veranderingen in Nederland (CV) en SCP Leefsituatie Index (SLI)</eas:subject-title>
      <eas:subject-link>http://dx.doi.org/10.17026/dans-zpa-9uwp</eas:subject-link>
    </eas:relation>
  </emd:relation>
  <emd:coverage>
    <dct:spatial>Netherlands</dct:spatial>
    <dct:spatial>Nederland</dct:spatial>
    <dct:temporal>1995</dct:temporal>
  </emd:coverage>
  <emd:rights>
    <dct:accessRights eas:schemeId="common.dcterms.accessrights">OPEN_ACCESS</dct:accessRights>
    <dct:license eas:scheme="EASY version 1">accept</dct:license>
    <dct:license>http://creativecommons.org/licenses/by/4.0</dct:license>
    <dct:rightsHolder>Sociaal en Cultureel Planbureau (SCP)</dct:rightsHolder>
  </emd:rights>
  <emd:audience>
    <dct:audience eas:schemeId="custom.disciplines">easy-discipline:42</dct:audience>
    <dct:audience eas:schemeId="custom.disciplines">easy-discipline:51</dct:audience>
  </emd:audience>
  <emd:other>
    <eas:application-specific>
      <eas:metadataformat>SOCIOLOGY</eas:metadataformat>
    </eas:application-specific>
    <eas:etc>
      <property-list>
        <comment>Synchronization of EasyII</comment>
        <entry key="conversion.date">2011-05-20T01:47:08.214Z</entry>
        <entry key="previous.collection-id">twips.dans.knaw.nl--5515214357821389614-1174310969725</entry>
        <entry key="nl.knaw.dans.easy.tools.task.am.dataset.AudienceCorrectorTask">2011-07-20T19:04:26.619+02:00</entry>
      </property-list>
    </eas:etc>
  </emd:other>
</emd:easymetadata>