<?xml version='1.0' encoding='UTF-8'?>
<files xsi:schemaLocation="http://easy.dans.knaw.nl/schemas/bag/metadata/files/ http://easy.dans.knaw.nl/schemas/bag/metadata/files/files.xsd" xmlns:xsi="http://www.w3.org/2001/XMLSchema-instance" xmlns="http://easy.dans.knaw.nl/schemas/bag/metadata/files/" xmlns:afm="http://easy.dans.knaw.nl/schemas/bag/metadata/afm/" xmlns:dct="http://purl.org/dc/terms/">
    <file filepath="data/dat/p1291.frq">
        <!--original/dat/p1291.frq-->
        <dct:identifier>easy-file:1465637</dct:identifier>
        <dct:title>p1291.frq</dct:title>
        <dct:format>text/plain</dct:format>
        <dct:extent>0.5MB</dct:extent>
        
        <accessibleToRights>ANONYMOUS</accessibleToRights>
        <visibleToRights>ANONYMOUS</visibleToRights>
        
        
      </file><file filepath="data/dat/p1291.lab">
        <!--original/dat/p1291.lab-->
        <dct:identifier>easy-file:1465642</dct:identifier>
        <dct:title>p1291.lab</dct:title>
        <dct:format>application/octet-stream</dct:format>
        <dct:extent>0.0MB</dct:extent>
        
        <accessibleToRights>ANONYMOUS</accessibleToRights>
        <visibleToRights>ANONYMOUS</visibleToRights>
        
        
      </file><file filepath="data/dat/p1291.por">
        <!--original/dat/p1291.por-->
        <dct:identifier>easy-file:1465638</dct:identifier>
        <dct:title>p1291.por</dct:title>
        <dct:format>application/octet-stream</dct:format>
        <dct:extent>2.4MB</dct:extent>
        
        <accessibleToRights>ANONYMOUS</accessibleToRights>
        <visibleToRights>ANONYMOUS</visibleToRights>
        
        
      </file><file filepath="data/dat/p1291.pdf">
        <!--original/dat/p1291.pdf-->
        <dct:identifier>easy-file:1465640</dct:identifier>
        <dct:title>p1291.pdf</dct:title>
        <dct:format>application/pdf</dct:format>
        <dct:extent>4.2MB</dct:extent>
        
        <accessibleToRights>ANONYMOUS</accessibleToRights>
        <visibleToRights>ANONYMOUS</visibleToRights>
        
        
      </file><file filepath="data/additional-metadata-P1291.xml">
        <!--original/additional-metadata-P1291.xml-->
        <dct:identifier>easy-file:3934517</dct:identifier>
        <dct:title>additional-metadata-P1291.xml</dct:title>
        <dct:format>text/xml</dct:format>
        <dct:extent>0.0MB</dct:extent>
        
        <accessibleToRights>ANONYMOUS</accessibleToRights>
        <visibleToRights>ANONYMOUS</visibleToRights>
        
        
      </file><file filepath="data/dat/p1291.dic">
        <!--original/dat/p1291.dic-->
        <dct:identifier>easy-file:1465641</dct:identifier>
        <dct:title>p1291.dic</dct:title>
        <dct:format>application/octet-stream</dct:format>
        <dct:extent>0.3MB</dct:extent>
        
        <accessibleToRights>ANONYMOUS</accessibleToRights>
        <visibleToRights>ANONYMOUS</visibleToRights>
        
        
      </file>
    </files>