<?xml version='1.0' encoding='UTF-8'?>
<files xsi:schemaLocation="http://easy.dans.knaw.nl/schemas/bag/metadata/files/ http://easy.dans.knaw.nl/schemas/bag/metadata/files/files.xsd" xmlns:xsi="http://www.w3.org/2001/XMLSchema-instance" xmlns="http://easy.dans.knaw.nl/schemas/bag/metadata/files/" xmlns:afm="http://easy.dans.knaw.nl/schemas/bag/metadata/afm/" xmlns:dct="http://purl.org/dc/terms/">
    <file filepath="data/Antwoordkaarten CultV2014[versie 1.0].pdf">
        
        <dct:identifier>easy-file:5340000</dct:identifier>
        <dct:title>Antwoordkaarten CultV2014[versie 1.0].pdf</dct:title>
        <dct:format>application/pdf</dct:format>
        <dct:extent>0.1MB</dct:extent>
        
        <accessibleToRights>KNOWN</accessibleToRights>
        <visibleToRights>ANONYMOUS</visibleToRights>
        
        
      </file><file filepath="data/SLI2014v3.0 vragenlijst.pdf">
        
        <dct:identifier>easy-file:5339999</dct:identifier>
        <dct:title>SLI2014v3.0 vragenlijst.pdf</dct:title>
        <dct:format>application/pdf</dct:format>
        <dct:extent>0.7MB</dct:extent>
        
        <accessibleToRights>KNOWN</accessibleToRights>
        <visibleToRights>ANONYMOUS</visibleToRights>
        
        
      </file><file filepath="data/CCF_CV_SLI_DANS2014.sav">
        
        <dct:identifier>easy-file:5339995</dct:identifier>
        <dct:title>CCF_CV_SLI_DANS2014.sav</dct:title>
        <dct:format>application/octet-stream</dct:format>
        <dct:extent>1.3MB</dct:extent>
        
        <accessibleToRights>RESTRICTED_REQUEST</accessibleToRights>
        <visibleToRights>ANONYMOUS</visibleToRights>
        
        
      </file><file filepath="data/doc333 variant-B-OCR.pdf">
        
        <dct:identifier>easy-file:5339992</dct:identifier>
        <dct:title>doc333 variant-B-OCR.pdf</dct:title>
        <dct:format>application/pdf</dct:format>
        <dct:extent>0.1MB</dct:extent>
        
        <accessibleToRights>KNOWN</accessibleToRights>
        <visibleToRights>ANONYMOUS</visibleToRights>
        
        
      </file><file filepath="data/Onderzoeksverantwoording CV SLI_2014_def.pdf">
        
        <dct:identifier>easy-file:5339996</dct:identifier>
        <dct:title>Onderzoeksverantwoording CV SLI_2014_def.pdf</dct:title>
        <dct:format>application/pdf</dct:format>
        <dct:extent>0.9MB</dct:extent>
        
        <accessibleToRights>KNOWN</accessibleToRights>
        <visibleToRights>ANONYMOUS</visibleToRights>
        
        
      </file><file filepath="data/Antwoordkaarten CultV2014[versie 1.0].doc">
        
        <dct:identifier>easy-file:5339994</dct:identifier>
        <dct:title>Antwoordkaarten CultV2014[versie 1.0].doc</dct:title>
        <dct:format>application/vnd.ms-word</dct:format>
        <dct:extent>0.1MB</dct:extent>
        
        <accessibleToRights>KNOWN</accessibleToRights>
        <visibleToRights>ANONYMOUS</visibleToRights>
        
        
      </file><file filepath="data/doc333 variant-A-OCR.pdf">
        
        <dct:identifier>easy-file:5339991</dct:identifier>
        <dct:title>doc333 variant-A-OCR.pdf</dct:title>
        <dct:format>application/pdf</dct:format>
        <dct:extent>0.1MB</dct:extent>
        
        <accessibleToRights>KNOWN</accessibleToRights>
        <visibleToRights>ANONYMOUS</visibleToRights>
        
        
      </file><file filepath="data/CCF_CV_SLI_DANS2014.POR">
        
        <dct:identifier>easy-file:5339989</dct:identifier>
        <dct:title>CCF_CV_SLI_DANS2014.POR</dct:title>
        <dct:format>text/plain</dct:format>
        <dct:extent>2.3MB</dct:extent>
        
        <accessibleToRights>RESTRICTED_REQUEST</accessibleToRights>
        <visibleToRights>ANONYMOUS</visibleToRights>
        
        
      </file><file filepath="data/SLI2014v3.0 vragenlijst.doc">
        
        <dct:identifier>easy-file:5339997</dct:identifier>
        <dct:title>SLI2014v3.0 vragenlijst.doc</dct:title>
        <dct:format>application/vnd.ms-word</dct:format>
        <dct:extent>0.6MB</dct:extent>
        
        <accessibleToRights>KNOWN</accessibleToRights>
        <visibleToRights>ANONYMOUS</visibleToRights>
        
        
      </file><file filepath="data/Vraagteksten en  schema's CV2014_v5.2.pdf">
        
        <dct:identifier>easy-file:5339998</dct:identifier>
        <dct:title>Vraagteksten en  schema's CV2014_v5.2.pdf</dct:title>
        <dct:format>application/pdf</dct:format>
        <dct:extent>3.2MB</dct:extent>
        
        <accessibleToRights>KNOWN</accessibleToRights>
        <visibleToRights>ANONYMOUS</visibleToRights>
        
        
      </file><file filepath="data/CCF_CV_SLI_DANS2014.DTA">
        
        <dct:identifier>easy-file:5339990</dct:identifier>
        <dct:title>CCF_CV_SLI_DANS2014.DTA</dct:title>
        <dct:format>application/octet-stream</dct:format>
        <dct:extent>1.3MB</dct:extent>
        
        <accessibleToRights>RESTRICTED_REQUEST</accessibleToRights>
        <visibleToRights>ANONYMOUS</visibleToRights>
        
        
      </file><file filepath="data/Vraagteksten en  schema's CV2014_v5.2.doc">
        
        <dct:identifier>easy-file:5339993</dct:identifier>
        <dct:title>Vraagteksten en  schema's CV2014_v5.2.doc</dct:title>
        <dct:format>application/vnd.ms-word</dct:format>
        <dct:extent>6.7MB</dct:extent>
        
        <accessibleToRights>KNOWN</accessibleToRights>
        <visibleToRights>ANONYMOUS</visibleToRights>
        
        
      </file>
    </files>