<?xml version="1.0" encoding="UTF-8"?>
<ddm:DDM xsi:schemaLocation="http://schemas.dans.knaw.nl/dataset/ddm-v2/ https://schemas.dans.knaw.nl/md/ddm/v2/ddm.xsd" xmlns:id-type="http://easy.dans.knaw.nl/schemas/vocab/identifier-type/" xmlns:ddm="http://schemas.dans.knaw.nl/dataset/ddm-v2/" xmlns:abr="http://www.den.nl/standaard/166/Archeologisch-Basisregister/" xmlns:gml="http://www.opengis.net/gml" xmlns:dcx-gml="http://easy.dans.knaw.nl/schemas/dcx/gml/" xmlns:dcx-dai="http://easy.dans.knaw.nl/schemas/dcx/dai/" xmlns:dct="http://purl.org/dc/terms/" xmlns:xsi="http://www.w3.org/2001/XMLSchema-instance" xmlns:dc="http://purl.org/dc/elements/1.1/">
     <ddm:profile>
        
       <dc:title>Culturele Veranderingen in Nederland 1983 - CV'83</dc:title>
       <dct:description>Trend study of changes in general opinions and attitudes of ( parts of ) the Dutch population.

Media exposure to news and politics / job satisfaction / prosperity / government duties on education, housing, pollution, defence expenditures, art-subsidies / feeling lonely, having fears / worrying about politics, money, health, future, unemployment, family / measures in case of firms suffering losses / income satisfaction / sufficiency of social security / social rights / church and society / religious beliefs / opinions on moral issues, war, energy, environmental and nuclear problems / ( dis- )approval of actions against government / ( in- )tolerance / influential persons and organizations in decisions of national importance / who should actually have influence / opinions on marriage and family affairs / freedom of religious doings / participation in socio-political group activities / preparedness to reduction of working hours / allocation of scarce housing according to type of person / crime and punishment / preference of economization measures in policy sectors / role of personal and social qualities in case of dismissal or promotion / opinions on modes of cohabitation, military affairs / sex-role differences / problems with household work. Background variables: basic characteristics/ residence/ household characteristics/ occupation/employment/ income/capital assets/ education/ politics/ religion/ readership, mass media, and 'cultural' exposure/ organizational membership.  

The data- and documentation files of this dataset can be downloaded via the option Data Files.</dct:description>
       
       
       <dcx-dai:creatorDetails><dcx-dai:author>
        
        <dcx-dai:initials>J.W.</dcx-dai:initials>
        
        <dcx-dai:surname>Becker</dcx-dai:surname>
        
        
        <dcx-dai:DAI>info:eu-repo/dai/nl/068409176</dcx-dai:DAI>
        
        <dcx-dai:organization>
        <dcx-dai:name>Sociaal en Cultureel Planbureau, SCP * Den Haag (primary investigator)</dcx-dai:name>
        
      </dcx-dai:organization>
      </dcx-dai:author> </dcx-dai:creatorDetails>
       <ddm:created>1984-01-31</ddm:created>
       <ddm:available>2009-10-04</ddm:available>
       <ddm:audience>D60000</ddm:audience><ddm:audience>D61000</ddm:audience>
       <ddm:accessRights>OPEN_ACCESS</ddm:accessRights>
     
        <ddm:personalData present="Unknown"/>
      </ddm:profile>
     <ddm:dcmiMetadata><dc:title>Cultural changes in the Netherlands 1983 - CV'83</dc:title>
       <dct:identifier xsi:type="id-type:EASY1">twips.dans.knaw.nl-7520842914380834771-1173171058466</dct:identifier><dct:identifier xsi:type="id-type:URN">urn:nbn:nl:ui:13-ye3-0dc</dct:identifier><dct:identifier xsi:type="id-type:DOI">10.17026/dans-xn9-nwph</dct:identifier><dct:identifier>STAR: P0828</dct:identifier><dct:identifier xsi:type="id-type:EASY2">easy-dataset:31743</dct:identifier>
       
       
       
       
       
       
       <ddm:relation href="http://nesstar.dans.knaw.nl">DANS EASY Online analysis tool</ddm:relation><ddm:relation>Gesthuizen, Maurice; Peer Scheepers; Mieke Verloo; Support for the discrimination of women on the labour market in the Netherlands: : Individual and contextual characteristics; 2002; The Netherlands' Journal Of Social Sciences; 38; 1; pages p.48-64</ddm:relation><ddm:relation>Scheepers, Peer; Jacques Janssen; Informele aspecten van sociaal kapitaal. Ontwikkelingen in Nederland 1970-1998; 2001; Mens en Maatschappij; 76; 3; pages p. 183-201</ddm:relation><ddm:relation>Castenmiller, P.; Participatie in beweging : Ontwikkelingen in politieke participatie in Nederland; 1988; Rijswijk; Sociaal en Cultureel Planbureau; 90 377 00 01 2; pages 204 pp.</ddm:relation><ddm:relation>Nas, M; Dekker, P.; Hemmers, C.; Maatschappelijke organisaties, publieke opinie en milieu; 1997; Den Haag; VUGA; 90 5250 927 1; pages 160</ddm:relation><ddm:relation>Sociaal en Cultureel Planbureau; Sociale en culturele verkenningen 1997; 1997; Den Haag; VUGA; 90 5749 103 6; pages 168</ddm:relation><ddm:relation>Gijsberts, M.; Culturele Veranderingen : Het wegen waard; 1993; Rijswijk; Sociaal en Cultureel Planbureau, SCP; pages 100 pp.</ddm:relation><ddm:relation>Bootsma, H.G.; The influence of a work oriented lifestyle on residential locationchoice of couples; 1994; Amsterdam; Postdoctorale Onderzoeksopleiding Demografie ( PDOD ); pages 16 pp.</ddm:relation><ddm:relation>Bootsma, H.G.; Influence of a work-oriented life style on residential locationchoice of couples; Delft; Delft University Press; Netherlands Journal of Housing and the Built Environment; 0920-1580; 10; 1</ddm:relation><ddm:relation>Dekker, P.\; Ester, P.; Social and political attitudes of Dutch youth, young rebels, trendsetters or law-abiding citizens; Netherlands Journal of Sociology, Sociologia Neerlandica; 24; 1</ddm:relation><ddm:relation>Knulst, W.P.; Van vaudeville tot video; 1989; Rijswijk; SCP</ddm:relation><ddm:relation>Michels, A.M.B.; Nederlandse politieke partijen en hun kiezers, 1970-1989; 1993; Enschede; TUT, Faculteit Bestuurskunde; 90-365-0616-6; pages 257 pp.</ddm:relation><ddm:relation>Dekker, P.; Ester, P.; Social and political attitudes in Dutch society; 1993; Rijswijk\; Den Haag; Sociaal en Cultureel Planbureau, SCP\; VUGA; 90-5250-337-0; pages 245 pp.</ddm:relation><ddm:relation>Sociaal en Cultureel Planbureau, SCP; Sociaal en cultureel rapport 1994; 1994; Rijswijk\; Den Haag; Sociaal en Cultureel Planbureau, SCP\; VUGA; 90-5250-617-5; 0922-8772; pages 644 pp.</ddm:relation><ddm:relation>Sociaal en Cultureel Planbureau; Sociaal en cultureel rapport 1996; September 1996; Den Haag; VUGA; 90 5250 920 4; pages 609 pp.</ddm:relation><ddm:relation>Sociaal en Cultureel Planbureau; Sociale en culturele verkenningen 1998 Cahier; 1998; Den Haag; VUGA; 90 5749 113 3; pages 190</ddm:relation><ddm:relation>Portegijs, Wil; Annemarie Boelens; Saskia Keuzekamp; Emancipatiemonitor 2002; Den Haag, Voorburg; SCP, CBS; 90-377-0110-8; SCP-publikatie 2002/13; 1569-4674</ddm:relation><ddm:relation href="http://dx.doi.org/10.17026/dans-zpa-9uwp">Thematische collectie: Culturele Veranderingen in Nederland (CV) en SCP Leefsituatie Index (SLI)</ddm:relation>
       
       <dcx-dai:contributorDetails><dcx-dai:organization>
        <dcx-dai:name>Sociaal en cultureel planbureau, SCP * Den Haag (research initiator)</dcx-dai:name>
        
      </dcx-dai:organization> </dcx-dai:contributorDetails><dcx-dai:contributorDetails><dcx-dai:organization>
        <dcx-dai:name>Nederlands Instituut voor de Publieke Opinie en het marktonderzoek, NIPO * Amsterdam (data collector)</dcx-dai:name>
        
      </dcx-dai:organization> </dcx-dai:contributorDetails>
       <dct:rightsHolder>Sociaal en Cultureel Planbureau (SCP)</dct:rightsHolder>
       
       
       
       
       
       
       <dct:subject>political science</dct:subject><dct:subject>living conditions</dct:subject><dct:subject>education</dct:subject><dct:subject>massmedia</dct:subject><dct:subject>politics, internal</dct:subject><dct:subject>personality</dct:subject><dct:subject>welfare</dct:subject><dct:subject>religion</dct:subject><dct:subject>participation</dct:subject><dct:subject>crime</dct:subject><dct:subject>family life</dct:subject><dct:subject>employment</dct:subject><dct:subject>housing</dct:subject><dct:subject>military affairs</dct:subject><dct:subject>work</dct:subject><dct:subject>energy</dct:subject>
       
       <dct:spatial>Netherlands</dct:spatial><dct:spatial>Nederland</dct:spatial>
       <dct:temporal>1983 * 1984</dct:temporal>
       <ddm:datesOfCollection>1983-11-01/1984-01-31</ddm:datesOfCollection>
       
       <dct:license xsi:type="dct:URI">http://creativecommons.org/licenses/by/4.0</dct:license>
       <ddm:language code="dut" encodingScheme="ISO639-2">nld</ddm:language>
       <dct:created>1983</dct:created>
     <ddm:inCollection subjectScheme="DANS Collection" valueURI="https://vocabularies.dans.knaw.nl/collections/ssh/7f899692-90b4-49d0-8a5f-891e73ae84c1" schemeURI="https://vocabularies.dans.knaw.nl/collections">Culturele Veranderingen in Nederland (CV) en SCP Leefsituatie Index (SLI)</ddm:inCollection><ddm:description descriptionType="SeriesInformation">
    Het Sociaal en Cultureel Planbureau (SCP) voert sinds 1975 (twee)jaarlijks het onderzoek Culturele Veranderingen in Nederland uit. De reeks bestaat inmiddels uit 30 onderzoeken en bevat zo’n 3500 variabelen en gegevens over meer dan 50.000 respondenten.

De onderzoeken Culturele Veranderingen in Nederland (CV) en SCP Leefsituatie Index (SLI) worden sinds 2004 tweejaarlijks gecombineerd uitgevoerd in samenwerking door het Sociaal Cultureel Planbureau (SCP) en het Centraal Bureau voor de Statistiek (CBS).

Doel van CV is vaststellen welke opvattingen “de Nederlander” heeft over samenleving en cultuur en hoe deze in de loop van de tijd zijn veranderd. Doel van SLI is het ontwikkelen van een indicator om de sociale leefsituatie van Nederland in kaart te brengen en het monitoren van de ontwikkeling van de sociale leefsituatie van de Nederlandse bevolking.

De onderzoeken liggen aan de basis van veel onderzoek uit het werkprogramma van het SCP. Door het CBS zullen de data vooral worden gebruikt ten behoeve van het speerpunt Sociale Samenhang.
  </ddm:description></ddm:dcmiMetadata>
   </ddm:DDM>