<?xml version='1.0' encoding='UTF-8'?>
<files xsi:schemaLocation="http://easy.dans.knaw.nl/schemas/bag/metadata/files/ http://easy.dans.knaw.nl/schemas/bag/metadata/files/files.xsd" xmlns:xsi="http://www.w3.org/2001/XMLSchema-instance" xmlns="http://easy.dans.knaw.nl/schemas/bag/metadata/files/" xmlns:afm="http://easy.dans.knaw.nl/schemas/bag/metadata/afm/" xmlns:dct="http://purl.org/dc/terms/">
    <file filepath="data/dat/p0828.cmd">
        <!--original/dat/p0828.cmd-->
        <dct:identifier>easy-file:1318944</dct:identifier>
        <dct:title>p0828.cmd</dct:title>
        <dct:format>text/plain</dct:format>
        <dct:extent>0.1MB</dct:extent>
        
        <accessibleToRights>ANONYMOUS</accessibleToRights>
        <visibleToRights>ANONYMOUS</visibleToRights>
        
        
      </file><file filepath="data/additional-metadata-P0828.xml">
        <!--original/additional-metadata-P0828.xml-->
        <dct:identifier>easy-file:3933981</dct:identifier>
        <dct:title>additional-metadata-P0828.xml</dct:title>
        <dct:format>text/xml</dct:format>
        <dct:extent>0.0MB</dct:extent>
        
        <accessibleToRights>ANONYMOUS</accessibleToRights>
        <visibleToRights>ANONYMOUS</visibleToRights>
        
        
      </file><file filepath="data/dat/p0828.pdf">
        <!--original/dat/p0828.pdf-->
        <dct:identifier>easy-file:1318943</dct:identifier>
        <dct:title>p0828.pdf</dct:title>
        <dct:format>application/pdf</dct:format>
        <dct:extent>1.6MB</dct:extent>
        
        <accessibleToRights>ANONYMOUS</accessibleToRights>
        <visibleToRights>ANONYMOUS</visibleToRights>
        
        
      </file><file filepath="data/dat/p0828.por">
        <!--original/dat/p0828.por-->
        <dct:identifier>easy-file:1318945</dct:identifier>
        <dct:title>p0828.por</dct:title>
        <dct:format>text/plain</dct:format>
        <dct:extent>1.6MB</dct:extent>
        
        <accessibleToRights>ANONYMOUS</accessibleToRights>
        <visibleToRights>ANONYMOUS</visibleToRights>
        
        
      </file><file filepath="data/dat/p0828.dat">
        <!--original/dat/p0828.dat-->
        <dct:identifier>easy-file:1318947</dct:identifier>
        <dct:title>p0828.dat</dct:title>
        <dct:format>text/plain</dct:format>
        <dct:extent>1.4MB</dct:extent>
        
        <accessibleToRights>ANONYMOUS</accessibleToRights>
        <visibleToRights>ANONYMOUS</visibleToRights>
        
        
      </file>
    </files>