<?xml version='1.0' encoding='UTF-8'?>
<emd:easymetadata emd:version="0.1" xmlns:emd="http://easy.dans.knaw.nl/easy/easymetadata/" xmlns:eas="http://easy.dans.knaw.nl/easy/easymetadata/eas/" xmlns:dct="http://purl.org/dc/terms/" xmlns:dc="http://purl.org/dc/elements/1.1/" xmlns:xsi="http://www.w3.org/2001/XMLSchema-instance" xmlns:foxml="info:fedora/fedora-system:def/foxml#">
  <emd:title>
    <dc:title>Culturele Veranderingen in Nederland 1978 - CV'78</dc:title>
    <dc:title>Cultural changes in the Netherlands 1978 - CV'78</dc:title>
  </emd:title>
  <emd:creator>
    <dc:creator>Becker, J.W., Sociaal en Cultureel Planbureau, SCP * Den Haag (primary investigator)</dc:creator>
    <eas:creator>
      <eas:initials>J.W.</eas:initials>
      <eas:surname>Becker</eas:surname>
      <eas:organization>Sociaal en Cultureel Planbureau, SCP * Den Haag (primary investigator)</eas:organization>
      <eas:entityId eas:scheme="DAI">068364121</eas:entityId>
    </eas:creator>
  </emd:creator>
  <emd:subject>
    <dc:subject>political science</dc:subject>
    <dc:subject>politics, internal</dc:subject>
    <dc:subject>welfare</dc:subject>
    <dc:subject>work</dc:subject>
    <dc:subject>discrimination</dc:subject>
    <dc:subject>law</dc:subject>
    <dc:subject>health</dc:subject>
    <dc:subject>women</dc:subject>
  </emd:subject>
  <emd:description>
    <dc:description>Trend study, changes in general opinions and attitudes of ( parts of ) the Dutch population.

Opinions on right to work, steady income, unlimited education, comfortable housing / level and abuse of social services / desirability of government measures regarding education, income, pollution, arts / measures for commercial organizations making losses/ firing personnel/ firing management/ cutting down wages/ state aid / can women with children at school have a job / type of employee which should be fired first and promoted first married, unmarried/ foreigner, Dutch/ man, woman/ someone from Surinam or from Holland/ young, old/ white, non white / having people from other race as neighbours / consulting non-official medical healers / religiousness without church attendance. Background variables: basic characteristics/ residence/ household characteristics/ occupation/employment/ income/capital assets/ education/ social class/ religion. 

The data- and documentation files of this dataset can be downloaded via the option Data Files.</dc:description>
  </emd:description>
  <emd:contributor>
    <eas:contributor>
      <eas:organization>Sociaal en cultureel planbureau, SCP * Den Haag (research initiator)</eas:organization>
      <eas:entityId eas:scheme="DAI"/>
    </eas:contributor>
    <eas:contributor>
      <eas:organization>NSS, nv. v/h Nederlandse stichting voor statistiek * Den Haag (data collector)</eas:organization>
      <eas:entityId eas:scheme="DAI"/>
    </eas:contributor>
  </emd:contributor>
  <emd:date>
    <dct:created>1978-01-01 to 1978-01-31</dct:created>
    <eas:created eas:scheme="W3CDTF" eas:format="YEAR">1978-01-01T00:00:00.000+01:00</eas:created>
    <eas:available eas:scheme="W3CDTF" eas:format="DAY">2009-10-02T00:00:00.000+02:00</eas:available>
  </emd:date>
  <emd:format/>
  <emd:identifier>
    <dc:identifier eas:scheme="AIP_ID">twips.dans.knaw.nl--6473883070860955002-1173171418005</dc:identifier>
    <dc:identifier eas:scheme="PID" eas:identification-system="http://www.persistent-identifier.nl">urn:nbn:nl:ui:13-1w8-8ts</dc:identifier>
    <dc:identifier eas:scheme="DOI" eas:identification-system="http://dx.doi.org">10.17026/dans-zkn-j4k3</dc:identifier>
    <dc:identifier>STAR: P0739</dc:identifier>
    <dc:identifier eas:scheme="DMO_ID">easy-dataset:32789</dc:identifier>
  </emd:identifier>
  <emd:source/>
  <emd:language>
    <dc:language eas:schemeId="common.dc.language" eas:scheme="ISO 639">dut/nld</dc:language>
  </emd:language>
  <emd:relation>
    <eas:relation eas:emphasis="true">
      <eas:subject-title>DANS EASY Online analysis tool</eas:subject-title>
      <eas:subject-link>http://nesstar.dans.knaw.nl</eas:subject-link>
    </eas:relation>
    <eas:relation>
      <eas:subject-title>Nas, M; Dekker, P.; Hemmers, C.; Maatschappelijke organisaties, publieke opinie en milieu; 1997; Den Haag; VUGA; 90 5250 927 1; pages 160</eas:subject-title>
    </eas:relation>
    <eas:relation>
      <eas:subject-title>Sociaal en Cultureel Planbureau; Sociale en culturele verkenningen 1997; 1997; Den Haag; VUGA; 90 5749 103 6; pages 168</eas:subject-title>
    </eas:relation>
    <eas:relation>
      <eas:subject-title>Gijsberts, M.; Culturele Veranderingen : Het wegen waard; 1993; Rijswijk; Sociaal en Cultureel Planbureau, SCP; pages 100 pp.</eas:subject-title>
    </eas:relation>
    <eas:relation>
      <eas:subject-title>Sociaal en Cultureel Planbureau, SCP; Sociaal en cultureel rapport 1994; 1994; Rijswijk\; Den Haag; Sociaal en Cultureel Planbureau, SCP\; VUGA; 90-5250-617-5; 0922-8772; pages 644 pp.</eas:subject-title>
    </eas:relation>
    <eas:relation>
      <eas:subject-title>Sociaal en Cultureel Planbureau; Sociaal en cultureel rapport 1996; September 1996; Den Haag; VUGA; 90 5250 920 4; pages 609 pp.</eas:subject-title>
    </eas:relation>
    <eas:relation>
      <eas:subject-title>Scheepers, Peer; Jacques Janssen; Informele aspecten van sociaal kapitaal. Ontwikkelingen in Nederland 1970-1998; 2001; Mens en Maatschappij; 76; 3; pages p. 183-201</eas:subject-title>
    </eas:relation>
    <eas:relation eas:emphasis="true">
      <eas:subject-title>Thematische collectie: Culturele Veranderingen in Nederland (CV) en SCP Leefsituatie Index (SLI)</eas:subject-title>
      <eas:subject-link>http://dx.doi.org/10.17026/dans-zpa-9uwp</eas:subject-link>
    </eas:relation>
  </emd:relation>
  <emd:coverage>
    <dct:spatial>Netherlands</dct:spatial>
    <dct:temporal>1978</dct:temporal>
  </emd:coverage>
  <emd:rights>
    <dct:accessRights eas:schemeId="common.dcterms.accessrights">OPEN_ACCESS</dct:accessRights>
    <dct:license eas:scheme="EASY version 1">accept</dct:license>
    <dct:license>http://creativecommons.org/licenses/by/4.0</dct:license>
    <dct:rightsHolder>Sociaal en Cultureel Planbureau (SCP)</dct:rightsHolder>
  </emd:rights>
  <emd:audience>
    <dct:audience eas:schemeId="custom.disciplines">easy-discipline:42</dct:audience>
    <dct:audience eas:schemeId="custom.disciplines">easy-discipline:51</dct:audience>
  </emd:audience>
  <emd:other>
    <eas:application-specific>
      <eas:metadataformat>SOCIOLOGY</eas:metadataformat>
    </eas:application-specific>
    <eas:etc>
      <property-list>
        <comment>Synchronization of EasyII</comment>
        <entry key="conversion.date">2011-05-19T21:59:34.186Z</entry>
        <entry key="previous.collection-id">twips.dans.knaw.nl--6473883070860955002-1173171418005</entry>
        <entry key="nl.knaw.dans.easy.tools.task.am.dataset.AudienceCorrectorTask">2011-07-20T19:01:49.274+02:00</entry>
      </property-list>
    </eas:etc>
  </emd:other>
</emd:easymetadata>