<?xml version='1.0' encoding='UTF-8'?>
<files xsi:schemaLocation="http://easy.dans.knaw.nl/schemas/bag/metadata/files/ http://easy.dans.knaw.nl/schemas/bag/metadata/files/files.xsd" xmlns:xsi="http://www.w3.org/2001/XMLSchema-instance" xmlns="http://easy.dans.knaw.nl/schemas/bag/metadata/files/" xmlns:afm="http://easy.dans.knaw.nl/schemas/bag/metadata/afm/" xmlns:dct="http://purl.org/dc/terms/">
    <file filepath="data/dat/p0739.dic">
        <!--original/dat/p0739.dic-->
        <dct:identifier>easy-file:1429699</dct:identifier>
        <dct:title>p0739.dic</dct:title>
        <dct:format>text/plain</dct:format>
        <dct:extent>0.0MB</dct:extent>
        
        <accessibleToRights>ANONYMOUS</accessibleToRights>
        <visibleToRights>ANONYMOUS</visibleToRights>
        
        
      </file><file filepath="data/dat/p0739.dat">
        <!--original/dat/p0739.dat-->
        <dct:identifier>easy-file:1429704</dct:identifier>
        <dct:title>p0739.dat</dct:title>
        <dct:format>text/plain</dct:format>
        <dct:extent>0.2MB</dct:extent>
        
        <accessibleToRights>ANONYMOUS</accessibleToRights>
        <visibleToRights>ANONYMOUS</visibleToRights>
        
        
      </file><file filepath="data/dat/p0739.por">
        <!--original/dat/p0739.por-->
        <dct:identifier>easy-file:1429702</dct:identifier>
        <dct:title>p0739.por</dct:title>
        <dct:format>text/plain</dct:format>
        <dct:extent>0.2MB</dct:extent>
        
        <accessibleToRights>ANONYMOUS</accessibleToRights>
        <visibleToRights>ANONYMOUS</visibleToRights>
        
        
      </file><file filepath="data/dat/p0739.pdf">
        <!--original/dat/p0739.pdf-->
        <dct:identifier>easy-file:1429705</dct:identifier>
        <dct:title>p0739.pdf</dct:title>
        <dct:format>application/pdf</dct:format>
        <dct:extent>0.6MB</dct:extent>
        
        <accessibleToRights>ANONYMOUS</accessibleToRights>
        <visibleToRights>ANONYMOUS</visibleToRights>
        
        
      </file><file filepath="data/dat/p0739.cmd">
        <!--original/dat/p0739.cmd-->
        <dct:identifier>easy-file:1429700</dct:identifier>
        <dct:title>p0739.cmd</dct:title>
        <dct:format>text/plain</dct:format>
        <dct:extent>0.0MB</dct:extent>
        
        <accessibleToRights>ANONYMOUS</accessibleToRights>
        <visibleToRights>ANONYMOUS</visibleToRights>
        
        
      </file><file filepath="data/additional-metadata-P0739.xml">
        <!--original/additional-metadata-P0739.xml-->
        <dct:identifier>easy-file:3934519</dct:identifier>
        <dct:title>additional-metadata-P0739.xml</dct:title>
        <dct:format>text/xml</dct:format>
        <dct:extent>0.0MB</dct:extent>
        
        <accessibleToRights>ANONYMOUS</accessibleToRights>
        <visibleToRights>ANONYMOUS</visibleToRights>
        
        
      </file><file filepath="data/dat/p0739.frq">
        <!--original/dat/p0739.frq-->
        <dct:identifier>easy-file:1429703</dct:identifier>
        <dct:title>p0739.frq</dct:title>
        <dct:format>text/plain</dct:format>
        <dct:extent>0.1MB</dct:extent>
        
        <accessibleToRights>ANONYMOUS</accessibleToRights>
        <visibleToRights>ANONYMOUS</visibleToRights>
        
        
      </file>
    </files>